"individual_id","tissue","exon_id","EXON","CONTIG_TYPE","GENE_TYPE","FRAMESHIFTS_BLAST","INFRAME_STOPS_BLAST","FRAMESHIFTS_MINIPROT","INFRAME_STOPS_MINIPROT","exon_len_bp","exon_len_kb","count","RPK","scaling_factor","TPM","logTPM1","SPECIES"
"AW_365326","Eye","AW_365326_hap1_h1tg000208l_609199-609475:-","EXON3","Not_core","Potential_pseudogene",2,1,NA,NA,277,0.277,23,83.0324909747292,0.00571280194043802,14534.4599445999,9.58434645642764,"AW"
"AW_365326","Eye","AW_365326_hap1_h1tg000208l_714147-714386:-","EXON2","Not_core","Potential_coding_gene",0,0,NA,NA,240,0.24,10,41.6666666666667,0.00571280194043802,7293.56051567787,8.89488421454689,"AW"
"AW_365326","Eye","AW_365326_hap1_h1tg000208l_720668-720945:-_AW_365326_hap1_h1tg000208l_722089-722355:-","EXON2","Not_core","Potential_coding_gene",0,0,1,0,267,0.267,28,104.868913857678,0.00571280194043802,18356.8264664252,9.81781127298489,"AW"
"AW_365326","Eye","AW_365326_hap1_h1tg000208l_720668-720945:-_AW_365326_hap1_h1tg000208l_722089-722355:-","EXON3","Not_core","Potential_coding_gene",0,0,1,0,278,0.278,28,100.719424460432,0.00571280194043802,17630.4772177537,9.77744106188477,"AW"
"AW_365326","Eye","AW_365326_hap1_h1tg000208l_760882-761158:-","EXON3","Not_core","Potential_pseudogene",2,1,NA,NA,277,0.277,31,111.913357400722,0.00571280194043802,19589.9242731564,9.88282169069117,"AW"
"AW_365326","Eye","AW_365326_hap1_h1tg000208l_997359-997618:._AW_365326_hap1_h1tg000208l_997873-998149:.","EXON2","Not_core","Potential_pseudogene",0,0,NA,NA,260,0.26,78,300,0.00571280194043802,52513.6357128806,10.8688471852125,"AW"
"AW_365326","Eye","AW_365326_hap1_h1tg000208l_997359-997618:._AW_365326_hap1_h1tg000208l_997873-998149:.","EXON3","Not_core","Potential_pseudogene",2,1,NA,NA,277,0.277,78,281.58844765343,0.00571280194043802,49290.7772034259,10.8055125551141,"AW"
"AW_365326","Eye","AW_365326_hap1_h1tg000402l_128793-129070:-_AW_365326_hap1_h1tg000402l_130510-130776:-","EXON2","Core","Potential_coding_gene",0,0,0,0,267,0.267,49,183.520599250936,0.00571280194043802,32124.4463162441,10.3774037152137,"AW"
"AW_365326","Eye","AW_365326_hap1_h1tg000402l_128793-129070:-_AW_365326_hap1_h1tg000402l_130510-130776:-","EXON3","Core","Potential_coding_gene",0,0,0,0,278,0.278,49,176.258992805755,0.00571280194043802,30853.335131069,10.3370325423483,"AW"
"AW_365326","Eye","AW_365326_hap1_h1tg000402l_141265-141540:-_AW_365326_hap1_h1tg000402l_142782-143048:-","EXON2","Core","Potential_coding_gene",0,0,0,0,267,0.267,50,187.265917602996,0.00571280194043802,32780.0472614736,10.3976057999716,"AW"
"AW_365326","Eye","AW_365326_hap1_h1tg000402l_141265-141540:-_AW_365326_hap1_h1tg000402l_142782-143048:-","EXON3","Core","Potential_coding_gene",0,0,0,0,276,0.276,50,181.159420289855,0.00571280194043802,31711.1326768603,10.3644546209271,"AW"
"AW_365326","Eye","AW_365326_hap1_h1tg000402l_162528-162803:-_AW_365326_hap1_h1tg000402l_163949-164215:-","EXON2","Core","Potential_coding_gene",0,0,0,0,267,0.267,32,119.850187265918,0.00571280194043802,20979.2302473431,9.95133585650127,"AW"
"AW_365326","Eye","AW_365326_hap1_h1tg000402l_162528-162803:-_AW_365326_hap1_h1tg000402l_163949-164215:-","EXON3","Core","Potential_coding_gene",0,0,0,0,276,0.276,32,115.942028985507,0.00571280194043802,20295.1249131906,9.91818525583204,"AW"
"AW_365326","Eye","AW_365326_hap1_h1tg000402l_190268-190545:-_AW_365326_hap1_h1tg000402l_191287-191553:-","EXON2","Core","Potential_coding_gene",0,0,0,0,267,0.267,112,419.475655430712,0.00571280194043802,73427.3058657008,11.2040647787605,"AW"
"AW_365326","Eye","AW_365326_hap1_h1tg000402l_190268-190545:-_AW_365326_hap1_h1tg000402l_191287-191553:-","EXON3","Core","Potential_coding_gene",0,0,0,0,278,0.278,112,402.877697841727,0.00571280194043802,70521.9088710148,11.1636928845411,"AW"
"AW_365326","Eye","AW_365326_hap1_h1tg000402l_203975-204250:-_AW_365326_hap1_h1tg000402l_205321-205587:-","EXON2","Core","Potential_coding_gene",0,0,0,0,267,0.267,92,344.569288389513,0.00571280194043802,60315.2869611113,11.0073574451027,"AW"
"AW_365326","Eye","AW_365326_hap1_h1tg000402l_203975-204250:-_AW_365326_hap1_h1tg000402l_205321-205587:-","EXON3","Core","Potential_coding_gene",0,0,0,0,276,0.276,92,333.333333333333,0.00571280194043802,58348.4841254229,10.9742057966375,"AW"
"AW_365326","Eye","AW_365326_hap1_h1tg000402l_223277-223554:-_AW_365326_hap1_h1tg000402l_224668-224934:-","EXON2","Core","Potential_coding_gene",0,0,0,0,267,0.267,63,235.955056179775,0.00571280194043802,41302.8595494567,10.6287112261435,"AW"
"AW_365326","Eye","AW_365326_hap1_h1tg000402l_223277-223554:-_AW_365326_hap1_h1tg000402l_224668-224934:-","EXON3","Core","Potential_coding_gene",0,0,0,0,278,0.278,63,226.618705035971,0.00571280194043802,39668.5737399458,10.5883397683018,"AW"
"AW_365326","Eye","AW_365326_hap1_h1tg000402l_60655-60921:._AW_365326_hap1_h1tg000402l_61453-61730:.","EXON2","Core","Potential_coding_gene",0,0,0,0,267,0.267,136,509.36329588015,0.00571280194043802,89161.7285512081,11.3982183898939,"AW"
"AW_365326","Eye","AW_365326_hap1_h1tg000402l_60655-60921:._AW_365326_hap1_h1tg000402l_61453-61730:.","EXON3","Core","Potential_coding_gene",0,0,0,0,278,0.278,136,489.208633093525,0.00571280194043802,85633.7464862322,11.3578463966631,"AW"
"AW_365326","Eye","AW_365326_hap1_h1tg000402l_87430-87696:._AW_365326_hap1_h1tg000402l_88790-89067:.","EXON2","Core","Potential_coding_gene",0,0,0,0,267,0.267,104,389.513108614232,0.00571280194043802,68182.498303865,11.1299578542005,"AW"
"AW_365326","Eye","AW_365326_hap1_h1tg000402l_87430-87696:._AW_365326_hap1_h1tg000402l_88790-89067:.","EXON3","Core","Potential_coding_gene",0,0,0,0,278,0.278,104,374.10071942446,0.00571280194043802,65484.6296659423,11.0895860031398,"AW"
"AW_365326","Eye","AW_365326_hap2_h2tg000217l_495781-496057:-","EXON3","Not_core","Potential_pseudogene",2,1,0,0,277,0.277,0,0,0.00571280194043802,0,0,"AW"
"AW_365326","Eye","AW_365326_hap2_h2tg000217l_600090-600330:-","EXON2","Not_core","Potential_coding_gene",0,0,0,0,241,0.241,0,0,0.00571280194043802,0,0,"AW"
"AW_365326","Eye","AW_365326_hap2_h2tg000217l_606618-606895:-_AW_365326_hap2_h2tg000217l_608041-608307:-","EXON2","Not_core","Potential_coding_gene",0,0,0,0,267,0.267,0,0,0.00571280194043802,0,0,"AW"
"AW_365326","Eye","AW_365326_hap2_h2tg000217l_606618-606895:-_AW_365326_hap2_h2tg000217l_608041-608307:-","EXON3","Not_core","Potential_coding_gene",0,0,0,0,278,0.278,0,0,0.00571280194043802,0,0,"AW"
"AW_365326","Eye","AW_365326_hap2_h2tg000217l_646882-647158:-","EXON3","Not_core","Potential_pseudogene",2,1,NA,NA,277,0.277,0,0,0.00571280194043802,0,0,"AW"
"AW_365326","Eye","AW_365326_hap2_h2tg000217l_826024-826283:._AW_365326_hap2_h2tg000217l_826538-826814:.","EXON2","Not_core","Potential_pseudogene",0,0,NA,NA,260,0.26,0,0,0.00571280194043802,0,0,"AW"
"AW_365326","Eye","AW_365326_hap2_h2tg000217l_826024-826283:._AW_365326_hap2_h2tg000217l_826538-826814:.","EXON3","Not_core","Potential_pseudogene",2,1,NA,NA,277,0.277,0,0,0.00571280194043802,0,0,"AW"
"AW_365326","Eye","AW_365326_hap2_h2tg000670l_105355-105621:._AW_365326_hap2_h2tg000670l_106613-106890:.","EXON2","Core","Potential_coding_gene",0,0,0,0,267,0.267,0,0,0.00571280194043802,0,0,"AW"
"AW_365326","Eye","AW_365326_hap2_h2tg000670l_105355-105621:._AW_365326_hap2_h2tg000670l_106613-106890:.","EXON3","Core","Potential_coding_gene",0,0,0,0,278,0.278,0,0,0.00571280194043802,0,0,"AW"
"AW_365326","Eye","AW_365326_hap2_h2tg000670l_118836-119102:._AW_365326_hap2_h2tg000670l_120278-120555:.","EXON2","Core","Potential_coding_gene",0,0,0,0,267,0.267,0,0,0.00571280194043802,0,0,"AW"
"AW_365326","Eye","AW_365326_hap2_h2tg000670l_118836-119102:._AW_365326_hap2_h2tg000670l_120278-120555:.","EXON3","Core","Potential_coding_gene",0,0,0,0,278,0.278,0,0,0.00571280194043802,0,0,"AW"
"AW_365326","Eye","AW_365326_hap2_h2tg000670l_126820-127086:._AW_365326_hap2_h2tg000670l_128273-128550:.","EXON2","Core","Potential_coding_gene",0,0,0,0,267,0.267,0,0,0.00571280194043802,0,0,"AW"
"AW_365326","Eye","AW_365326_hap2_h2tg000670l_126820-127086:._AW_365326_hap2_h2tg000670l_128273-128550:.","EXON3","Core","Potential_coding_gene",0,0,0,0,278,0.278,0,0,0.00571280194043802,0,0,"AW"
"AW_365326","Eye","AW_365326_hap2_h2tg000670l_145914-146156:._AW_365326_hap2_h2tg000670l_147215-147492:.","EXON2","Core","Potential_coding_gene",0,0,0,0,243,0.243,0,0,0.00571280194043802,0,0,"AW"
"AW_365326","Eye","AW_365326_hap2_h2tg000670l_145914-146156:._AW_365326_hap2_h2tg000670l_147215-147492:.","EXON3","Core","Potential_coding_gene",0,0,0,0,278,0.278,0,0,0.00571280194043802,0,0,"AW"
"AW_365326","Eye","AW_365326_hap2_h2tg000670l_175416-175682:._AW_365326_hap2_h2tg000670l_177132-177409:.","EXON2","Core","Potential_coding_gene",0,0,1,0,267,0.267,0,0,0.00571280194043802,0,0,"AW"
"AW_365326","Eye","AW_365326_hap2_h2tg000670l_175416-175682:._AW_365326_hap2_h2tg000670l_177132-177409:.","EXON3","Core","Potential_coding_gene",0,0,1,0,278,0.278,0,0,0.00571280194043802,0,0,"AW"
"AW_365326","Eye","AW_365326_hap2_h2tg000670l_197831-198108:.","EXON3","Core","Potential_coding_gene",0,0,0,0,278,0.278,0,0,0.00571280194043802,0,0,"AW"
"AW_365326","Eye","AW_365326_hap2_h2tg000670l_259835-260101:._AW_365326_hap2_h2tg000670l_261165-261442:.","EXON2","Core","Potential_coding_gene",0,0,NA,NA,267,0.267,0,0,0.00571280194043802,0,0,"AW"
"AW_365326","Eye","AW_365326_hap2_h2tg000670l_259835-260101:._AW_365326_hap2_h2tg000670l_261165-261442:.","EXON3","Core","Potential_coding_gene",0,0,0,0,278,0.278,0,0,0.00571280194043802,0,0,"AW"
"AW_365326","Eye","AW_365326_hap2_h2tg000670l_280887-281164:.","EXON3","Core","Potential_coding_gene",0,0,0,0,278,0.278,0,0,0.00571280194043802,0,0,"AW"
"AW_365326","Eye","AW_365326_hap2_h2tg000670l_293847-294113:._AW_365326_hap2_h2tg000670l_295129-295406:.","EXON2","Core","Potential_coding_gene",0,0,0,0,267,0.267,0,0,0.00571280194043802,0,0,"AW"
"AW_365326","Eye","AW_365326_hap2_h2tg000670l_293847-294113:._AW_365326_hap2_h2tg000670l_295129-295406:.","EXON3","Core","Potential_coding_gene",0,0,0,0,278,0.278,0,0,0.00571280194043802,0,0,"AW"
"AW_365326","Eye","AW_365326_hap2_h2tg000670l_309477-309754:-_AW_365326_hap2_h2tg000670l_311199-311465:-","EXON2","Core","Potential_coding_gene",0,0,0,0,267,0.267,0,0,0.00571280194043802,0,0,"AW"
"AW_365326","Eye","AW_365326_hap2_h2tg000670l_309477-309754:-_AW_365326_hap2_h2tg000670l_311199-311465:-","EXON3","Core","Potential_coding_gene",0,0,0,0,278,0.278,0,0,0.00571280194043802,0,0,"AW"
"AW_365326","Eye","AW_365326_hap2_h2tg000670l_324551-324826:-_AW_365326_hap2_h2tg000670l_326032-326298:-","EXON2","Core","Potential_coding_gene",0,0,0,0,267,0.267,0,0,0.00571280194043802,0,0,"AW"
"AW_365326","Eye","AW_365326_hap2_h2tg000670l_324551-324826:-_AW_365326_hap2_h2tg000670l_326032-326298:-","EXON3","Core","Potential_coding_gene",0,0,0,0,276,0.276,0,0,0.00571280194043802,0,0,"AW"
"AW_365326","Eye","AW_365326_hap2_h2tg000670l_341351-341628:-_AW_365326_hap2_h2tg000670l_342370-342636:-","EXON2","Core","Potential_coding_gene",0,0,0,0,267,0.267,0,0,0.00571280194043802,0,0,"AW"
"AW_365326","Eye","AW_365326_hap2_h2tg000670l_341351-341628:-_AW_365326_hap2_h2tg000670l_342370-342636:-","EXON3","Core","Potential_coding_gene",0,0,0,0,278,0.278,0,0,0.00571280194043802,0,0,"AW"
"AW_365326","Eye","AW_365326_hap2_h2tg000670l_72817-73083:._AW_365326_hap2_h2tg000670l_74094-74371:.","EXON2","Core","Potential_coding_gene",0,0,0,0,267,0.267,0,0,0.00571280194043802,0,0,"AW"
"AW_365326","Eye","AW_365326_hap2_h2tg000670l_72817-73083:._AW_365326_hap2_h2tg000670l_74094-74371:.","EXON3","Core","Potential_coding_gene",0,0,0,0,278,0.278,0,0,0.00571280194043802,0,0,"AW"
"AW_365326","Eye","AW_365326_hap2_h2tg000670l_88567-88844:.","EXON3","Core","Potential_coding_gene",0,0,0,0,278,0.278,0,0,0.00571280194043802,0,0,"AW"
"AW_365326","Heart","AW_365326_hap1_h1tg000208l_609199-609475:-","EXON3","Not_core","Potential_pseudogene",2,1,NA,NA,277,0.277,6,21.6606498194946,0.0319326988203925,678.321927668135,6.52109513547627,"AW"
"AW_365326","Heart","AW_365326_hap1_h1tg000208l_714147-714386:-","EXON2","Not_core","Potential_coding_gene",0,0,NA,NA,240,0.24,13,54.1666666666667,0.0319326988203925,1696.27587606455,7.43677981894243,"AW"
"AW_365326","Heart","AW_365326_hap1_h1tg000208l_720668-720945:-_AW_365326_hap1_h1tg000208l_722089-722355:-","EXON2","Not_core","Potential_coding_gene",0,0,1,0,267,0.267,26,97.378277153558,0.0319326988203925,3049.48472101492,8.02305578189715,"AW"
"AW_365326","Heart","AW_365326_hap1_h1tg000208l_720668-720945:-_AW_365326_hap1_h1tg000208l_722089-722355:-","EXON3","Not_core","Potential_coding_gene",0,0,1,0,278,0.278,26,93.5251798561151,0.0319326988203925,2928.82165651433,7.98269683207473,"AW"
"AW_365326","Heart","AW_365326_hap1_h1tg000208l_760882-761158:-","EXON3","Not_core","Potential_pseudogene",2,1,NA,NA,277,0.277,7,25.2707581227437,0.0319326988203925,791.37558227949,6.6750354994575,"AW"
"AW_365326","Heart","AW_365326_hap1_h1tg000208l_997359-997618:._AW_365326_hap1_h1tg000208l_997873-998149:.","EXON2","Not_core","Potential_pseudogene",0,0,NA,NA,260,0.26,38,146.153846153846,0.0319326988203925,4576.93372476589,8.4290030235108,"AW"
"AW_365326","Heart","AW_365326_hap1_h1tg000208l_997359-997618:._AW_365326_hap1_h1tg000208l_997873-998149:.","EXON3","Not_core","Potential_pseudogene",2,1,NA,NA,277,0.277,38,137.184115523466,0.0319326988203925,4296.03887523152,8.36568143079749,"AW"
"AW_365326","Heart","AW_365326_hap1_h1tg000402l_128793-129070:-_AW_365326_hap1_h1tg000402l_130510-130776:-","EXON2","Core","Potential_coding_gene",0,0,0,0,267,0.267,195,730.337078651685,0.0319326988203925,22871.1354076119,10.0376746542195,"AW"
"AW_365326","Heart","AW_365326_hap1_h1tg000402l_128793-129070:-_AW_365326_hap1_h1tg000402l_130510-130776:-","EXON3","Core","Potential_coding_gene",0,0,0,0,278,0.278,195,701.438848920863,0.0319326988203925,21966.1624238575,9.99730400018045,"AW"
"AW_365326","Heart","AW_365326_hap1_h1tg000402l_141265-141540:-_AW_365326_hap1_h1tg000402l_142782-143048:-","EXON2","Core","Potential_coding_gene",0,0,0,0,267,0.267,257,962.546816479401,0.0319326988203925,30142.9835884937,10.313740632939,"AW"
"AW_365326","Heart","AW_365326_hap1_h1tg000402l_141265-141540:-_AW_365326_hap1_h1tg000402l_142782-143048:-","EXON3","Core","Potential_coding_gene",0,0,0,0,276,0.276,257,931.159420289855,0.0319326988203925,29160.060210608,10.2805895438501,"AW"
"AW_365326","Heart","AW_365326_hap1_h1tg000402l_162528-162803:-_AW_365326_hap1_h1tg000402l_163949-164215:-","EXON2","Core","Potential_coding_gene",0,0,0,0,267,0.267,197,737.827715355805,0.0319326988203925,23105.7111553823,10.0478783805223,"AW"
"AW_365326","Heart","AW_365326_hap1_h1tg000402l_162528-162803:-_AW_365326_hap1_h1tg000402l_163949-164215:-","EXON3","Core","Potential_coding_gene",0,0,0,0,276,0.276,197,713.768115942029,0.0319326988203925,22352.2640524894,10.0147276319955,"AW"
"AW_365326","Heart","AW_365326_hap1_h1tg000402l_190268-190545:-_AW_365326_hap1_h1tg000402l_191287-191553:-","EXON2","Core","Potential_coding_gene",0,0,0,0,267,0.267,413,1546.81647940075,0.0319326988203925,48439.8919145832,10.7880996102676,"AW"
"AW_365326","Heart","AW_365326_hap1_h1tg000402l_190268-190545:-_AW_365326_hap1_h1tg000402l_191287-191553:-","EXON3","Core","Potential_coding_gene",0,0,0,0,278,0.278,413,1485.61151079137,0.0319326988203925,46523.2055438623,10.747728005467,"AW"
"AW_365326","Heart","AW_365326_hap1_h1tg000402l_203975-204250:-_AW_365326_hap1_h1tg000402l_205321-205587:-","EXON2","Core","Potential_coding_gene",0,0,0,0,267,0.267,330,1235.95505617978,0.0319326988203925,38704.9983821125,10.5637498639609,"AW"
"AW_365326","Heart","AW_365326_hap1_h1tg000402l_203975-204250:-_AW_365326_hap1_h1tg000402l_205321-205587:-","EXON3","Core","Potential_coding_gene",0,0,0,0,276,0.276,330,1195.65217391304,0.0319326988203925,37442.8788696523,10.5305985275129,"AW"
"AW_365326","Heart","AW_365326_hap1_h1tg000402l_223277-223554:-_AW_365326_hap1_h1tg000402l_224668-224934:-","EXON2","Core","Potential_coding_gene",0,0,0,0,267,0.267,190,711.610486891386,0.0319326988203925,22284.696038186,10.0117003183767,"AW"
"AW_365326","Heart","AW_365326_hap1_h1tg000402l_223277-223554:-_AW_365326_hap1_h1tg000402l_224668-224934:-","EXON3","Core","Potential_coding_gene",0,0,0,0,278,0.278,190,683.453237410072,0.0319326988203925,21402.9274899124,9.97132971173682,"AW"
"AW_365326","Heart","AW_365326_hap1_h1tg000402l_60655-60921:._AW_365326_hap1_h1tg000402l_61453-61730:.","EXON2","Core","Potential_coding_gene",0,0,0,0,267,0.267,632,2367.04119850187,0.0319326988203925,74125.9362954396,11.2135342579884,"AW"
"AW_365326","Heart","AW_365326_hap1_h1tg000402l_60655-60921:._AW_365326_hap1_h1tg000402l_61453-61730:.","EXON3","Core","Potential_coding_gene",0,0,0,0,278,0.278,632,2273.38129496403,0.0319326988203925,71192.8956506561,11.173162358481,"AW"
"AW_365326","Heart","AW_365326_hap1_h1tg000402l_87430-87696:._AW_365326_hap1_h1tg000402l_88790-89067:.","EXON2","Core","Potential_coding_gene",0,0,0,0,267,0.267,296,1108.61423220974,0.0319326988203925,34717.210670016,10.4550196314444,"AW"
"AW_365326","Heart","AW_365326_hap1_h1tg000402l_87430-87696:._AW_365326_hap1_h1tg000402l_88790-89067:.","EXON3","Core","Potential_coding_gene",0,0,0,0,278,0.278,296,1064.74820143885,0.0319326988203925,33343.5080895478,10.4146483628073,"AW"
"AW_365326","Heart","AW_365326_hap2_h2tg000217l_495781-496057:-","EXON3","Not_core","Potential_pseudogene",2,1,0,0,277,0.277,5,18.0505415162455,0.0319326988203925,565.268273056779,6.33906794657552,"AW"
"AW_365326","Heart","AW_365326_hap2_h2tg000217l_600090-600330:-","EXON2","Not_core","Potential_coding_gene",0,0,0,0,241,0.241,6,24.896265560166,0.0319326988203925,779.648024747192,6.66012437571749,"AW"
"AW_365326","Heart","AW_365326_hap2_h2tg000217l_606618-606895:-_AW_365326_hap2_h2tg000217l_608041-608307:-","EXON2","Not_core","Potential_coding_gene",0,0,0,0,267,0.267,14,52.4344569288389,0.0319326988203925,1642.03023439265,7.40429751981114,"AW"
"AW_365326","Heart","AW_365326_hap2_h2tg000217l_606618-606895:-_AW_365326_hap2_h2tg000217l_608041-608307:-","EXON3","Not_core","Potential_coding_gene",0,0,0,0,278,0.278,14,50.3597122302158,0.0319326988203925,1577.05781504618,7.36395013891348,"AW"
"AW_365326","Heart","AW_365326_hap2_h2tg000217l_646882-647158:-","EXON3","Not_core","Potential_pseudogene",2,1,NA,NA,277,0.277,13,46.9314079422383,0.0319326988203925,1469.69750994762,7.2934920637979,"AW"
"AW_365326","Heart","AW_365326_hap2_h2tg000217l_826024-826283:._AW_365326_hap2_h2tg000217l_826538-826814:.","EXON2","Not_core","Potential_pseudogene",0,0,NA,NA,260,0.26,40,153.846153846154,0.0319326988203925,4817.82497343778,8.48028539588067,"AW"
"AW_365326","Heart","AW_365326_hap2_h2tg000217l_826024-826283:._AW_365326_hap2_h2tg000217l_826538-826814:.","EXON3","Not_core","Potential_pseudogene",2,1,NA,NA,277,0.277,40,144.404332129964,0.0319326988203925,4522.14618445423,8.41696308919748,"AW"
"AW_365326","Heart","AW_365326_hap2_h2tg000670l_105355-105621:._AW_365326_hap2_h2tg000670l_106613-106890:.","EXON2","Core","Potential_coding_gene",0,0,0,0,267,0.267,167,625.468164794007,0.0319326988203925,19587.0749388266,9.88267623856671,"AW"
"AW_365326","Heart","AW_365326_hap2_h2tg000670l_105355-105621:._AW_365326_hap2_h2tg000670l_106613-106890:.","EXON3","Core","Potential_coding_gene",0,0,0,0,278,0.278,167,600.719424460432,0.0319326988203925,18812.0467937651,9.84230588651815,"AW"
"AW_365326","Heart","AW_365326_hap2_h2tg000670l_118836-119102:._AW_365326_hap2_h2tg000670l_120278-120555:.","EXON2","Core","Potential_coding_gene",0,0,0,0,267,0.267,119,445.692883895131,0.0319326988203925,13957.2569923375,9.54382651123863,"AW"
"AW_365326","Heart","AW_365326_hap2_h2tg000670l_118836-119102:._AW_365326_hap2_h2tg000670l_120278-120555:.","EXON3","Core","Potential_coding_gene",0,0,0,0,278,0.278,119,428.057553956835,0.0319326988203925,13404.9914278925,9.50345700749449,"AW"
"AW_365326","Heart","AW_365326_hap2_h2tg000670l_126820-127086:._AW_365326_hap2_h2tg000670l_128273-128550:.","EXON2","Core","Potential_coding_gene",0,0,0,0,267,0.267,94,352.059925093633,0.0319326988203925,11025.0601452078,9.30801685398763,"AW"
"AW_365326","Heart","AW_365326_hap2_h2tg000670l_126820-127086:._AW_365326_hap2_h2tg000670l_128273-128550:.","EXON3","Core","Potential_coding_gene",0,0,0,0,278,0.278,94,338.129496402878,0.0319326988203925,10588.8167581672,9.26764813515653,"AW"
"AW_365326","Heart","AW_365326_hap2_h2tg000670l_145914-146156:._AW_365326_hap2_h2tg000670l_147215-147492:.","EXON2","Core","Potential_coding_gene",0,0,0,0,243,0.243,95,390.946502057613,0.0319326988203925,12242.8268357935,9.41277715718463,"AW"
"AW_365326","Heart","AW_365326_hap2_h2tg000670l_145914-146156:._AW_365326_hap2_h2tg000670l_147215-147492:.","EXON3","Core","Potential_coding_gene",0,0,0,0,278,0.278,95,341.726618705036,0.0319326988203925,10701.4637449562,9.27822925048299,"AW"
"AW_365326","Heart","AW_365326_hap2_h2tg000670l_175416-175682:._AW_365326_hap2_h2tg000670l_177132-177409:.","EXON2","Core","Potential_coding_gene",0,0,1,0,267,0.267,107,400.749063670412,0.0319326988203925,12549.8025057153,9.43753988719406,"AW"
"AW_365326","Heart","AW_365326_hap2_h2tg000670l_175416-175682:._AW_365326_hap2_h2tg000670l_177132-177409:.","EXON3","Core","Potential_coding_gene",0,0,1,0,278,0.278,107,384.892086330935,0.0319326988203925,12053.2275864244,9.39717071443754,"AW"
"AW_365326","Heart","AW_365326_hap2_h2tg000670l_197831-198108:.","EXON3","Core","Potential_coding_gene",0,0,0,0,278,0.278,47,169.064748201439,0.0319326988203925,5294.4083790836,8.57459538047861,"AW"
"AW_365326","Heart","AW_365326_hap2_h2tg000670l_259835-260101:._AW_365326_hap2_h2tg000670l_261165-261442:.","EXON2","Core","Potential_coding_gene",0,0,NA,NA,267,0.267,41,153.558052434457,0.0319326988203925,4808.80282929276,8.47841137042859,"AW"
"AW_365326","Heart","AW_365326_hap2_h2tg000670l_259835-260101:._AW_365326_hap2_h2tg000670l_261165-261442:.","EXON3","Core","Potential_coding_gene",0,0,0,0,278,0.278,41,147.482014388489,0.0319326988203925,4618.52645834952,8.43804748062974,"AW"
"AW_365326","Heart","AW_365326_hap2_h2tg000670l_280887-281164:.","EXON3","Core","Potential_coding_gene",0,0,0,0,278,0.278,7,25.1798561151079,0.0319326988203925,788.528907523089,6.6714364480008,"AW"
"AW_365326","Heart","AW_365326_hap2_h2tg000670l_293847-294113:._AW_365326_hap2_h2tg000670l_295129-295406:.","EXON2","Core","Potential_coding_gene",0,0,0,0,267,0.267,62,232.209737827715,0.0319326988203925,7271.84818088174,8.8919032655907,"AW"
"AW_365326","Heart","AW_365326_hap2_h2tg000670l_293847-294113:._AW_365326_hap2_h2tg000670l_295129-295406:.","EXON3","Core","Potential_coding_gene",0,0,0,0,278,0.278,62,223.021582733813,0.0319326988203925,6984.11318091879,8.8515364749841,"AW"
"AW_365326","Heart","AW_365326_hap2_h2tg000670l_309477-309754:-_AW_365326_hap2_h2tg000670l_311199-311465:-","EXON2","Core","Potential_coding_gene",0,0,0,0,267,0.267,147,550.561797752809,0.0319326988203925,17241.3174611228,9.75512195868266,"AW"
"AW_365326","Heart","AW_365326_hap2_h2tg000670l_309477-309754:-_AW_365326_hap2_h2tg000670l_311199-311465:-","EXON3","Core","Potential_coding_gene",0,0,0,0,278,0.278,147,528.776978417266,0.0319326988203925,16559.1070579849,9.71475189277251,"AW"
"AW_365326","Heart","AW_365326_hap2_h2tg000670l_324551-324826:-_AW_365326_hap2_h2tg000670l_326032-326298:-","EXON2","Core","Potential_coding_gene",0,0,0,0,267,0.267,447,1674.15730337079,0.0319326988203925,52427.6796266796,10.8672090417034,"AW"
"AW_365326","Heart","AW_365326_hap2_h2tg000670l_324551-324826:-_AW_365326_hap2_h2tg000670l_326032-326298:-","EXON3","Core","Potential_coding_gene",0,0,0,0,276,0.276,447,1619.5652173913,0.0319326988203925,50718.0813779835,10.8340574773143,"AW"
"AW_365326","Heart","AW_365326_hap2_h2tg000670l_341351-341628:-_AW_365326_hap2_h2tg000670l_342370-342636:-","EXON2","Core","Potential_coding_gene",0,0,0,0,267,0.267,253,947.565543071161,0.0319326988203925,29673.8320929529,10.2980545612631,"AW"
"AW_365326","Heart","AW_365326_hap2_h2tg000670l_341351-341628:-_AW_365326_hap2_h2tg000670l_342370-342636:-","EXON3","Core","Potential_coding_gene",0,0,0,0,278,0.278,253,910.071942446043,0.0319326988203925,28499.6876576202,10.2576834943032,"AW"
"AW_365326","Heart","AW_365326_hap2_h2tg000670l_72817-73083:._AW_365326_hap2_h2tg000670l_74094-74371:.","EXON2","Core","Potential_coding_gene",0,0,0,0,267,0.267,113,423.220973782772,0.0319326988203925,13253.5297490264,9.49209464084192,"AW"
"AW_365326","Heart","AW_365326_hap2_h2tg000670l_72817-73083:._AW_365326_hap2_h2tg000670l_74094-74371:.","EXON3","Core","Potential_coding_gene",0,0,0,0,278,0.278,113,406.474820143885,0.0319326988203925,12729.1095071584,9.45172529380498,"AW"
"AW_365326","Heart","AW_365326_hap2_h2tg000670l_88567-88844:.","EXON3","Core","Potential_coding_gene",0,0,0,0,278,0.278,27,97.1223021582734,0.0319326988203925,3041.46864330334,8.02042451858124,"AW"
"AW_365327","Heart","AW_365327_hap1_h1tg000312l_126759-127036:-_AW_365327_hap1_h1tg000312l_128524-128790:-","EXON2","Core","Potential_coding_gene",0,0,0,1,267,0.267,89,333.333333333333,0.0191824364160326,17377.0070758444,9.76296072457161,"AW"
"AW_365327","Heart","AW_365327_hap1_h1tg000312l_126759-127036:-_AW_365327_hap1_h1tg000312l_128524-128790:-","EXON3","Core","Potential_coding_gene",0,0,0,1,278,0.278,89,320.143884892086,0.0191824364160326,16689.4276591743,9.72259064000491,"AW"
"AW_365327","Heart","AW_365327_hap1_h1tg000312l_14466-14732:._AW_365327_hap1_h1tg000312l_15922-16199:.","EXON2","Core","Potential_coding_gene",0,0,0,0,267,0.267,266,996.25468164794,0.0191824364160326,51935.7739570181,10.8577823723332,"AW"
"AW_365327","Heart","AW_365327_hap1_h1tg000312l_14466-14732:._AW_365327_hap1_h1tg000312l_15922-16199:.","EXON3","Core","Potential_coding_gene",0,0,0,0,278,0.278,266,956.834532374101,0.0191824364160326,49880.761318431,10.8174107102858,"AW"
"AW_365327","Heart","AW_365327_hap1_h1tg000312l_204546-204823:-_AW_365327_hap1_h1tg000312l_205887-206153:-","EXON2","Core","Potential_coding_gene",0,0,0,1,267,0.267,134,501.87265917603,0.0191824364160326,26163.1342490241,10.1721448301268,"AW"
"AW_365327","Heart","AW_365327_hap1_h1tg000312l_204546-204823:-_AW_365327_hap1_h1tg000312l_205887-206153:-","EXON3","Core","Potential_coding_gene",0,0,0,1,278,0.278,134,482.014388489209,0.0191824364160326,25127.9023183074,10.1317739494526,"AW"
"AW_365327","Heart","AW_365327_hap1_h1tg000312l_31574-31816:._AW_365327_hap1_h1tg000312l_32875-33152:.","EXON2","Core","Potential_coding_gene",0,0,0,0,243,0.243,133,547.325102880659,0.0191824364160326,28532.6165566334,10.2588381994627,"AW"
"AW_365327","Heart","AW_365327_hap1_h1tg000312l_31574-31816:._AW_365327_hap1_h1tg000312l_32875-33152:.","EXON3","Core","Potential_coding_gene",0,0,0,0,278,0.278,133,478.41726618705,0.0191824364160326,24940.3806592155,10.1242835769325,"AW"
"AW_365327","Heart","AW_365327_hap1_h1tg000312l_45745-46011:._AW_365327_hap1_h1tg000312l_47183-47460:.","EXON2","Core","Potential_coding_gene",0,0,0,0,267,0.267,122,456.928838951311,0.0191824364160326,23820.1670028429,10.0783298342719,"AW"
"AW_365327","Heart","AW_365327_hap1_h1tg000312l_45745-46011:._AW_365327_hap1_h1tg000312l_47183-47460:.","EXON3","Core","Potential_coding_gene",0,0,0,0,278,0.278,122,438.848920863309,0.0191824364160326,22877.6424092052,10.0379591084713,"AW"
"AW_365327","Heart","AW_365327_hap1_h1tg000312l_77710-77976:._AW_365327_hap1_h1tg000312l_78800-79077:.","EXON2","Core","Potential_coding_gene",0,0,0,0,267,0.267,260,973.78277153558,0.0191824364160326,50764.2903339274,10.8349681388941,"AW"
"AW_365327","Heart","AW_365327_hap1_h1tg000312l_77710-77976:._AW_365327_hap1_h1tg000312l_78800-79077:.","EXON3","Core","Potential_coding_gene",0,0,0,0,278,0.278,260,935.251798561151,0.0191824364160326,48755.63136388,10.7945964951521,"AW"
"AW_365327","Heart","AW_365327_hap1_h1tg000312l_85355-85621:._AW_365327_hap1_h1tg000312l_86757-87034:.","EXON2","Core","Potential_coding_gene",0,0,0,0,267,0.267,232,868.913857677903,0.0191824364160326,45297.3667595045,10.7210262569471,"AW"
"AW_365327","Heart","AW_365327_hap1_h1tg000312l_85355-85621:._AW_365327_hap1_h1tg000312l_86757-87034:.","EXON3","Core","Potential_coding_gene",0,0,0,0,278,0.278,232,834.532374100719,0.0191824364160326,43505.0249093083,10.6806547111483,"AW"
"AW_365327","Heart","AW_365327_hap2_h2tg000119l_1007756-1008015:._AW_365327_hap2_h2tg000119l_1008270-1008546:.","EXON2","Not_core","Potential_pseudogene",0,0,NA,NA,260,0.26,0,0,0.0191824364160326,0,0,"AW"
"AW_365327","Heart","AW_365327_hap2_h2tg000119l_1007756-1008015:._AW_365327_hap2_h2tg000119l_1008270-1008546:.","EXON3","Not_core","Potential_pseudogene",2,1,NA,NA,277,0.277,0,0,0.0191824364160326,0,0,"AW"
"AW_365327","Heart","AW_365327_hap2_h2tg000119l_631053-631329:-","EXON3","Not_core","Potential_pseudogene",2,1,NA,NA,277,0.277,0,0,0.0191824364160326,0,0,"AW"
"AW_365327","Heart","AW_365327_hap2_h2tg000119l_735402-735642:-","EXON2","Not_core","Potential_coding_gene",0,0,NA,NA,241,0.241,0,0,0.0191824364160326,0,0,"AW"
"AW_365327","Heart","AW_365327_hap2_h2tg000119l_741915-742192:-_AW_365327_hap2_h2tg000119l_743336-743602:-","EXON2","Not_core","Potential_coding_gene",0,0,1,0,267,0.267,0,0,0.0191824364160326,0,0,"AW"
"AW_365327","Heart","AW_365327_hap2_h2tg000119l_741915-742192:-_AW_365327_hap2_h2tg000119l_743336-743602:-","EXON3","Not_core","Potential_coding_gene",0,0,1,0,278,0.278,0,0,0.0191824364160326,0,0,"AW"
"AW_365327","Heart","AW_365327_hap2_h2tg000119l_782135-782411:-","EXON3","Not_core","Potential_pseudogene",2,1,NA,NA,277,0.277,4,14.4404332129964,0.0191824364160326,752.79453036149,6.62511982471954,"AW"
"AW_365327","Heart","AW_365327_hap2_h2tg000287l_373555-373831:-","EXON3","Not_core","Potential_pseudogene",2,1,NA,NA,277,0.277,4,14.4404332129964,0.0191824364160326,752.79453036149,6.62511982471954,"AW"
"AW_365327","Heart","AW_365327_hap2_h2tg000287l_478505-478745:-","EXON2","Not_core","Potential_coding_gene",0,0,NA,NA,241,0.241,4,16.597510373444,0.0191824364160326,865.245165602211,6.76416796965415,"AW"
"AW_365327","Heart","AW_365327_hap2_h2tg000287l_485024-485301:-_AW_365327_hap2_h2tg000287l_486445-486711:-","EXON2","Not_core","Potential_coding_gene",0,0,2,0,267,0.267,8,29.9625468164794,0.0191824364160326,1561.97816412084,7.35434835983179,"AW"
"AW_365327","Heart","AW_365327_hap2_h2tg000287l_485024-485301:-_AW_365327_hap2_h2tg000287l_486445-486711:-","EXON3","Not_core","Potential_coding_gene",0,0,2,0,278,0.278,8,28.7769784172662,0.0191824364160326,1500.17327273477,7.3140022631687,"AW"
"AW_365327","Heart","AW_365327_hap2_h2tg000287l_524351-524627:-","EXON3","Not_core","Potential_pseudogene",2,1,NA,NA,277,0.277,1,3.6101083032491,0.0191824364160326,188.198632590373,5.24279742926805,"AW"
"AW_365327","Heart","AW_365327_hap2_h2tg000493l_118326-118603:-_AW_365327_hap2_h2tg000493l_120071-120337:-","EXON2","Core","Potential_coding_gene",0,0,0,0,267,0.267,115,430.711610486891,0.0191824364160326,22453.4361092371,10.0192434731708,"AW"
"AW_365327","Heart","AW_365327_hap2_h2tg000493l_118326-118603:-_AW_365327_hap2_h2tg000493l_120071-120337:-","EXON3","Core","Potential_coding_gene",0,0,0,0,278,0.278,115,413.669064748201,0.0191824364160326,21564.9907955623,9.97887285263873,"AW"
"AW_365327","Heart","AW_365327_hap2_h2tg000493l_131175-131452:-_AW_365327_hap2_h2tg000493l_132570-132836:-","EXON2","Core","Potential_coding_gene",0,0,0,0,267,0.267,143,535.580524344569,0.0191824364160326,27920.3596836601,10.237147254962,"AW"
"AW_365327","Heart","AW_365327_hap2_h2tg000493l_131175-131452:-_AW_365327_hap2_h2tg000493l_132570-132836:-","EXON3","Core","Potential_coding_gene",0,0,0,0,278,0.278,143,514.388489208633,0.0191824364160326,26815.597250134,10.1967762751897,"AW"
"AW_365327","Heart","AW_365327_hap2_h2tg000493l_143100-143377:-_AW_365327_hap2_h2tg000493l_144211-144477:-","EXON2","Core","Potential_coding_gene",0,0,NA,NA,267,0.267,335,1254.68164794007,0.0191824364160326,65407.8356225604,11.0884126295823,"AW"
"AW_365327","Heart","AW_365327_hap2_h2tg000493l_143100-143377:-_AW_365327_hap2_h2tg000493l_144211-144477:-","EXON3","Core","Potential_coding_gene",0,0,NA,NA,278,0.278,335,1205.03597122302,0.0191824364160326,62819.7557957684,11.0480408041532,"AW"
"AW_365327","Heart","AW_365327_hap2_h2tg000493l_16215-16481:._AW_365327_hap2_h2tg000493l_17948-18225:.","EXON2","Core","Potential_coding_gene",0,0,0,0,267,0.267,145,543.071161048689,0.0191824364160326,28310.8542246903,10.2510358731243,"AW"
"AW_365327","Heart","AW_365327_hap2_h2tg000493l_16215-16481:._AW_365327_hap2_h2tg000493l_17948-18225:.","EXON3","Core","Potential_coding_gene",0,0,0,0,278,0.278,145,521.58273381295,0.0191824364160326,27190.6405683177,10.2106648730008,"AW"
"AW_365327","Heart","AW_365327_hap2_h2tg000493l_34599-34876:-_AW_365327_hap2_h2tg000493l_35821-36087:-","EXON2","Core","Potential_coding_gene",0,0,0,0,267,0.267,170,636.704119850187,0.0191824364160326,33192.0359875679,10.4100953734914,"AW"
"AW_365327","Heart","AW_365327_hap2_h2tg000493l_34599-34876:-_AW_365327_hap2_h2tg000493l_35821-36087:-","EXON3","Core","Potential_coding_gene",0,0,0,0,278,0.278,170,611.510791366906,0.0191824364160326,31878.6820456138,10.3697241593793,"AW"
"AW_365327","Heart","AW_365327_hap2_h2tg000493l_73361-73638:-_AW_365327_hap2_h2tg000493l_74766-75032:-","EXON2","Core","Potential_coding_gene",0,0,0,0,267,0.267,178,666.666666666667,0.0191824364160326,34754.0141516888,10.4560791327188,"AW"
"AW_365327","Heart","AW_365327_hap2_h2tg000493l_73361-73638:-_AW_365327_hap2_h2tg000493l_74766-75032:-","EXON3","Core","Potential_coding_gene",0,0,0,0,278,0.278,178,640.287769784173,0.0191824364160326,33378.8553183486,10.415707862825,"AW"
"AW_365327","Heart","AW_365327_hap2_h2tg000806l_37980-38257:-_AW_365327_hap2_h2tg000806l_39581-39847:-","EXON2","Core","Potential_coding_gene",0,0,0,0,267,0.267,92,344.569288389513,0.0191824364160326,17962.7488873897,9.79611105545204,"AW"
"AW_365327","Heart","AW_365327_hap2_h2tg000806l_37980-38257:-_AW_365327_hap2_h2tg000806l_39581-39847:-","EXON3","Core","Potential_coding_gene",0,0,0,0,278,0.278,92,330.935251798561,0.0191824364160326,17251.9926364498,9.75574089358352,"AW"
"AW_365327","Heart","AW_365327_hap2_h2tg000806l_83130-83407:-_AW_365327_hap2_h2tg000806l_84363-84629:-","EXON2","Core","Potential_coding_gene",0,0,0,0,267,0.267,133,498.12734082397,0.0191824364160326,25967.886978509,10.164654445768,"AW"
"AW_365327","Heart","AW_365327_hap2_h2tg000806l_83130-83407:-_AW_365327_hap2_h2tg000806l_84363-84629:-","EXON3","Core","Potential_coding_gene",0,0,0,0,278,0.278,133,478.41726618705,0.0191824364160326,24940.3806592155,10.1242835769325,"AW"
"AW_365327","Heart","AW_365327_hap2_h2tg000806l_97355-97630:-_AW_365327_hap2_h2tg000806l_98713-98979:-","EXON2","Core","Potential_coding_gene",0,0,1,0,267,0.267,44,164.794007490637,0.0191824364160326,8590.87990266464,9.05857283884191,"AW"
"AW_365327","Heart","AW_365327_hap2_h2tg000806l_97355-97630:-_AW_365327_hap2_h2tg000806l_98713-98979:-","EXON3","Core","Potential_coding_gene",0,0,1,0,276,0.276,44,159.420289855072,0.0191824364160326,8310.74251453427,9.02542455474081,"AW"
"AW_365327","Liver","AW_365327_hap1_h1tg000312l_126759-127036:-_AW_365327_hap1_h1tg000312l_128524-128790:-","EXON2","Core","Potential_coding_gene",0,0,0,1,267,0.267,160,599.250936329588,0.046535928357761,12877.1673302108,9.46328870150733,"AW"
"AW_365327","Liver","AW_365327_hap1_h1tg000312l_126759-127036:-_AW_365327_hap1_h1tg000312l_128524-128790:-","EXON3","Core","Potential_coding_gene",0,0,0,1,278,0.278,160,575.539568345324,0.046535928357761,12367.6391264974,9.42291944530847,"AW"
"AW_365327","Liver","AW_365327_hap1_h1tg000312l_14466-14732:._AW_365327_hap1_h1tg000312l_15922-16199:.","EXON2","Core","Potential_coding_gene",0,0,0,0,267,0.267,890,3333.33333333333,0.046535928357761,71629.2432742973,11.1792726558654,"AW"
"AW_365327","Liver","AW_365327_hap1_h1tg000312l_14466-14732:._AW_365327_hap1_h1tg000312l_15922-16199:.","EXON3","Core","Potential_coding_gene",0,0,0,0,278,0.278,890,3201.43884892086,0.046535928357761,68794.9926411417,11.13890077573,"AW"
"AW_365327","Liver","AW_365327_hap1_h1tg000312l_204546-204823:-_AW_365327_hap1_h1tg000312l_205887-206153:-","EXON2","Core","Potential_coding_gene",0,0,0,1,267,0.267,193,722.846441947565,0.046535928357761,15533.0830920667,9.6507917980104,"AW"
"AW_365327","Liver","AW_365327_hap1_h1tg000312l_204546-204823:-_AW_365327_hap1_h1tg000312l_205887-206153:-","EXON3","Core","Potential_coding_gene",0,0,0,1,278,0.278,193,694.244604316547,0.046535928357761,14918.4646963375,9.61042199485255,"AW"
"AW_365327","Liver","AW_365327_hap1_h1tg000312l_31574-31816:._AW_365327_hap1_h1tg000312l_32875-33152:.","EXON2","Core","Potential_coding_gene",0,0,0,0,243,0.243,360,1481.48148148148,0.046535928357761,31835.219233021,10.3683598902263,"AW"
"AW_365327","Liver","AW_365327_hap1_h1tg000312l_31574-31816:._AW_365327_hap1_h1tg000312l_32875-33152:.","EXON3","Core","Potential_coding_gene",0,0,0,0,278,0.278,360,1294.96402877698,0.046535928357761,27827.1880346191,10.2338047440503,"AW"
"AW_365327","Liver","AW_365327_hap1_h1tg000312l_45745-46011:._AW_365327_hap1_h1tg000312l_47183-47460:.","EXON2","Core","Potential_coding_gene",0,0,0,0,267,0.267,347,1299.62546816479,0.046535928357761,27927.3566473946,10.2373978189481,"AW"
"AW_365327","Liver","AW_365327_hap1_h1tg000312l_45745-46011:._AW_365327_hap1_h1tg000312l_47183-47460:.","EXON3","Core","Potential_coding_gene",0,0,0,0,278,0.278,347,1248.20143884892,0.046535928357761,26822.3173555912,10.1970268388061,"AW"
"AW_365327","Liver","AW_365327_hap1_h1tg000312l_77710-77976:._AW_365327_hap1_h1tg000312l_78800-79077:.","EXON2","Core","Potential_coding_gene",0,0,0,0,267,0.267,609,2280.89887640449,0.046535928357761,49013.7181506147,10.7998759024113,"AW"
"AW_365327","Liver","AW_365327_hap1_h1tg000312l_77710-77976:._AW_365327_hap1_h1tg000312l_78800-79077:.","EXON3","Core","Potential_coding_gene",0,0,0,0,278,0.278,609,2190.64748201439,0.046535928357761,47074.3264252307,10.7595042876538,"AW"
"AW_365327","Liver","AW_365327_hap1_h1tg000312l_85355-85621:._AW_365327_hap1_h1tg000312l_86757-87034:.","EXON2","Core","Potential_coding_gene",0,0,0,0,267,0.267,432,1617.97752808989,0.046535928357761,34768.351791569,10.4564915820777,"AW"
"AW_365327","Liver","AW_365327_hap1_h1tg000312l_85355-85621:._AW_365327_hap1_h1tg000312l_86757-87034:.","EXON3","Core","Potential_coding_gene",0,0,0,0,278,0.278,432,1553.95683453237,0.046535928357761,33392.6256415429,10.4161203116952,"AW"
"AW_365327","Liver","AW_365327_hap2_h2tg000119l_1007756-1008015:._AW_365327_hap2_h2tg000119l_1008270-1008546:.","EXON2","Not_core","Potential_pseudogene",0,0,NA,NA,260,0.26,2,7.69230769230769,0.046535928357761,165.298253709917,5.1137828853014,"AW"
"AW_365327","Liver","AW_365327_hap2_h2tg000119l_1007756-1008015:._AW_365327_hap2_h2tg000119l_1008270-1008546:.","EXON3","Not_core","Potential_pseudogene",2,1,NA,NA,277,0.277,2,7.22021660649819,0.046535928357761,155.153595539994,5.05084010965672,"AW"
"AW_365327","Liver","AW_365327_hap2_h2tg000119l_631053-631329:-","EXON3","Not_core","Potential_pseudogene",2,1,NA,NA,277,0.277,0,0,0.046535928357761,0,0,"AW"
"AW_365327","Liver","AW_365327_hap2_h2tg000119l_735402-735642:-","EXON2","Not_core","Potential_coding_gene",0,0,NA,NA,241,0.241,0,0,0.046535928357761,0,0,"AW"
"AW_365327","Liver","AW_365327_hap2_h2tg000119l_741915-742192:-_AW_365327_hap2_h2tg000119l_743336-743602:-","EXON2","Not_core","Potential_coding_gene",0,0,1,0,267,0.267,0,0,0.046535928357761,0,0,"AW"
"AW_365327","Liver","AW_365327_hap2_h2tg000119l_741915-742192:-_AW_365327_hap2_h2tg000119l_743336-743602:-","EXON3","Not_core","Potential_coding_gene",0,0,1,0,278,0.278,0,0,0.046535928357761,0,0,"AW"
"AW_365327","Liver","AW_365327_hap2_h2tg000119l_782135-782411:-","EXON3","Not_core","Potential_pseudogene",2,1,NA,NA,277,0.277,0,0,0.046535928357761,0,0,"AW"
"AW_365327","Liver","AW_365327_hap2_h2tg000287l_373555-373831:-","EXON3","Not_core","Potential_pseudogene",2,1,NA,NA,277,0.277,3,10.8303249097473,0.046535928357761,232.730393309991,5.45416828576303,"AW"
"AW_365327","Liver","AW_365327_hap2_h2tg000287l_478505-478745:-","EXON2","Not_core","Potential_coding_gene",0,0,NA,NA,241,0.241,2,8.29875518672199,0.046535928357761,178.330066243064,5.18922805335225,"AW"
"AW_365327","Liver","AW_365327_hap2_h2tg000287l_485024-485301:-_AW_365327_hap2_h2tg000287l_486445-486711:-","EXON2","Not_core","Potential_coding_gene",0,0,2,0,267,0.267,0,0,0.046535928357761,0,0,"AW"
"AW_365327","Liver","AW_365327_hap2_h2tg000287l_485024-485301:-_AW_365327_hap2_h2tg000287l_486445-486711:-","EXON3","Not_core","Potential_coding_gene",0,0,2,0,278,0.278,0,0,0.046535928357761,0,0,"AW"
"AW_365327","Liver","AW_365327_hap2_h2tg000287l_524351-524627:-","EXON3","Not_core","Potential_pseudogene",2,1,NA,NA,277,0.277,2,7.22021660649819,0.046535928357761,155.153595539994,5.05084010965672,"AW"
"AW_365327","Liver","AW_365327_hap2_h2tg000493l_118326-118603:-_AW_365327_hap2_h2tg000493l_120071-120337:-","EXON2","Core","Potential_coding_gene",0,0,0,0,267,0.267,314,1176.02996254682,0.046535928357761,25271.4408855386,10.137469787943,"AW"
"AW_365327","Liver","AW_365327_hap2_h2tg000493l_118326-118603:-_AW_365327_hap2_h2tg000493l_120071-120337:-","EXON3","Core","Potential_coding_gene",0,0,0,0,278,0.278,314,1129.4964028777,0.046535928357761,24271.4917857511,10.0970989628263,"AW"
"AW_365327","Liver","AW_365327_hap2_h2tg000493l_131175-131452:-_AW_365327_hap2_h2tg000493l_132570-132836:-","EXON2","Core","Potential_coding_gene",0,0,0,0,267,0.267,411,1539.32584269663,0.046535928357761,33078.2235794789,10.406660677867,"AW"
"AW_365327","Liver","AW_365327_hap2_h2tg000493l_131175-131452:-_AW_365327_hap2_h2tg000493l_132570-132836:-","EXON3","Core","Potential_coding_gene",0,0,0,0,278,0.278,411,1478.41726618705,0.046535928357761,31769.3730061902,10.3662894680253,"AW"
"AW_365327","Liver","AW_365327_hap2_h2tg000493l_143100-143377:-_AW_365327_hap2_h2tg000493l_144211-144477:-","EXON2","Core","Potential_coding_gene",0,0,NA,NA,267,0.267,1119,4191.01123595506,0.046535928357761,90059.6890156615,11.4082390444554,"AW"
"AW_365327","Liver","AW_365327_hap2_h2tg000493l_143100-143377:-_AW_365327_hap2_h2tg000493l_144211-144477:-","EXON3","Core","Potential_coding_gene",0,0,NA,NA,278,0.278,1119,4025.17985611511,0.046535928357761,86496.1761409411,11.3678670466176,"AW"
"AW_365327","Liver","AW_365327_hap2_h2tg000493l_16215-16481:._AW_365327_hap2_h2tg000493l_17948-18225:.","EXON2","Core","Potential_coding_gene",0,0,0,0,267,0.267,215,805.243445692884,0.046535928357761,17303.6935999707,9.75873305004564,"AW"
"AW_365327","Liver","AW_365327_hap2_h2tg000493l_16215-16481:._AW_365327_hap2_h2tg000493l_17948-18225:.","EXON3","Core","Potential_coding_gene",0,0,0,0,278,0.278,215,773.381294964029,0.046535928357761,16619.0150762309,9.7183629755228,"AW"
"AW_365327","Liver","AW_365327_hap2_h2tg000493l_34599-34876:-_AW_365327_hap2_h2tg000493l_35821-36087:-","EXON2","Core","Potential_coding_gene",0,0,0,0,267,0.267,474,1775.2808988764,0.046535928357761,38148.6082157494,10.5492707670858,"AW"
"AW_365327","Liver","AW_365327_hap2_h2tg000493l_34599-34876:-_AW_365327_hap2_h2tg000493l_35821-36087:-","EXON3","Core","Potential_coding_gene",0,0,0,0,278,0.278,474,1705.03597122302,0.046535928357761,36639.1309122485,10.5088993917142,"AW"
"AW_365327","Liver","AW_365327_hap2_h2tg000493l_73361-73638:-_AW_365327_hap2_h2tg000493l_74766-75032:-","EXON2","Core","Potential_coding_gene",0,0,0,0,267,0.267,361,1352.05992509363,0.046535928357761,29054.108788788,10.2769496087386,"AW"
"AW_365327","Liver","AW_365327_hap2_h2tg000493l_73361-73638:-_AW_365327_hap2_h2tg000493l_74766-75032:-","EXON3","Core","Potential_coding_gene",0,0,0,0,278,0.278,361,1298.56115107914,0.046535928357761,27904.4857791597,10.2365785713907,"AW"
"AW_365327","Liver","AW_365327_hap2_h2tg000806l_37980-38257:-_AW_365327_hap2_h2tg000806l_39581-39847:-","EXON2","Core","Potential_coding_gene",0,0,0,0,267,0.267,239,895.131086142322,0.046535928357761,19235.2686995023,9.86455277087466,"AW"
"AW_365327","Liver","AW_365327_hap2_h2tg000806l_37980-38257:-_AW_365327_hap2_h2tg000806l_39581-39847:-","EXON3","Core","Potential_coding_gene",0,0,0,0,278,0.278,239,859.712230215827,0.046535928357761,18474.1609452055,9.82418245729161,"AW"
"AW_365327","Liver","AW_365327_hap2_h2tg000806l_83130-83407:-_AW_365327_hap2_h2tg000806l_84363-84629:-","EXON2","Core","Potential_coding_gene",0,0,0,0,267,0.267,139,520.59925093633,0.046535928357761,11187.0391181206,9.32260055075126,"AW"
"AW_365327","Liver","AW_365327_hap2_h2tg000806l_83130-83407:-_AW_365327_hap2_h2tg000806l_84363-84629:-","EXON3","Core","Potential_coding_gene",0,0,0,0,278,0.278,139,500,0.046535928357761,10744.3864911446,9.28223177782429,"AW"
"AW_365327","Liver","AW_365327_hap2_h2tg000806l_97355-97630:-_AW_365327_hap2_h2tg000806l_98713-98979:-","EXON2","Core","Potential_coding_gene",0,0,1,0,267,0.267,51,191.011235955056,0.046535928357761,4104.59708650468,8.32010646478171,"AW"
"AW_365327","Liver","AW_365327_hap2_h2tg000806l_97355-97630:-_AW_365327_hap2_h2tg000806l_98713-98979:-","EXON3","Core","Potential_coding_gene",0,0,1,0,276,0.276,51,184.782608695652,0.046535928357761,3970.75152933605,8.28696246765351,"AW"
"AW_365335","Eye","AW_365335_hap1_h1tg000422l_296121-296397:-","EXON3","Not_core","Potential_pseudogene",2,1,NA,NA,277,0.277,37,133.574007220217,0.00416795446224983,32047.8566716668,10.3750167884416,"AW"
"AW_365335","Eye","AW_365335_hap1_h1tg000422l_401063-401303:-","EXON2","Not_core","Potential_coding_gene",0,0,NA,NA,241,0.241,49,203.319502074689,0.00416795446224983,48781.6035218721,10.7951290430777,"AW"
"AW_365335","Eye","AW_365335_hap1_h1tg000422l_407584-407861:-_AW_365335_hap1_h1tg000422l_409005-409271:-","EXON2","Not_core","Potential_coding_gene",0,0,1,0,267,0.267,87,325.842696629213,0.00416795446224983,78178.0846169145,11.2667574306178,"AW"
"AW_365335","Eye","AW_365335_hap1_h1tg000422l_407584-407861:-_AW_365335_hap1_h1tg000422l_409005-409271:-","EXON3","Not_core","Potential_coding_gene",0,0,1,0,278,0.278,87,312.94964028777,0.00416795446224983,75084.7071680438,11.2263855023033,"AW"
"AW_365335","Eye","AW_365335_hap1_h1tg000422l_447814-448090:-","EXON3","Not_core","Potential_pseudogene",2,1,NA,NA,277,0.277,14,50.5415162454874,0.00416795446224983,12126.216037928,9.40320746512069,"AW"
"AW_365335","Eye","AW_365335_hap1_h1tg000422l_683335-683594:._AW_365335_hap1_h1tg000422l_683847-684122:.","EXON2","Not_core","Potential_pseudogene",0,0,NA,NA,260,0.26,0,0,0.00416795446224983,0,0,"AW"
"AW_365335","Eye","AW_365335_hap1_h1tg000422l_683335-683594:._AW_365335_hap1_h1tg000422l_683847-684122:.","EXON3","Not_core","Potential_pseudogene",3,1,NA,NA,276,0.276,0,0,0.00416795446224983,0,0,"AW"
"AW_365335","Eye","AW_365335_hap1_h1tg000504l_18407-18684:-_AW_365335_hap1_h1tg000504l_19880-20123:-","EXON2","Not_core","Potential_coding_gene",0,0,0,0,244,0.244,55,225.409836065574,0.00416795446224983,54081.6455907005,10.8982686294667,"AW"
"AW_365335","Eye","AW_365335_hap1_h1tg000504l_18407-18684:-_AW_365335_hap1_h1tg000504l_19880-20123:-","EXON3","Not_core","Potential_coding_gene",0,0,0,0,278,0.278,55,197.841726618705,0.00416795446224983,47467.3436119817,10.767818317572,"AW"
"AW_365335","Eye","AW_365335_hap1_h1tg000504l_4590-4867:-_AW_365335_hap1_h1tg000504l_5640-5906:-","EXON2","Not_core","Potential_coding_gene",0,0,NA,NA,267,0.267,28,104.868913857678,0.00416795446224983,25160.7628652139,10.1330807745448,"AW"
"AW_365335","Eye","AW_365335_hap1_h1tg000504l_4590-4867:-_AW_365335_hap1_h1tg000504l_5640-5906:-","EXON3","Not_core","Potential_coding_gene",0,0,NA,NA,278,0.278,28,100.719424460432,0.00416795446224983,24165.1931115543,10.0927099565987,"AW"
"AW_365335","Eye","AW_365335_hap1_h1tg000511l_123591-123857:._AW_365335_hap1_h1tg000511l_125297-125574:.","EXON2","Core","Potential_coding_gene",0,0,0,0,267,0.267,37,138.576779026217,0.00416795446224983,33248.1509290326,10.411784509789,"AW"
"AW_365335","Eye","AW_365335_hap1_h1tg000511l_123591-123857:._AW_365335_hap1_h1tg000511l_125297-125574:.","EXON3","Core","Potential_coding_gene",0,0,0,0,278,0.278,37,133.093525179856,0.00416795446224983,31932.5766116968,10.3714132935822,"AW"
"AW_365335","Eye","AW_365335_hap1_h1tg000511l_143813-144079:._AW_365335_hap1_h1tg000511l_145543-145820:.","EXON2","Core","Potential_coding_gene",0,0,0,0,267,0.267,19,71.1610486891386,0.00416795446224983,17073.3748013951,9.74533406891624,"AW"
"AW_365335","Eye","AW_365335_hap1_h1tg000511l_143813-144079:._AW_365335_hap1_h1tg000511l_145543-145820:.","EXON3","Core","Potential_coding_gene",0,0,0,0,278,0.278,19,68.3453237410072,0.00416795446224983,16397.8096114119,9.70496402650789,"AW"
"AW_365335","Eye","AW_365335_hap1_h1tg000511l_183484-183761:-_AW_365335_hap1_h1tg000511l_184795-185061:-","EXON2","Core","Potential_coding_gene",0,0,0,0,267,0.267,59,220.973782771536,0.00416795446224983,53017.3217517006,10.8783928262244,"AW"
"AW_365335","Eye","AW_365335_hap1_h1tg000511l_183484-183761:-_AW_365335_hap1_h1tg000511l_184795-185061:-","EXON3","Core","Potential_coding_gene",0,0,0,0,278,0.278,59,212.230215827338,0.00416795446224983,50919.5140564895,10.8380211479953,"AW"
"AW_365335","Eye","AW_365335_hap1_h1tg000511l_228470-228747:-_AW_365335_hap1_h1tg000511l_229695-229961:-","EXON2","Core","Potential_coding_gene",0,0,0,0,267,0.267,103,385.767790262172,0.00416795446224983,92555.6633970367,11.4355763132169,"AW"
"AW_365335","Eye","AW_365335_hap1_h1tg000511l_228470-228747:-_AW_365335_hap1_h1tg000511l_229695-229961:-","EXON3","Core","Potential_coding_gene",0,0,0,0,278,0.278,103,370.503597122302,0.00416795446224983,88893.3889460748,11.395204303043,"AW"
"AW_365335","Eye","AW_365335_hap1_h1tg000511l_51089-51355:._AW_365335_hap1_h1tg000511l_52637-52912:.","EXON2","Core","Potential_coding_gene",0,0,0,0,267,0.267,68,254.681647940075,0.00416795446224983,61104.7098155194,11.0203605911293,"AW"
"AW_365335","Eye","AW_365335_hap1_h1tg000511l_51089-51355:._AW_365335_hap1_h1tg000511l_52637-52912:.","EXON3","Core","Potential_coding_gene",0,0,0,0,276,0.276,68,246.376811594203,0.00416795446224983,59112.1649302307,10.9872089354443,"AW"
"AW_365335","Eye","AW_365335_hap1_h1tg000511l_89868-90134:._AW_365335_hap1_h1tg000511l_91180-91457:.","EXON2","Core","Potential_coding_gene",0,0,0,0,267,0.267,56,209.737827715356,0.00416795446224983,50321.5257304277,10.8262080834857,"AW"
"AW_365335","Eye","AW_365335_hap1_h1tg000511l_89868-90134:._AW_365335_hap1_h1tg000511l_91180-91457:.","EXON3","Core","Potential_coding_gene",0,0,0,0,278,0.278,56,201.438848920863,0.00416795446224983,48330.3862231086,10.785836446884,"AW"
"AW_365335","Eye","AW_365335_hap2_h2tg000169l_1142-1417:-_AW_365335_hap2_h2tg000169l_1672-1929:-","EXON2","Not_core","Potential_pseudogene",2,0,NA,NA,258,0.258,0,0,0.00416795446224983,0,0,"AW"
"AW_365335","Eye","AW_365335_hap2_h2tg000169l_1142-1417:-_AW_365335_hap2_h2tg000169l_1672-1929:-","EXON3","Not_core","Potential_pseudogene",3,1,NA,NA,276,0.276,0,0,0.00416795446224983,0,0,"AW"
"AW_365335","Eye","AW_365335_hap2_h2tg000169l_228632-228908:.","EXON3","Not_core","Potential_pseudogene",2,1,NA,NA,277,0.277,0,0,0.00416795446224983,0,0,"AW"
"AW_365335","Eye","AW_365335_hap2_h2tg000169l_266548-266814:._AW_365335_hap2_h2tg000169l_267958-268235:.","EXON2","Not_core","Potential_coding_gene",0,0,0,0,267,0.267,0,0,0.00416795446224983,0,0,"AW"
"AW_365335","Eye","AW_365335_hap2_h2tg000169l_266548-266814:._AW_365335_hap2_h2tg000169l_267958-268235:.","EXON3","Not_core","Potential_coding_gene",0,0,0,0,278,0.278,0,0,0.00416795446224983,0,0,"AW"
"AW_365335","Eye","AW_365335_hap2_h2tg000169l_274514-274754:.","EXON2","Not_core","Potential_coding_gene",0,0,NA,NA,241,0.241,0,0,0.00416795446224983,0,0,"AW"
"AW_365335","Eye","AW_365335_hap2_h2tg000169l_380312-380588:.","EXON3","Not_core","Potential_pseudogene",2,1,NA,NA,277,0.277,0,0,0.00416795446224983,0,0,"AW"
"AW_365335","Eye","AW_365335_hap2_h2tg000348l_113197-113474:-_AW_365335_hap2_h2tg000348l_115060-115326:-","EXON2","Core","Potential_coding_gene",0,0,1,0,267,0.267,0,0,0.00416795446224983,0,0,"AW"
"AW_365335","Eye","AW_365335_hap2_h2tg000348l_113197-113474:-_AW_365335_hap2_h2tg000348l_115060-115326:-","EXON3","Core","Potential_coding_gene",0,0,1,0,278,0.278,0,0,0.00416795446224983,0,0,"AW"
"AW_365335","Eye","AW_365335_hap2_h2tg000348l_13115-13381:._AW_365335_hap2_h2tg000348l_14509-14786:.","EXON2","Core","Potential_coding_gene",0,0,0,0,267,0.267,0,0,0.00416795446224983,0,0,"AW"
"AW_365335","Eye","AW_365335_hap2_h2tg000348l_13115-13381:._AW_365335_hap2_h2tg000348l_14509-14786:.","EXON3","Core","Potential_coding_gene",0,0,0,0,278,0.278,0,0,0.00416795446224983,0,0,"AW"
"AW_365335","Eye","AW_365335_hap2_h2tg000348l_32842-33108:._AW_365335_hap2_h2tg000348l_34043-34320:.","EXON2","Core","Potential_coding_gene",0,0,0,0,267,0.267,0,0,0.00416795446224983,0,0,"AW"
"AW_365335","Eye","AW_365335_hap2_h2tg000348l_32842-33108:._AW_365335_hap2_h2tg000348l_34043-34320:.","EXON3","Core","Potential_coding_gene",0,0,0,0,278,0.278,0,0,0.00416795446224983,0,0,"AW"
"AW_365335","Eye","AW_365335_hap2_h2tg000348l_56156-56422:._AW_365335_hap2_h2tg000348l_57592-57867:.","EXON2","Core","Potential_coding_gene",0,0,0,0,267,0.267,0,0,0.00416795446224983,0,0,"AW"
"AW_365335","Eye","AW_365335_hap2_h2tg000348l_56156-56422:._AW_365335_hap2_h2tg000348l_57592-57867:.","EXON3","Core","Potential_coding_gene",0,0,0,0,276,0.276,0,0,0.00416795446224983,0,0,"AW"
"AW_365335","Eye","AW_365335_hap2_h2tg000348l_85857-86123:._AW_365335_hap2_h2tg000348l_87096-87373:.","EXON2","Core","Potential_coding_gene",0,0,0,0,267,0.267,0,0,0.00416795446224983,0,0,"AW"
"AW_365335","Eye","AW_365335_hap2_h2tg000348l_85857-86123:._AW_365335_hap2_h2tg000348l_87096-87373:.","EXON3","Core","Potential_coding_gene",0,0,0,0,278,0.278,0,0,0.00416795446224983,0,0,"AW"
"AW_365335","Eye","AW_365335_hap2_h2tg000433l_18407-18684:-_AW_365335_hap2_h2tg000433l_19880-20123:-","EXON2","Not_core","Potential_coding_gene",0,0,0,0,244,0.244,0,0,0.00416795446224983,0,0,"AW"
"AW_365335","Eye","AW_365335_hap2_h2tg000433l_18407-18684:-_AW_365335_hap2_h2tg000433l_19880-20123:-","EXON3","Not_core","Potential_coding_gene",0,0,0,0,278,0.278,0,0,0.00416795446224983,0,0,"AW"
"AW_365335","Eye","AW_365335_hap2_h2tg000433l_4590-4867:-_AW_365335_hap2_h2tg000433l_5640-5906:-","EXON2","Not_core","Potential_coding_gene",0,0,NA,NA,267,0.267,0,0,0.00416795446224983,0,0,"AW"
"AW_365335","Eye","AW_365335_hap2_h2tg000433l_4590-4867:-_AW_365335_hap2_h2tg000433l_5640-5906:-","EXON3","Not_core","Potential_coding_gene",0,0,NA,NA,278,0.278,0,0,0.00416795446224983,0,0,"AW"
"AW_365335","Liver","AW_365335_hap1_h1tg000422l_296121-296397:-","EXON3","Not_core","Potential_pseudogene",2,1,NA,NA,277,0.277,8,28.8808664259928,0.0120319470267807,2400.34853558695,7.78378574836295,"AW"
"AW_365335","Liver","AW_365335_hap1_h1tg000422l_401063-401303:-","EXON2","Not_core","Potential_coding_gene",0,0,NA,NA,241,0.241,9,37.344398340249,0.0120319470267807,3103.77017594308,8.04069497421852,"AW"
"AW_365335","Liver","AW_365335_hap1_h1tg000422l_407584-407861:-_AW_365335_hap1_h1tg000422l_409005-409271:-","EXON2","Not_core","Potential_coding_gene",0,0,1,0,267,0.267,14,52.4344569288389,0.0120319470267807,4357.93615215645,8.37998330477082,"AW"
"AW_365335","Liver","AW_365335_hap1_h1tg000422l_407584-407861:-_AW_365335_hap1_h1tg000422l_409005-409271:-","EXON3","Not_core","Potential_coding_gene",0,0,1,0,278,0.278,14,50.3597122302158,0.0120319470267807,4185.49982958911,8.33962030093963,"AW"
"AW_365335","Liver","AW_365335_hap1_h1tg000422l_447814-448090:-","EXON3","Not_core","Potential_pseudogene",2,1,NA,NA,277,0.277,4,14.4404332129964,0.0120319470267807,1200.17426779347,7.09105491379636,"AW"
"AW_365335","Liver","AW_365335_hap1_h1tg000422l_683335-683594:._AW_365335_hap1_h1tg000422l_683847-684122:.","EXON2","Not_core","Potential_pseudogene",0,0,NA,NA,260,0.26,0,0,0.0120319470267807,0,0,"AW"
"AW_365335","Liver","AW_365335_hap1_h1tg000422l_683335-683594:._AW_365335_hap1_h1tg000422l_683847-684122:.","EXON3","Not_core","Potential_pseudogene",3,1,NA,NA,276,0.276,0,0,0.0120319470267807,0,0,"AW"
"AW_365335","Liver","AW_365335_hap1_h1tg000504l_18407-18684:-_AW_365335_hap1_h1tg000504l_19880-20123:-","EXON2","Not_core","Potential_coding_gene",0,0,0,0,244,0.244,174,713.114754098361,0.0120319470267807,59268.441966301,10.9898491396254,"AW"
"AW_365335","Liver","AW_365335_hap1_h1tg000504l_18407-18684:-_AW_365335_hap1_h1tg000504l_19880-20123:-","EXON3","Not_core","Potential_coding_gene",0,0,0,0,278,0.278,174,625.899280575539,0.0120319470267807,52019.7835963218,10.8593986022556,"AW"
"AW_365335","Liver","AW_365335_hap1_h1tg000504l_4590-4867:-_AW_365335_hap1_h1tg000504l_5640-5906:-","EXON2","Not_core","Potential_coding_gene",0,0,NA,NA,267,0.267,98,367.041198501873,0.0120319470267807,30505.5530650951,10.3256967941108,"AW"
"AW_365335","Liver","AW_365335_hap1_h1tg000504l_4590-4867:-_AW_365335_hap1_h1tg000504l_5640-5906:-","EXON3","Not_core","Potential_coding_gene",0,0,NA,NA,278,0.278,98,352.517985611511,0.0120319470267807,29298.4988071237,10.2853256892999,"AW"
"AW_365335","Liver","AW_365335_hap1_h1tg000511l_123591-123857:._AW_365335_hap1_h1tg000511l_125297-125574:.","EXON2","Core","Potential_coding_gene",0,0,0,0,267,0.267,32,119.850187265918,0.0120319470267807,9960.99691921474,9.20653282437949,"AW"
"AW_365335","Liver","AW_365335_hap1_h1tg000511l_123591-123857:._AW_365335_hap1_h1tg000511l_125297-125574:.","EXON3","Core","Potential_coding_gene",0,0,0,0,278,0.278,32,115.107913669065,0.0120319470267807,9566.85675334653,9.16616450464717,"AW"
"AW_365335","Liver","AW_365335_hap1_h1tg000511l_143813-144079:._AW_365335_hap1_h1tg000511l_145543-145820:.","EXON2","Core","Potential_coding_gene",0,0,0,0,267,0.267,22,82.3970037453183,0.0120319470267807,6848.18538196013,8.83188500184286,"AW"
"AW_365335","Liver","AW_365335_hap1_h1tg000511l_143813-144079:._AW_365335_hap1_h1tg000511l_145543-145820:.","EXON3","Core","Potential_coding_gene",0,0,0,0,278,0.278,22,79.136690647482,0.0120319470267807,6577.21401792574,8.79151856162955,"AW"
"AW_365335","Liver","AW_365335_hap1_h1tg000511l_183484-183761:-_AW_365335_hap1_h1tg000511l_184795-185061:-","EXON2","Core","Potential_coding_gene",0,0,0,0,267,0.267,206,771.535580524344,0.0120319470267807,64123.9176674449,11.0685882985338,"AW"
"AW_365335","Liver","AW_365335_hap1_h1tg000511l_183484-183761:-_AW_365335_hap1_h1tg000511l_184795-185061:-","EXON3","Core","Potential_coding_gene",0,0,0,0,278,0.278,206,741.007194244604,0.0120319470267807,61586.6403496683,11.0282164857158,"AW"
"AW_365335","Liver","AW_365335_hap1_h1tg000511l_228470-228747:-_AW_365335_hap1_h1tg000511l_229695-229961:-","EXON2","Core","Potential_coding_gene",0,0,0,0,267,0.267,313,1172.28464419476,0.0120319470267807,97431.0011160692,11.4869099892218,"AW"
"AW_365335","Liver","AW_365335_hap1_h1tg000511l_228470-228747:-_AW_365335_hap1_h1tg000511l_229695-229961:-","EXON3","Core","Potential_coding_gene",0,0,0,0,278,0.278,313,1125.89928057554,0.0120319470267807,93575.8176186708,11.446537956775,"AW"
"AW_365335","Liver","AW_365335_hap1_h1tg000511l_51089-51355:._AW_365335_hap1_h1tg000511l_52637-52912:.","EXON2","Core","Potential_coding_gene",0,0,0,0,267,0.267,657,2460.67415730337,0.0120319470267807,204511.717997628,12.2283854432287,"AW"
"AW_365335","Liver","AW_365335_hap1_h1tg000511l_51089-51355:._AW_365335_hap1_h1tg000511l_52637-52912:.","EXON3","Core","Potential_coding_gene",0,0,0,0,276,0.276,657,2380.4347826087,0.0120319470267807,197842.85762814,12.1952334007321,"AW"
"AW_365335","Liver","AW_365335_hap1_h1tg000511l_89868-90134:._AW_365335_hap1_h1tg000511l_91180-91457:.","EXON2","Core","Potential_coding_gene",0,0,0,0,267,0.267,101,378.277153558052,0.0120319470267807,31439.3965262715,10.3558488586224,"AW"
"AW_365335","Liver","AW_365335_hap1_h1tg000511l_89868-90134:._AW_365335_hap1_h1tg000511l_91180-91457:.","EXON3","Core","Potential_coding_gene",0,0,0,0,278,0.278,101,363.309352517986,0.0120319470267807,30195.39162775,10.3154777136995,"AW"
"AW_365337","Eye","AW_365337_hap2_h2tg000311l_1054437-1054713:.","EXON3","Not_core","Potential_pseudogene",2,1,NA,NA,277,0.277,0,0,0,0,0,"AW"
"AW_365337","Eye","AW_365337_hap2_h2tg000311l_654484-654760:-_AW_365337_hap2_h2tg000311l_655015-655274:-","EXON2","Not_core","Potential_pseudogene",0,0,NA,NA,260,0.26,0,0,0,0,0,"AW"
"AW_365337","Eye","AW_365337_hap2_h2tg000311l_654484-654760:-_AW_365337_hap2_h2tg000311l_655015-655274:-","EXON3","Not_core","Potential_pseudogene",2,1,NA,NA,277,0.277,0,0,0,0,0,"AW"
"AW_365337","Eye","AW_365337_hap2_h2tg000311l_891544-891820:.","EXON3","Not_core","Potential_pseudogene",2,1,NA,NA,277,0.277,0,0,0,0,0,"AW"
"AW_365337","Eye","AW_365337_hap2_h2tg000311l_940686-940952:._AW_365337_hap2_h2tg000311l_942096-942373:.","EXON2","Not_core","Potential_coding_gene",0,0,0,0,267,0.267,0,0,0,0,0,"AW"
"AW_365337","Eye","AW_365337_hap2_h2tg000311l_940686-940952:._AW_365337_hap2_h2tg000311l_942096-942373:.","EXON3","Not_core","Potential_coding_gene",0,0,0,0,278,0.278,0,0,0,0,0,"AW"
"AW_365337","Eye","AW_365337_hap2_h2tg000311l_948655-948894:.","EXON2","Not_core","Potential_coding_gene",0,0,NA,NA,240,0.24,0,0,0,0,0,"AW"
"AW_365337","Eye","AW_365337_hap2_h2tg000718l_117309-117586:-_AW_365337_hap2_h2tg000718l_118966-119232:-","EXON2","Core","Potential_coding_gene",0,0,0,0,267,0.267,0,0,0,0,0,"AW"
"AW_365337","Eye","AW_365337_hap2_h2tg000718l_117309-117586:-_AW_365337_hap2_h2tg000718l_118966-119232:-","EXON3","Core","Potential_coding_gene",0,0,0,0,278,0.278,0,0,0,0,0,"AW"
"AW_365337","Eye","AW_365337_hap2_h2tg000718l_146683-146960:-_AW_365337_hap2_h2tg000718l_148172-148438:-","EXON2","Core","Potential_coding_gene",0,0,0,0,267,0.267,0,0,0,0,0,"AW"
"AW_365337","Eye","AW_365337_hap2_h2tg000718l_146683-146960:-_AW_365337_hap2_h2tg000718l_148172-148438:-","EXON3","Core","Potential_coding_gene",0,0,0,0,278,0.278,0,0,0,0,0,"AW"
"AW_365337","Eye","AW_365337_hap2_h2tg000718l_160469-160746:-_AW_365337_hap2_h2tg000718l_161798-162064:-","EXON2","Core","Potential_coding_gene",0,0,0,0,267,0.267,0,0,0,0,0,"AW"
"AW_365337","Eye","AW_365337_hap2_h2tg000718l_160469-160746:-_AW_365337_hap2_h2tg000718l_161798-162064:-","EXON3","Core","Potential_coding_gene",0,0,0,0,278,0.278,0,0,0,0,0,"AW"
"AW_365337","Eye","AW_365337_hap2_h2tg000718l_191691-191968:-_AW_365337_hap2_h2tg000718l_193873-194139:-","EXON2","Core","Potential_coding_gene",0,0,0,0,267,0.267,0,0,0,0,0,"AW"
"AW_365337","Eye","AW_365337_hap2_h2tg000718l_191691-191968:-_AW_365337_hap2_h2tg000718l_193873-194139:-","EXON3","Core","Potential_coding_gene",0,0,0,0,278,0.278,0,0,0,0,0,"AW"
"AW_365337","Eye","AW_365337_hap2_h2tg000718l_205679-205956:-_AW_365337_hap2_h2tg000718l_207406-207672:-","EXON2","Core","Potential_coding_gene",0,0,0,0,267,0.267,0,0,0,0,0,"AW"
"AW_365337","Eye","AW_365337_hap2_h2tg000718l_205679-205956:-_AW_365337_hap2_h2tg000718l_207406-207672:-","EXON3","Core","Potential_coding_gene",0,0,0,0,278,0.278,0,0,0,0,0,"AW"
"AW_365337","Eye","AW_365337_hap2_h2tg000718l_219247-219524:-_AW_365337_hap2_h2tg000718l_220554-220820:-","EXON2","Core","Potential_coding_gene",0,0,0,0,267,0.267,0,0,0,0,0,"AW"
"AW_365337","Eye","AW_365337_hap2_h2tg000718l_219247-219524:-_AW_365337_hap2_h2tg000718l_220554-220820:-","EXON3","Core","Potential_coding_gene",0,0,0,0,278,0.278,0,0,0,0,0,"AW"
"AW_365337","Eye","AW_365337_hap2_h2tg000718l_249128-249405:-_AW_365337_hap2_h2tg000718l_250537-250803:-","EXON2","Core","Potential_coding_gene",0,0,0,0,267,0.267,0,0,0,0,0,"AW"
"AW_365337","Eye","AW_365337_hap2_h2tg000718l_249128-249405:-_AW_365337_hap2_h2tg000718l_250537-250803:-","EXON3","Core","Potential_coding_gene",0,0,0,0,278,0.278,0,0,0,0,0,"AW"
"AW_365337","Eye","AW_365337_hap2_h2tg000718l_66826-67092:._AW_365337_hap2_h2tg000718l_68114-68391:.","EXON2","Core","Potential_coding_gene",0,0,0,0,267,0.267,0,0,0,0,0,"AW"
"AW_365337","Eye","AW_365337_hap2_h2tg000718l_66826-67092:._AW_365337_hap2_h2tg000718l_68114-68391:.","EXON3","Core","Potential_coding_gene",0,0,0,0,278,0.278,0,0,0,0,0,"AW"
"AW_365337","Heart","AW_365337_hap1_h1tg000189l_1138-1414:-_AW_365337_hap1_h1tg000189l_1668-1926:-","EXON2","Not_core","Potential_pseudogene",1,0,NA,NA,259,0.259,0,0,0.0103392146882796,0,0,"AW"
"AW_365337","Heart","AW_365337_hap1_h1tg000189l_1138-1414:-_AW_365337_hap1_h1tg000189l_1668-1926:-","EXON3","Not_core","Potential_pseudogene",2,1,NA,NA,277,0.277,0,0,0.0103392146882796,0,0,"AW"
"AW_365337","Heart","AW_365337_hap1_h1tg000189l_245498-245774:.","EXON3","Not_core","Potential_pseudogene",2,1,NA,NA,277,0.277,14,50.5415162454874,0.0103392146882796,4888.33221567404,8.49481101193173,"AW"
"AW_365337","Heart","AW_365337_hap1_h1tg000189l_411730-412006:-_AW_365337_hap1_h1tg000189l_412261-412520:-","EXON2","Not_core","Potential_pseudogene",0,0,NA,NA,260,0.26,24,92.3076923076923,0.0103392146882796,8927.92103565962,9.09705084189648,"AW"
"AW_365337","Heart","AW_365337_hap1_h1tg000189l_411730-412006:-_AW_365337_hap1_h1tg000189l_412261-412520:-","EXON3","Not_core","Potential_pseudogene",2,1,NA,NA,277,0.277,24,86.6425992779783,0.0103392146882796,8379.99808401264,9.03372228948805,"AW"
"AW_365337","Heart","AW_365337_hap1_h1tg000189l_604294-604570:.","EXON3","Not_core","Potential_pseudogene",2,1,NA,NA,277,0.277,1,3.6101083032491,0.0103392146882796,349.16658683386,5.85840900363175,"AW"
"AW_365337","Heart","AW_365337_hap1_h1tg000189l_643160-643426:._AW_365337_hap1_h1tg000189l_644570-644847:.","EXON2","Not_core","Potential_coding_gene",0,0,0,0,267,0.267,30,112.359550561798,0.0103392146882796,10867.3196126943,9.29360737871653,"AW"
"AW_365337","Heart","AW_365337_hap1_h1tg000189l_643160-643426:._AW_365337_hap1_h1tg000189l_644570-644847:.","EXON3","Not_core","Potential_coding_gene",0,0,0,0,278,0.278,30,107.913669064748,0.0103392146882796,10437.3177575157,9.25323871411553,"AW"
"AW_365337","Heart","AW_365337_hap1_h1tg000189l_651128-651368:.","EXON2","Not_core","Potential_coding_gene",0,0,NA,NA,241,0.241,15,62.2406639004149,0.0103392146882796,6019.86376885763,8.70298601120908,"AW"
"AW_365337","Heart","AW_365337_hap1_h1tg000189l_755399-755675:.","EXON3","Not_core","Potential_pseudogene",2,1,NA,NA,277,0.277,14,50.5415162454874,0.0103392146882796,4888.33221567404,8.49481101193173,"AW"
"AW_365337","Heart","AW_365337_hap1_h1tg000776l_110148-110425:-_AW_365337_hap1_h1tg000776l_111525-111791:-","EXON2","Core","Potential_coding_gene",0,0,0,0,267,0.267,55,205.992509363296,0.0103392146882796,19923.4192899395,9.89970135843769,"AW"
"AW_365337","Heart","AW_365337_hap1_h1tg000776l_110148-110425:-_AW_365337_hap1_h1tg000776l_111525-111791:-","EXON3","Core","Potential_coding_gene",0,0,0,0,278,0.278,55,197.841726618705,0.0103392146882796,19135.0825554455,9.85933097088432,"AW"
"AW_365337","Heart","AW_365337_hap1_h1tg000776l_117942-118219:-_AW_365337_hap1_h1tg000776l_119479-119745:-","EXON2","Core","Potential_coding_gene",0,0,0,0,267,0.267,166,621.722846441948,0.0103392146882796,60132.5018569084,11.0043224004371,"AW"
"AW_365337","Heart","AW_365337_hap1_h1tg000776l_117942-118219:-_AW_365337_hap1_h1tg000776l_119479-119745:-","EXON3","Core","Potential_coding_gene",0,0,0,0,278,0.278,166,597.122302158273,0.0103392146882796,57753.1582582538,10.9639506302638,"AW"
"AW_365337","Heart","AW_365337_hap1_h1tg000776l_162916-163191:-_AW_365337_hap1_h1tg000776l_164517-164783:-","EXON2","Core","Potential_coding_gene",0,0,0,0,267,0.267,218,816.479400749064,0.0103392146882796,78969.1891855785,11.2768257081527,"AW"
"AW_365337","Heart","AW_365337_hap1_h1tg000776l_162916-163191:-_AW_365337_hap1_h1tg000776l_164517-164783:-","EXON3","Core","Potential_coding_gene",0,0,0,0,276,0.276,218,789.855072463768,0.0103392146882796,76394.106929527,11.2436739276786,"AW"
"AW_365337","Heart","AW_365337_hap1_h1tg000776l_179771-180046:-_AW_365337_hap1_h1tg000776l_181153-181419:-","EXON2","Core","Potential_coding_gene",0,0,NA,NA,267,0.267,74,277.153558052434,0.0103392146882796,26806.0550446459,10.1964203797898,"AW"
"AW_365337","Heart","AW_365337_hap1_h1tg000776l_179771-180046:-_AW_365337_hap1_h1tg000776l_181153-181419:-","EXON3","Core","Potential_coding_gene",0,0,NA,NA,276,0.276,74,268.115942028986,0.0103392146882796,25931.9445540596,10.1632694298973,"AW"
"AW_365337","Heart","AW_365337_hap1_h1tg000776l_41955-42221:._AW_365337_hap1_h1tg000776l_43187-43464:.","EXON2","Core","Potential_coding_gene",0,0,0,0,267,0.267,265,992.50936329588,0.0103392146882796,95994.6565787996,11.4720582254556,"AW"
"AW_365337","Heart","AW_365337_hap1_h1tg000776l_41955-42221:._AW_365337_hap1_h1tg000776l_43187-43464:.","EXON3","Core","Potential_coding_gene",0,0,0,0,278,0.278,265,953.237410071942,0.0103392146882796,92196.3068580557,11.4316861993356,"AW"
"AW_365337","Heart","AW_365337_hap1_h1tg000776l_49422-49688:._AW_365337_hap1_h1tg000776l_50866-51143:.","EXON2","Core","Potential_coding_gene",0,0,0,0,267,0.267,324,1213.48314606742,0.0103392146882796,117367.051817098,11.6730700183119,"AW"
"AW_365337","Heart","AW_365337_hap1_h1tg000776l_49422-49688:._AW_365337_hap1_h1tg000776l_50866-51143:.","EXON3","Core","Potential_coding_gene",0,0,0,0,278,0.278,324,1165.46762589928,0.0103392146882796,112723.03178117,11.6326979140412,"AW"
"AW_365337","Heart","AW_365337_hap1_h1tg000776l_81540-81806:._AW_365337_hap1_h1tg000776l_83356-83633:.","EXON2","Core","Potential_pseudogene",0,1,0,0,267,0.267,116,434.456928838951,0.0103392146882796,42020.3025024179,10.6459319711203,"AW"
"AW_365337","Heart","AW_365337_hap1_h1tg000776l_81540-81806:._AW_365337_hap1_h1tg000776l_83356-83633:.","EXON3","Core","Potential_pseudogene",0,0,0,0,278,0.278,116,417.26618705036,0.0103392146882796,40357.6286623942,10.6055604962489,"AW"
"AW_365337","Heart","AW_365337_hap1_h1tg000776l_96310-96576:._AW_365337_hap1_h1tg000776l_97492-97769:.","EXON2","Core","Potential_coding_gene",0,0,0,0,267,0.267,112,419.475655430712,0.0103392146882796,40571.3265540587,10.6108415012178,"AW"
"AW_365337","Heart","AW_365337_hap1_h1tg000776l_96310-96576:._AW_365337_hap1_h1tg000776l_97492-97769:.","EXON3","Core","Potential_coding_gene",0,0,0,0,278,0.278,112,402.877697841727,0.0103392146882796,38965.9862947254,10.5704700613604,"AW"
"AW_365337","Liver","AW_365337_hap1_h1tg000189l_1138-1414:-_AW_365337_hap1_h1tg000189l_1668-1926:-","EXON2","Not_core","Potential_pseudogene",1,0,NA,NA,259,0.259,0,0,0.0185061163924668,0,0,"AW"
"AW_365337","Liver","AW_365337_hap1_h1tg000189l_1138-1414:-_AW_365337_hap1_h1tg000189l_1668-1926:-","EXON3","Not_core","Potential_pseudogene",2,1,NA,NA,277,0.277,0,0,0.0185061163924668,0,0,"AW"
"AW_365337","Liver","AW_365337_hap1_h1tg000189l_245498-245774:.","EXON3","Not_core","Potential_pseudogene",2,1,NA,NA,277,0.277,8,28.8808664259928,0.0185061163924668,1560.61195193548,7.35347386927675,"AW"
"AW_365337","Liver","AW_365337_hap1_h1tg000189l_411730-412006:-_AW_365337_hap1_h1tg000189l_412261-412520:-","EXON2","Not_core","Potential_pseudogene",0,0,NA,NA,260,0.26,26,100,0.0185061163924668,5403.6188835766,8.59500921576052,"AW"
"AW_365337","Liver","AW_365337_hap1_h1tg000189l_411730-412006:-_AW_365337_hap1_h1tg000189l_412261-412520:-","EXON3","Not_core","Potential_pseudogene",2,1,NA,NA,277,0.277,26,93.8628158844765,0.0185061163924668,5071.98884379031,8.5316854384297,"AW"
"AW_365337","Liver","AW_365337_hap1_h1tg000189l_604294-604570:.","EXON3","Not_core","Potential_pseudogene",2,1,NA,NA,277,0.277,8,28.8808664259928,0.0185061163924668,1560.61195193548,7.35347386927675,"AW"
"AW_365337","Liver","AW_365337_hap1_h1tg000189l_643160-643426:._AW_365337_hap1_h1tg000189l_644570-644847:.","EXON2","Not_core","Potential_coding_gene",0,0,0,0,267,0.267,4,14.9812734082397,0.0185061163924668,809.530918887881,6.69768948836654,"AW"
"AW_365337","Liver","AW_365337_hap1_h1tg000189l_643160-643426:._AW_365337_hap1_h1tg000189l_644570-644847:.","EXON3","Not_core","Potential_coding_gene",0,0,0,0,278,0.278,4,14.3884892086331,0.0185061163924668,777.499119939079,6.65736786081623,"AW"
"AW_365337","Liver","AW_365337_hap1_h1tg000189l_651128-651368:.","EXON2","Not_core","Potential_coding_gene",0,0,NA,NA,241,0.241,2,8.29875518672199,0.0185061163924668,448.433102371502,6.10798701607615,"AW"
"AW_365337","Liver","AW_365337_hap1_h1tg000189l_755399-755675:.","EXON3","Not_core","Potential_pseudogene",2,1,NA,NA,277,0.277,5,18.0505415162455,0.0185061163924668,975.382469959676,6.88385438460884,"AW"
"AW_365337","Liver","AW_365337_hap1_h1tg000776l_110148-110425:-_AW_365337_hap1_h1tg000776l_111525-111791:-","EXON2","Core","Potential_coding_gene",0,0,0,0,267,0.267,106,397.003745318352,0.0185061163924668,21452.5693505288,9.97364631380073,"AW"
"AW_365337","Liver","AW_365337_hap1_h1tg000776l_110148-110425:-_AW_365337_hap1_h1tg000776l_111525-111791:-","EXON3","Core","Potential_coding_gene",0,0,0,0,278,0.278,106,381.294964028777,0.0185061163924668,20603.7266783856,9.93327577886502,"AW"
"AW_365337","Liver","AW_365337_hap1_h1tg000776l_117942-118219:-_AW_365337_hap1_h1tg000776l_119479-119745:-","EXON2","Core","Potential_coding_gene",0,0,0,0,267,0.267,187,700.374531835206,0.0185061163924668,37845.5704580084,10.5412956459891,"AW"
"AW_365337","Liver","AW_365337_hap1_h1tg000776l_117942-118219:-_AW_365337_hap1_h1tg000776l_119479-119745:-","EXON3","Core","Potential_coding_gene",0,0,0,0,278,0.278,187,672.661870503597,0.0185061163924668,36348.083857152,10.5009242792645,"AW"
"AW_365337","Liver","AW_365337_hap1_h1tg000776l_162916-163191:-_AW_365337_hap1_h1tg000776l_164517-164783:-","EXON2","Core","Potential_coding_gene",0,0,0,0,267,0.267,346,1295.88014981273,0.0185061163924668,70024.4244838017,11.1566136619993,"AW"
"AW_365337","Liver","AW_365337_hap1_h1tg000776l_162916-163191:-_AW_365337_hap1_h1tg000776l_164517-164783:-","EXON3","Core","Potential_coding_gene",0,0,0,0,276,0.276,346,1253.6231884058,0.0185061163924668,67741.0193375907,11.1234619360484,"AW"
"AW_365337","Liver","AW_365337_hap1_h1tg000776l_179771-180046:-_AW_365337_hap1_h1tg000776l_181153-181419:-","EXON2","Core","Potential_coding_gene",0,0,NA,NA,267,0.267,97,363.295880149813,0.0185061163924668,19631.1247830311,9.88492252303436,"AW"
"AW_365337","Liver","AW_365337_hap1_h1tg000776l_179771-180046:-_AW_365337_hap1_h1tg000776l_181153-181419:-","EXON3","Core","Potential_coding_gene",0,0,NA,NA,276,0.276,97,351.449275362319,0.0185061163924668,18990.9794096714,9.85177203269087,"AW"
"AW_365337","Liver","AW_365337_hap1_h1tg000776l_41955-42221:._AW_365337_hap1_h1tg000776l_43187-43464:.","EXON2","Core","Potential_coding_gene",0,0,0,0,267,0.267,787,2947.56554307116,0.0185061163924668,159275.208291191,11.9783951331508,"AW"
"AW_365337","Liver","AW_365337_hap1_h1tg000776l_41955-42221:._AW_365337_hap1_h1tg000776l_43187-43464:.","EXON3","Core","Potential_coding_gene",0,0,0,0,278,0.278,787,2830.93525179856,0.0185061163924668,152972.951848014,11.9380229365211,"AW"
"AW_365337","Liver","AW_365337_hap1_h1tg000776l_49422-49688:._AW_365337_hap1_h1tg000776l_50866-51143:.","EXON2","Core","Potential_coding_gene",0,0,0,0,267,0.267,625,2340.82397003745,0.0185061163924668,126489.206076231,11.7479201618302,"AW"
"AW_365337","Liver","AW_365337_hap1_h1tg000776l_49422-49688:._AW_365337_hap1_h1tg000776l_50866-51143:.","EXON3","Core","Potential_coding_gene",0,0,0,0,278,0.278,625,2248.20143884892,0.0185061163924668,121484.237490481,11.7075480322448,"AW"
"AW_365337","Liver","AW_365337_hap1_h1tg000776l_81540-81806:._AW_365337_hap1_h1tg000776l_83356-83633:.","EXON2","Core","Potential_pseudogene",0,1,0,0,267,0.267,160,599.250936329588,0.0185061163924668,32381.2367555152,10.3853653031508,"AW"
"AW_365337","Liver","AW_365337_hap1_h1tg000776l_81540-81806:._AW_365337_hap1_h1tg000776l_83356-83633:.","EXON3","Core","Potential_pseudogene",0,0,0,0,278,0.278,160,575.539568345324,0.0185061163924668,31099.9647975632,10.3449941201158,"AW"
"AW_365337","Liver","AW_365337_hap1_h1tg000776l_96310-96576:._AW_365337_hap1_h1tg000776l_97492-97769:.","EXON2","Core","Potential_coding_gene",0,0,0,0,267,0.267,169,632.958801498127,0.0185061163924668,34202.681323013,10.4400885582816,"AW"
"AW_365337","Liver","AW_365337_hap1_h1tg000776l_96310-96576:._AW_365337_hap1_h1tg000776l_97492-97769:.","EXON3","Core","Potential_coding_gene",0,0,0,0,278,0.278,169,607.913669064748,0.0185061163924668,32849.3378174261,10.3997173074954,"AW"
"AW_365338","Heart","AW_365338_hap1_h1tg000323l_179374-179650:.","EXON3","Not_core","Potential_pseudogene",2,1,NA,NA,277,0.277,0,0,0.00674544744742725,0,0,"AW"
"AW_365338","Heart","AW_365338_hap1_h1tg000323l_25395-25671:.","EXON3","Not_core","Potential_pseudogene",2,1,NA,NA,277,0.277,0,0,0.00674544744742725,0,0,"AW"
"AW_365338","Heart","AW_365338_hap1_h1tg000323l_64197-64463:._AW_365338_hap1_h1tg000323l_65607-65884:.","EXON2","Not_core","Potential_coding_gene",0,0,0,0,267,0.267,0,0,0.00674544744742725,0,0,"AW"
"AW_365338","Heart","AW_365338_hap1_h1tg000323l_64197-64463:._AW_365338_hap1_h1tg000323l_65607-65884:.","EXON3","Not_core","Potential_coding_gene",0,0,0,0,278,0.278,0,0,0.00674544744742725,0,0,"AW"
"AW_365338","Heart","AW_365338_hap1_h1tg000323l_72167-72406:.","EXON2","Not_core","Potential_coding_gene",0,0,NA,NA,240,0.24,0,0,0.00674544744742725,0,0,"AW"
"AW_365338","Heart","AW_365338_hap1_h1tg000517l_219218-219477:.","EXON2","Not_core","Potential_coding_gene",0,0,NA,NA,260,0.26,2,7.69230769230769,0.00674544744742725,1140.37026487273,7.0399848063113,"AW"
"AW_365338","Heart","AW_365338_hap1_h1tg000761l_106863-107129:._AW_365338_hap1_h1tg000761l_108268-108545:.","EXON2","Core","Potential_coding_gene",0,0,0,0,267,0.267,98,367.041198501873,0.00674544744742725,54413.1729381221,10.9043799308623,"AW"
"AW_365338","Heart","AW_365338_hap1_h1tg000761l_106863-107129:._AW_365338_hap1_h1tg000761l_108268-108545:.","EXON3","Core","Potential_coding_gene",0,0,0,0,278,0.278,98,352.517985611511,0.00674544744742725,52260.133721146,10.8640082326997,"AW"
"AW_365338","Heart","AW_365338_hap1_h1tg000761l_126725-126968:._AW_365338_hap1_h1tg000761l_128166-128444:.","EXON2","Core","Potential_coding_gene",0,0,1,0,244,0.244,97,397.540983606557,0.00674544744742725,58934.7091805128,10.9842024538539,"AW"
"AW_365338","Heart","AW_365338_hap1_h1tg000761l_126725-126968:._AW_365338_hap1_h1tg000761l_128166-128444:.","EXON3","Core","Potential_coding_gene",0,0,1,0,279,0.279,97,347.670250896057,0.00674544744742725,51541.4660933517,10.8501613312059,"AW"
"AW_365338","Heart","AW_365338_hap1_h1tg000761l_170155-170432:-_AW_365338_hap1_h1tg000761l_171586-171852:-","EXON2","Core","Potential_coding_gene",0,0,0,0,267,0.267,250,936.329588014981,0.00674544744742725,138809.114638066,11.840862196432,"AW"
"AW_365338","Heart","AW_365338_hap1_h1tg000761l_170155-170432:-_AW_365338_hap1_h1tg000761l_171586-171852:-","EXON3","Core","Potential_coding_gene",0,0,0,0,278,0.278,250,899.280575539568,0.00674544744742725,133316.667655985,11.8004900379391,"AW"
"AW_365338","Heart","AW_365338_hap1_h1tg000761l_194989-195266:-_AW_365338_hap1_h1tg000761l_196182-196448:-","EXON2","Core","Potential_coding_gene",0,0,0,0,267,0.267,224,838.951310861423,0.00674544744742725,124372.966715708,11.731048166613,"AW"
"AW_365338","Heart","AW_365338_hap1_h1tg000761l_194989-195266:-_AW_365338_hap1_h1tg000761l_196182-196448:-","EXON3","Core","Potential_coding_gene",0,0,0,0,278,0.278,224,805.755395683453,0.00674544744742725,119451.734219762,11.6906760425695,"AW"
"AW_365338","Heart","AW_365338_hap1_h1tg000761l_224592-224869:-_AW_365338_hap1_h1tg000761l_225911-226177:-","EXON2","Core","Potential_coding_gene",0,0,0,0,267,0.267,165,617.977528089888,0.00674544744742725,91614.0156611239,11.4253504636592,"AW"
"AW_365338","Heart","AW_365338_hap1_h1tg000761l_224592-224869:-_AW_365338_hap1_h1tg000761l_225911-226177:-","EXON3","Core","Potential_coding_gene",0,0,0,0,278,0.278,165,593.525179856115,0.00674544744742725,87989.0006529499,11.3849784580603,"AW"
"AW_365338","Heart","AW_365338_hap1_h1tg000761l_82064-82329:._AW_365338_hap1_h1tg000761l_83254-83531:.","EXON2","Core","Potential_coding_gene",0,0,0,0,266,0.266,79,296.992481203008,0.00674544744742725,44028.5812791088,10.6926169888047,"AW"
"AW_365338","Heart","AW_365338_hap1_h1tg000761l_82064-82329:._AW_365338_hap1_h1tg000761l_83254-83531:.","EXON3","Core","Potential_coding_gene",0,0,0,0,278,0.278,79,284.172661870504,0.00674544744742725,42128.0669792912,10.6484932084969,"AW"
"AW_365338","Heart","AW_365338_hap1_h1tg000825l_153652-153928:-","EXON3","Not_core","Potential_pseudogene",2,1,NA,NA,277,0.277,0,0,0.00674544744742725,0,0,"AW"
"AW_365338","Heart","AW_365338_hap2_h2tg000297l_103585-103861:-","EXON3","Not_core","Potential_pseudogene",2,1,NA,NA,277,0.277,0,0,0.00674544744742725,0,0,"AW"
"AW_365338","Heart","AW_365338_hap2_h2tg000297l_336077-336336:._AW_365338_hap2_h2tg000297l_336591-336867:.","EXON2","Not_core","Potential_pseudogene",0,0,NA,NA,260,0.26,0,0,0.00674544744742725,0,0,"AW"
"AW_365338","Heart","AW_365338_hap2_h2tg000297l_336077-336336:._AW_365338_hap2_h2tg000297l_336591-336867:.","EXON3","Not_core","Potential_pseudogene",2,1,NA,NA,277,0.277,0,0,0.00674544744742725,0,0,"AW"
"AW_365338","Heart","AW_365338_hap2_h2tg000297l_57739-57979:-","EXON2","Not_core","Potential_coding_gene",0,0,NA,NA,241,0.241,0,0,0.00674544744742725,0,0,"AW"
"AW_365338","Heart","AW_365338_hap2_h2tg000297l_64258-64535:-_AW_365338_hap2_h2tg000297l_65679-65945:-","EXON2","Not_core","Potential_coding_gene",0,0,2,0,267,0.267,0,0,0.00674544744742725,0,0,"AW"
"AW_365338","Heart","AW_365338_hap2_h2tg000297l_64258-64535:-_AW_365338_hap2_h2tg000297l_65679-65945:-","EXON3","Not_core","Potential_coding_gene",0,0,2,0,278,0.278,0,0,0.00674544744742725,0,0,"AW"
"AW_365338","Heart","AW_365338_hap2_h2tg000703l_112361-112638:-_AW_365338_hap2_h2tg000703l_113551-113817:-","EXON2","Core","Potential_coding_gene",0,0,1,0,267,0.267,0,0,0.00674544744742725,0,0,"AW"
"AW_365338","Heart","AW_365338_hap2_h2tg000703l_112361-112638:-_AW_365338_hap2_h2tg000703l_113551-113817:-","EXON3","Core","Potential_coding_gene",0,0,1,0,278,0.278,0,0,0.00674544744742725,0,0,"AW"
"AW_365338","Heart","AW_365338_hap2_h2tg000703l_124015-124292:-_AW_365338_hap2_h2tg000703l_125658-125924:-","EXON2","Core","Potential_coding_gene",0,0,1,0,267,0.267,0,0,0.00674544744742725,0,0,"AW"
"AW_365338","Heart","AW_365338_hap2_h2tg000703l_124015-124292:-_AW_365338_hap2_h2tg000703l_125658-125924:-","EXON3","Core","Potential_coding_gene",0,0,1,0,278,0.278,0,0,0.00674544744742725,0,0,"AW"
"AW_365338","Heart","AW_365338_hap2_h2tg000703l_152046-152323:-_AW_365338_hap2_h2tg000703l_153239-153505:-","EXON2","Core","Potential_coding_gene",0,0,0,0,267,0.267,0,0,0.00674544744742725,0,0,"AW"
"AW_365338","Heart","AW_365338_hap2_h2tg000703l_152046-152323:-_AW_365338_hap2_h2tg000703l_153239-153505:-","EXON3","Core","Potential_coding_gene",0,0,0,0,278,0.278,0,0,0.00674544744742725,0,0,"AW"
"AW_365338","Heart","AW_365338_hap2_h2tg000703l_153239-153505:-_AW_365338_hap2_h2tg000703l_187570-187847:-","EXON3","Core","Potential_coding_gene",0,0,0,0,278,0.278,0,0,0.00674544744742725,0,0,"AW"
"AW_365338","Heart","AW_365338_hap2_h2tg000703l_187570-187847:-_AW_365338_hap2_h2tg000703l_188763-189029:-","EXON2","Core","Potential_coding_gene",0,0,0,0,267,0.267,0,0,0.00674544744742725,0,0,"AW"
"AW_365338","Heart","AW_365338_hap2_h2tg000703l_216111-216388:-_AW_365338_hap2_h2tg000703l_217916-218182:-","EXON2","Core","Potential_coding_gene",0,0,0,0,267,0.267,0,0,0.00674544744742725,0,0,"AW"
"AW_365338","Heart","AW_365338_hap2_h2tg000703l_216111-216388:-_AW_365338_hap2_h2tg000703l_217916-218182:-","EXON3","Core","Potential_coding_gene",0,0,0,0,278,0.278,0,0,0.00674544744742725,0,0,"AW"
"AW_365338","Heart","AW_365338_hap2_h2tg000703l_238512-238778:-","EXON2","Core","Potential_coding_gene",0,0,0,0,267,0.267,0,0,0.00674544744742725,0,0,"AW"
"AW_365338","Heart","AW_365338_hap2_h2tg000703l_265191-265468:-_AW_365338_hap2_h2tg000703l_266598-266864:-","EXON2","Core","Potential_coding_gene",0,0,NA,NA,267,0.267,0,0,0.00674544744742725,0,0,"AW"
"AW_365338","Heart","AW_365338_hap2_h2tg000703l_265191-265468:-_AW_365338_hap2_h2tg000703l_266598-266864:-","EXON3","Core","Potential_coding_gene",0,0,0,0,278,0.278,0,0,0.00674544744742725,0,0,"AW"
"AW_365338","Heart","AW_365338_hap2_h2tg000703l_84091-84357:._AW_365338_hap2_h2tg000703l_85391-85668:.","EXON2","Core","Potential_coding_gene",0,0,0,0,267,0.267,0,0,0.00674544744742725,0,0,"AW"
"AW_365338","Heart","AW_365338_hap2_h2tg000703l_84091-84357:._AW_365338_hap2_h2tg000703l_85391-85668:.","EXON3","Core","Potential_coding_gene",0,0,0,0,278,0.278,0,0,0.00674544744742725,0,0,"AW"
"AW_365338","Heart","AW_365338_hap2_h2tg000703l_96430-96696:._AW_365338_hap2_h2tg000703l_97888-98165:.","EXON2","Core","Potential_coding_gene",0,0,0,0,267,0.267,0,0,0.00674544744742725,0,0,"AW"
"AW_365338","Heart","AW_365338_hap2_h2tg000703l_96430-96696:._AW_365338_hap2_h2tg000703l_97888-98165:.","EXON3","Core","Potential_coding_gene",0,0,0,0,278,0.278,0,0,0.00674544744742725,0,0,"AW"
"AW_365338","Liver","AW_365338_hap1_h1tg000323l_179374-179650:.","EXON3","Not_core","Potential_pseudogene",2,1,NA,NA,277,0.277,2,7.22021660649819,0.0173846468127683,415.321443355136,6.03145766225495,"AW"
"AW_365338","Liver","AW_365338_hap1_h1tg000323l_25395-25671:.","EXON3","Not_core","Potential_pseudogene",2,1,NA,NA,277,0.277,0,0,0.0173846468127683,0,0,"AW"
"AW_365338","Liver","AW_365338_hap1_h1tg000323l_64197-64463:._AW_365338_hap1_h1tg000323l_65607-65884:.","EXON2","Not_core","Potential_coding_gene",0,0,0,0,267,0.267,2,7.49063670411985,0.0173846468127683,430.876553593156,6.06813979183681,"AW"
"AW_365338","Liver","AW_365338_hap1_h1tg000323l_64197-64463:._AW_365338_hap1_h1tg000323l_65607-65884:.","EXON3","Not_core","Potential_coding_gene",0,0,0,0,278,0.278,2,7.19424460431655,0.0173846468127683,413.827481328678,6.02786272615858,"AW"
"AW_365338","Liver","AW_365338_hap1_h1tg000323l_72167-72406:.","EXON2","Not_core","Potential_coding_gene",0,0,NA,NA,240,0.24,1,4.16666666666667,0.0173846468127683,239.675082936193,5.48344782026226,"AW"
"AW_365338","Liver","AW_365338_hap1_h1tg000517l_219218-219477:.","EXON2","Not_core","Potential_coding_gene",0,0,NA,NA,260,0.26,0,0,0.0173846468127683,0,0,"AW"
"AW_365338","Liver","AW_365338_hap1_h1tg000761l_106863-107129:._AW_365338_hap1_h1tg000761l_108268-108545:.","EXON2","Core","Potential_coding_gene",0,0,0,0,267,0.267,180,674.157303370787,0.0173846468127683,38778.889823384,10.5656570877246,"AW"
"AW_365338","Liver","AW_365338_hap1_h1tg000761l_106863-107129:._AW_365338_hap1_h1tg000761l_108268-108545:.","EXON3","Core","Potential_coding_gene",0,0,0,0,278,0.278,180,647.482014388489,0.0173846468127683,37244.4733195811,10.5252856948014,"AW"
"AW_365338","Liver","AW_365338_hap1_h1tg000761l_126725-126968:._AW_365338_hap1_h1tg000761l_128166-128444:.","EXON2","Core","Potential_coding_gene",0,0,1,0,244,0.244,154,631.147540983607,0.0173846468127683,36304.8814152528,10.4997350295875,"AW"
"AW_365338","Liver","AW_365338_hap1_h1tg000761l_126725-126968:._AW_365338_hap1_h1tg000761l_128166-128444:.","EXON3","Core","Potential_coding_gene",0,0,1,0,279,0.279,154,551.971326164875,0.0173846468127683,31750.505610472,10.3656954239988,"AW"
"AW_365338","Liver","AW_365338_hap1_h1tg000761l_170155-170432:-_AW_365338_hap1_h1tg000761l_171586-171852:-","EXON2","Core","Potential_coding_gene",0,0,0,0,267,0.267,299,1119.85018726592,0.0173846468127683,64416.0447621768,11.0731335472936,"AW"
"AW_365338","Liver","AW_365338_hap1_h1tg000761l_170155-170432:-_AW_365338_hap1_h1tg000761l_171586-171852:-","EXON3","Core","Potential_coding_gene",0,0,0,0,278,0.278,299,1075.53956834532,0.0173846468127683,61867.2084586374,11.032761731562,"AW"
"AW_365338","Liver","AW_365338_hap1_h1tg000761l_194989-195266:-_AW_365338_hap1_h1tg000761l_196182-196448:-","EXON2","Core","Potential_coding_gene",0,0,0,0,267,0.267,243,910.112359550562,0.0173846468127683,52351.5012615684,10.8657549947479,"AW"
"AW_365338","Liver","AW_365338_hap1_h1tg000761l_194989-195266:-_AW_365338_hap1_h1tg000761l_196182-196448:-","EXON3","Core","Potential_coding_gene",0,0,0,0,278,0.278,243,874.10071942446,0.0173846468127683,50280.0389814344,10.8253833264015,"AW"
"AW_365338","Liver","AW_365338_hap1_h1tg000761l_224592-224869:-_AW_365338_hap1_h1tg000761l_225911-226177:-","EXON2","Core","Potential_coding_gene",0,0,0,0,267,0.267,441,1651.68539325843,0.0173846468127683,95008.2800672909,11.4617298507307,"AW"
"AW_365338","Liver","AW_365338_hap1_h1tg000761l_224592-224869:-_AW_365338_hap1_h1tg000761l_225911-226177:-","EXON3","Core","Potential_coding_gene",0,0,0,0,278,0.278,441,1586.3309352518,0.0173846468127683,91248.9596329736,11.4213578290663,"AW"
"AW_365338","Liver","AW_365338_hap1_h1tg000761l_82064-82329:._AW_365338_hap1_h1tg000761l_83254-83531:.","EXON2","Core","Potential_coding_gene",0,0,0,0,266,0.266,78,293.233082706767,0.0173846468127683,16867.3592201712,9.73319491059483,"AW"
"AW_365338","Liver","AW_365338_hap1_h1tg000761l_82064-82329:._AW_365338_hap1_h1tg000761l_83254-83531:.","EXON3","Core","Potential_coding_gene",0,0,0,0,278,0.278,78,280.575539568345,0.0173846468127683,16139.2717718185,9.68907278008481,"AW"
"AW_365338","Liver","AW_365338_hap1_h1tg000825l_153652-153928:-","EXON3","Not_core","Potential_pseudogene",2,1,NA,NA,277,0.277,0,0,0.0173846468127683,0,0,"AW"
"AW_365338","Liver","AW_365338_hap2_h2tg000297l_103585-103861:-","EXON3","Not_core","Potential_pseudogene",2,1,NA,NA,277,0.277,3,10.8303249097473,0.0173846468127683,622.982165032704,6.4361217862826,"AW"
"AW_365338","Liver","AW_365338_hap2_h2tg000297l_336077-336336:._AW_365338_hap2_h2tg000297l_336591-336867:.","EXON2","Not_core","Potential_pseudogene",0,0,NA,NA,260,0.26,0,0,0.0173846468127683,0,0,"AW"
"AW_365338","Liver","AW_365338_hap2_h2tg000297l_336077-336336:._AW_365338_hap2_h2tg000297l_336591-336867:.","EXON3","Not_core","Potential_pseudogene",2,1,NA,NA,277,0.277,0,0,0.0173846468127683,0,0,"AW"
"AW_365338","Liver","AW_365338_hap2_h2tg000297l_57739-57979:-","EXON2","Not_core","Potential_coding_gene",0,0,NA,NA,241,0.241,0,0,0.0173846468127683,0,0,"AW"
"AW_365338","Liver","AW_365338_hap2_h2tg000297l_64258-64535:-_AW_365338_hap2_h2tg000297l_65679-65945:-","EXON2","Not_core","Potential_coding_gene",0,0,2,0,267,0.267,4,14.9812734082397,0.0173846468127683,861.753107186312,6.76012856346257,"AW"
"AW_365338","Liver","AW_365338_hap2_h2tg000297l_64258-64535:-_AW_365338_hap2_h2tg000297l_65679-65945:-","EXON3","Not_core","Potential_coding_gene",0,0,2,0,278,0.278,4,14.3884892086331,0.0173846468127683,827.654962657357,6.71980385939776,"AW"
"AW_365338","Liver","AW_365338_hap2_h2tg000703l_112361-112638:-_AW_365338_hap2_h2tg000703l_113551-113817:-","EXON2","Core","Potential_coding_gene",0,0,1,0,267,0.267,90,337.078651685393,0.0173846468127683,19389.444911692,9.87253569339336,"AW"
"AW_365338","Liver","AW_365338_hap2_h2tg000703l_112361-112638:-_AW_365338_hap2_h2tg000703l_113551-113817:-","EXON3","Core","Potential_coding_gene",0,0,1,0,278,0.278,90,323.741007194245,0.0173846468127683,18622.2366597905,9.83216536278131,"AW"
"AW_365338","Liver","AW_365338_hap2_h2tg000703l_124015-124292:-_AW_365338_hap2_h2tg000703l_125658-125924:-","EXON2","Core","Potential_coding_gene",0,0,1,0,267,0.267,124,464.419475655431,0.0173846468127683,26714.3463227757,10.1929934479154,"AW"
"AW_365338","Liver","AW_365338_hap2_h2tg000703l_124015-124292:-_AW_365338_hap2_h2tg000703l_125658-125924:-","EXON3","Core","Potential_coding_gene",0,0,1,0,278,0.278,124,446.043165467626,0.0173846468127683,25657.3038423781,10.1526225347525,"AW"
"AW_365338","Liver","AW_365338_hap2_h2tg000703l_152046-152323:-_AW_365338_hap2_h2tg000703l_153239-153505:-","EXON2","Core","Potential_coding_gene",0,0,0,0,267,0.267,184,689.138576779026,0.0173846468127683,39640.6429305703,10.5876354338658,"AW"
"AW_365338","Liver","AW_365338_hap2_h2tg000703l_152046-152323:-_AW_365338_hap2_h2tg000703l_153239-153505:-","EXON3","Core","Potential_coding_gene",0,0,0,0,278,0.278,184,661.870503597122,0.0173846468127683,38072.1282822384,10.5472640178482,"AW"
"AW_365338","Liver","AW_365338_hap2_h2tg000703l_153239-153505:-_AW_365338_hap2_h2tg000703l_187570-187847:-","EXON3","Core","Potential_coding_gene",0,0,0,0,278,0.278,35,125.89928057554,0.0173846468127683,7241.98092325187,8.88778813037326,"AW"
"AW_365338","Liver","AW_365338_hap2_h2tg000703l_187570-187847:-_AW_365338_hap2_h2tg000703l_188763-189029:-","EXON2","Core","Potential_coding_gene",0,0,0,0,267,0.267,36,134.831460674157,0.0173846468127683,7755.7779646768,8.95632231621589,"AW"
"AW_365338","Liver","AW_365338_hap2_h2tg000703l_216111-216388:-_AW_365338_hap2_h2tg000703l_217916-218182:-","EXON2","Core","Potential_coding_gene",0,0,0,0,267,0.267,123,460.674157303371,0.0173846468127683,26498.9080459791,10.1848965420052,"AW"
"AW_365338","Liver","AW_365338_hap2_h2tg000703l_216111-216388:-_AW_365338_hap2_h2tg000703l_217916-218182:-","EXON3","Core","Potential_coding_gene",0,0,0,0,278,0.278,123,442.446043165468,0.0173846468127683,25450.3901017137,10.1445256413795,"AW"
"AW_365338","Liver","AW_365338_hap2_h2tg000703l_238512-238778:-","EXON2","Core","Potential_coding_gene",0,0,0,0,267,0.267,37,138.576779026217,0.0173846468127683,7971.21624147338,8.98371780608691,"AW"
"AW_365338","Liver","AW_365338_hap2_h2tg000703l_265191-265468:-_AW_365338_hap2_h2tg000703l_266598-266864:-","EXON2","Core","Potential_coding_gene",0,0,NA,NA,267,0.267,244,913.857677902622,0.0173846468127683,52566.939538365,10.8698616984166,"AW"
"AW_365338","Liver","AW_365338_hap2_h2tg000703l_265191-265468:-_AW_365338_hap2_h2tg000703l_266598-266864:-","EXON3","Core","Potential_coding_gene",0,0,0,0,278,0.278,244,877.697841726619,0.0173846468127683,50486.9527220988,10.8294900268451,"AW"
"AW_365338","Liver","AW_365338_hap2_h2tg000703l_84091-84357:._AW_365338_hap2_h2tg000703l_85391-85668:.","EXON2","Core","Potential_coding_gene",0,0,0,0,267,0.267,102,382.022471910112,0.0173846468127683,21974.7042332509,9.99769276905927,"AW"
"AW_365338","Liver","AW_365338_hap2_h2tg000703l_84091-84357:._AW_365338_hap2_h2tg000703l_85391-85668:.","EXON3","Core","Potential_coding_gene",0,0,0,0,278,0.278,102,366.906474820144,0.0173846468127683,21105.2015477626,9.95732218849666,"AW"
"AW_365338","Liver","AW_365338_hap2_h2tg000703l_96430-96696:._AW_365338_hap2_h2tg000703l_97888-98165:.","EXON2","Core","Potential_coding_gene",0,0,0,0,267,0.267,35,131.086142322097,0.0173846468127683,7540.33968788023,8.92815512265693,"AW"
"AW_365338","Liver","AW_365338_hap2_h2tg000703l_96430-96696:._AW_365338_hap2_h2tg000703l_97888-98165:.","EXON3","Core","Potential_coding_gene",0,0,0,0,278,0.278,35,125.89928057554,0.0173846468127683,7241.98092325187,8.88778813037326,"AW"
"AW_365339","Gonad","AW_365339_hap2_h2tg000165l_321565-321841:-","EXON3","Not_core","Potential_pseudogene",2,1,NA,NA,277,0.277,0,0,0,0,0,"AW"
"AW_365339","Gonad","AW_365339_hap2_h2tg000165l_426520-426760:-","EXON2","Not_core","Potential_coding_gene",0,0,NA,NA,241,0.241,0,0,0,0,0,"AW"
"AW_365339","Gonad","AW_365339_hap2_h2tg000165l_433041-433318:-_AW_365339_hap2_h2tg000165l_434462-434728:-","EXON2","Not_core","Potential_coding_gene",0,0,1,0,267,0.267,0,0,0,0,0,"AW"
"AW_365339","Gonad","AW_365339_hap2_h2tg000165l_433041-433318:-_AW_365339_hap2_h2tg000165l_434462-434728:-","EXON3","Not_core","Potential_coding_gene",0,0,1,0,278,0.278,0,0,0,0,0,"AW"
"AW_365339","Gonad","AW_365339_hap2_h2tg000165l_478628-478904:-","EXON3","Not_core","Potential_pseudogene",2,1,NA,NA,277,0.277,0,0,0,0,0,"AW"
"AW_365339","Gonad","AW_365339_hap2_h2tg000165l_706077-706336:._AW_365339_hap2_h2tg000165l_706591-706867:.","EXON2","Not_core","Potential_pseudogene",0,0,NA,NA,260,0.26,0,0,0,0,0,"AW"
"AW_365339","Gonad","AW_365339_hap2_h2tg000165l_706077-706336:._AW_365339_hap2_h2tg000165l_706591-706867:.","EXON3","Not_core","Potential_pseudogene",2,1,NA,NA,277,0.277,0,0,0,0,0,"AW"
"AW_365339","Gonad","AW_365339_hap2_h2tg000701l_115672-115949:-_AW_365339_hap2_h2tg000701l_117025-117291:-","EXON2","Core","Potential_coding_gene",0,0,0,0,267,0.267,0,0,0,0,0,"AW"
"AW_365339","Gonad","AW_365339_hap2_h2tg000701l_115672-115949:-_AW_365339_hap2_h2tg000701l_117025-117291:-","EXON3","Core","Potential_coding_gene",0,0,0,0,278,0.278,0,0,0,0,0,"AW"
"AW_365339","Gonad","AW_365339_hap2_h2tg000701l_148398-148675:-_AW_365339_hap2_h2tg000701l_149926-150192:-","EXON2","Core","Potential_coding_gene",0,0,0,0,267,0.267,0,0,0,0,0,"AW"
"AW_365339","Gonad","AW_365339_hap2_h2tg000701l_148398-148675:-_AW_365339_hap2_h2tg000701l_149926-150192:-","EXON3","Core","Potential_coding_gene",0,0,0,0,278,0.278,0,0,0,0,0,"AW"
"AW_365339","Gonad","AW_365339_hap2_h2tg000701l_190417-190694:-_AW_365339_hap2_h2tg000701l_192790-193056:-","EXON2","Core","Potential_coding_gene",0,0,0,0,267,0.267,0,0,0,0,0,"AW"
"AW_365339","Gonad","AW_365339_hap2_h2tg000701l_190417-190694:-_AW_365339_hap2_h2tg000701l_192790-193056:-","EXON3","Core","Potential_coding_gene",0,0,0,0,278,0.278,0,0,0,0,0,"AW"
"AW_365339","Gonad","AW_365339_hap2_h2tg000701l_207025-207302:-_AW_365339_hap2_h2tg000701l_208797-209063:-","EXON2","Core","Potential_coding_gene",0,0,0,0,267,0.267,0,0,0,0,0,"AW"
"AW_365339","Gonad","AW_365339_hap2_h2tg000701l_207025-207302:-_AW_365339_hap2_h2tg000701l_208797-209063:-","EXON3","Core","Potential_coding_gene",0,0,0,0,278,0.278,0,0,0,0,0,"AW"
"AW_365339","Gonad","AW_365339_hap2_h2tg000701l_62453-62719:._AW_365339_hap2_h2tg000701l_64228-64505:.","EXON2","Core","Potential_coding_gene",0,0,0,0,267,0.267,0,0,0,0,0,"AW"
"AW_365339","Gonad","AW_365339_hap2_h2tg000701l_62453-62719:._AW_365339_hap2_h2tg000701l_64228-64505:.","EXON3","Core","Potential_coding_gene",0,0,0,0,278,0.278,0,0,0,0,0,"AW"
"AW_365339","Gonad","AW_365339_hap2_h2tg000701l_95300-95577:-_AW_365339_hap2_h2tg000701l_97090-97356:-","EXON2","Core","Potential_coding_gene",0,0,0,0,267,0.267,0,0,0,0,0,"AW"
"AW_365339","Gonad","AW_365339_hap2_h2tg000701l_95300-95577:-_AW_365339_hap2_h2tg000701l_97090-97356:-","EXON3","Core","Potential_coding_gene",0,0,0,0,278,0.278,0,0,0,0,0,"AW"
"AW_365339","Heart","AW_365339_hap1_h1tg000473l_485588-485864:-","EXON3","Not_core","Potential_pseudogene",2,1,0,0,277,0.277,2,7.22021660649819,0.0146329474562489,493.421891118378,6.20338918331529,"AW"
"AW_365339","Heart","AW_365339_hap1_h1tg000473l_589866-590105:-","EXON2","Not_core","Potential_coding_gene",0,0,0,0,240,0.24,3,12.5,0.0146329474562489,854.236648998692,6.75137821309417,"AW"
"AW_365339","Heart","AW_365339_hap1_h1tg000473l_596391-596668:-_AW_365339_hap1_h1tg000473l_597812-598078:-","EXON2","Not_core","Potential_coding_gene",0,0,0,0,267,0.267,8,29.9625468164794,0.0146329474562489,2047.60844703806,7.62491603531623,"AW"
"AW_365339","Heart","AW_365339_hap1_h1tg000473l_596391-596668:-_AW_365339_hap1_h1tg000473l_597812-598078:-","EXON3","Not_core","Potential_coding_gene",0,0,0,0,278,0.278,8,28.7769784172662,0.0146329474562489,1966.58796891785,7.58456369030494,"AW"
"AW_365339","Heart","AW_365339_hap1_h1tg000473l_636619-636895:-","EXON3","Not_core","Potential_pseudogene",2,1,NA,NA,277,0.277,0,0,0.0146329474562489,0,0,"AW"
"AW_365339","Heart","AW_365339_hap1_h1tg000473l_824004-824264:._AW_365339_hap1_h1tg000473l_824519-824795:.","EXON2","Not_core","Potential_pseudogene",0,0,NA,NA,261,0.261,0,0,0.0146329474562489,0,0,"AW"
"AW_365339","Heart","AW_365339_hap1_h1tg000473l_824004-824264:._AW_365339_hap1_h1tg000473l_824519-824795:.","EXON3","Not_core","Potential_pseudogene",2,1,NA,NA,277,0.277,0,0,0.0146329474562489,0,0,"AW"
"AW_365339","Heart","AW_365339_hap1_h1tg000721l_104521-104798:-_AW_365339_hap1_h1tg000721l_105733-105999:-","EXON2","Core","Potential_coding_gene",0,0,0,0,267,0.267,178,666.666666666667,0.0146329474562489,45559.2879465969,10.7267917377035,"AW"
"AW_365339","Heart","AW_365339_hap1_h1tg000721l_104521-104798:-_AW_365339_hap1_h1tg000721l_105733-105999:-","EXON3","Core","Potential_coding_gene",0,0,0,0,278,0.278,178,640.287769784173,0.0146329474562489,43756.5823084222,10.6864201866761,"AW"
"AW_365339","Heart","AW_365339_hap1_h1tg000721l_128971-129248:-_AW_365339_hap1_h1tg000721l_130416-130682:-","EXON2","Core","Potential_coding_gene",0,0,0,0,267,0.267,135,505.61797752809,0.0146329474562489,34553.3925437673,10.4502899569691,"AW"
"AW_365339","Heart","AW_365339_hap1_h1tg000721l_128971-129248:-_AW_365339_hap1_h1tg000721l_130416-130682:-","EXON3","Core","Potential_coding_gene",0,0,0,0,278,0.278,135,485.611510791367,0.0146329474562489,33186.1719754888,10.4099186939577,"AW"
"AW_365339","Heart","AW_365339_hap1_h1tg000721l_148454-148731:-_AW_365339_hap1_h1tg000721l_149859-150125:-","EXON2","Core","Potential_coding_gene",0,0,0,0,267,0.267,114,426.966292134831,0.0146329474562489,29178.4203702924,10.2812189579416,"AW"
"AW_365339","Heart","AW_365339_hap1_h1tg000721l_148454-148731:-_AW_365339_hap1_h1tg000721l_149859-150125:-","EXON3","Core","Potential_coding_gene",0,0,0,0,278,0.278,114,410.071942446043,0.0146329474562489,28023.8785570794,10.2408479145529,"AW"
"AW_365339","Heart","AW_365339_hap1_h1tg000721l_177944-178221:-_AW_365339_hap1_h1tg000721l_179545-179811:-","EXON2","Core","Potential_coding_gene",0,0,0,0,267,0.267,87,325.842696629213,0.0146329474562489,22267.7418615389,10.0109392638885,"AW"
"AW_365339","Heart","AW_365339_hap1_h1tg000721l_177944-178221:-_AW_365339_hap1_h1tg000721l_179545-179811:-","EXON3","Core","Potential_coding_gene",0,0,0,0,278,0.278,87,312.94964028777,0.0146329474562489,21386.6441619816,9.97056865865613,"AW"
"AW_365339","Heart","AW_365339_hap1_h1tg000721l_24020-24286:._AW_365339_hap1_h1tg000721l_25793-26070:.","EXON2","Core","Potential_coding_gene",0,0,0,0,267,0.267,311,1164.79400749064,0.0146329474562489,79600.7783786047,11.2847917130227,"AW"
"AW_365339","Heart","AW_365339_hap1_h1tg000721l_24020-24286:._AW_365339_hap1_h1tg000721l_25793-26070:.","EXON3","Core","Potential_coding_gene",0,0,0,0,278,0.278,311,1118.70503597122,0.0146329474562489,76451.1072916815,11.2444197752897,"AW"
"AW_365339","Heart","AW_365339_hap1_h1tg000721l_51619-51896:-_AW_365339_hap1_h1tg000721l_52881-53147:-","EXON2","Core","Potential_coding_gene",0,0,0,0,267,0.267,80,299.625468164794,0.0146329474562489,20476.0844703806,9.92706170917462,"AW"
"AW_365339","Heart","AW_365339_hap1_h1tg000721l_51619-51896:-_AW_365339_hap1_h1tg000721l_52881-53147:-","EXON3","Core","Potential_coding_gene",0,0,0,0,278,0.278,80,287.769784172662,0.0146329474562489,19665.8796891785,9.88669126581423,"AW"
"AW_365339","Heart","AW_365339_hap1_h1tg000721l_80890-81165:-_AW_365339_hap1_h1tg000721l_82335-82601:-","EXON2","Core","Potential_coding_gene",0,0,0,0,267,0.267,117,438.202247191011,0.0146329474562489,29946.2735379317,10.3071935656078,"AW"
"AW_365339","Heart","AW_365339_hap1_h1tg000721l_80890-81165:-_AW_365339_hap1_h1tg000721l_82335-82601:-","EXON3","Core","Potential_coding_gene",0,0,0,0,276,0.276,117,423.913043478261,0.0146329474562489,28969.7646182165,10.2740424838641,"AW"
"AW_365339","Heart","AW_365339_hap2_h2tg000165l_321565-321841:-","EXON3","Not_core","Potential_pseudogene",2,1,NA,NA,277,0.277,6,21.6606498194946,0.0146329474562489,1480.26567335513,7.30065218599548,"AW"
"AW_365339","Heart","AW_365339_hap2_h2tg000165l_426520-426760:-","EXON2","Not_core","Potential_coding_gene",0,0,NA,NA,241,0.241,20,82.9875518672199,0.0146329474562489,5671.28065725273,8.64334654816777,"AW"
"AW_365339","Heart","AW_365339_hap2_h2tg000165l_433041-433318:-_AW_365339_hap2_h2tg000165l_434462-434728:-","EXON2","Not_core","Potential_coding_gene",0,0,1,0,267,0.267,42,157.303370786517,0.0146329474562489,10749.9443469498,9.28274887592545,"AW"
"AW_365339","Heart","AW_365339_hap2_h2tg000165l_433041-433318:-_AW_365339_hap2_h2tg000165l_434462-434728:-","EXON3","Not_core","Potential_coding_gene",0,0,1,0,278,0.278,42,151.079136690647,0.0146329474562489,10324.5868368187,9.24238025270986,"AW"
"AW_365339","Heart","AW_365339_hap2_h2tg000165l_478628-478904:-","EXON3","Not_core","Potential_pseudogene",2,1,NA,NA,277,0.277,21,75.812274368231,0.0146329474562489,5180.92985674297,8.55293282508737,"AW"
"AW_365339","Heart","AW_365339_hap2_h2tg000165l_706077-706336:._AW_365339_hap2_h2tg000165l_706591-706867:.","EXON2","Not_core","Potential_pseudogene",0,0,NA,NA,260,0.26,16,61.5384615384615,0.0146329474562489,4205.47273353202,8.34437974498532,"AW"
"AW_365339","Heart","AW_365339_hap2_h2tg000165l_706077-706336:._AW_365339_hap2_h2tg000165l_706591-706867:.","EXON3","Not_core","Potential_pseudogene",2,1,NA,NA,277,0.277,16,57.7617328519856,0.0146329474562489,3947.37512894703,8.28105941350328,"AW"
"AW_365339","Heart","AW_365339_hap2_h2tg000701l_115672-115949:-_AW_365339_hap2_h2tg000701l_117025-117291:-","EXON2","Core","Potential_coding_gene",0,0,0,0,267,0.267,103,385.767790262172,0.0146329474562489,26362.9587556151,10.1797531577508,"AW"
"AW_365339","Heart","AW_365339_hap2_h2tg000701l_115672-115949:-_AW_365339_hap2_h2tg000701l_117025-117291:-","EXON3","Core","Potential_coding_gene",0,0,0,0,278,0.278,103,370.503597122302,0.0146329474562489,25319.8200998174,10.1393822651419,"AW"
"AW_365339","Heart","AW_365339_hap2_h2tg000701l_148398-148675:-_AW_365339_hap2_h2tg000701l_149926-150192:-","EXON2","Core","Potential_coding_gene",0,0,0,0,267,0.267,129,483.14606741573,0.0146329474562489,33017.6862084888,10.4048289289324,"AW"
"AW_365339","Heart","AW_365339_hap2_h2tg000701l_148398-148675:-_AW_365339_hap2_h2tg000701l_149926-150192:-","EXON3","Core","Potential_coding_gene",0,0,0,0,278,0.278,129,464.028776978417,0.0146329474562489,31711.2309988004,10.3644577213741,"AW"
"AW_365339","Heart","AW_365339_hap2_h2tg000701l_190417-190694:-_AW_365339_hap2_h2tg000701l_192790-193056:-","EXON2","Core","Potential_coding_gene",0,0,0,0,267,0.267,111,415.730337078652,0.0146329474562489,28410.5672026531,10.2545516370949,"AW"
"AW_365339","Heart","AW_365339_hap2_h2tg000701l_190417-190694:-_AW_365339_hap2_h2tg000701l_192790-193056:-","EXON3","Core","Potential_coding_gene",0,0,0,0,278,0.278,111,399.280575539568,0.0146329474562489,27286.4080687352,10.2141806318643,"AW"
"AW_365339","Heart","AW_365339_hap2_h2tg000701l_207025-207302:-_AW_365339_hap2_h2tg000701l_208797-209063:-","EXON2","Core","Potential_coding_gene",0,0,0,0,267,0.267,79,295.880149812734,0.0146329474562489,20220.1334145009,9.91448354513311,"AW"
"AW_365339","Heart","AW_365339_hap2_h2tg000701l_207025-207302:-_AW_365339_hap2_h2tg000701l_208797-209063:-","EXON3","Core","Potential_coding_gene",0,0,0,0,278,0.278,79,284.172661870504,0.0146329474562489,19420.0561930638,9.8741131272389,"AW"
"AW_365339","Heart","AW_365339_hap2_h2tg000701l_62453-62719:._AW_365339_hap2_h2tg000701l_64228-64505:.","EXON2","Core","Potential_coding_gene",0,0,0,0,267,0.267,310,1161.04868913858,0.0146329474562489,79344.827322725,11.2815711388469,"AW"
"AW_365339","Heart","AW_365339_hap2_h2tg000701l_62453-62719:._AW_365339_hap2_h2tg000701l_64228-64505:.","EXON3","Core","Potential_coding_gene",0,0,0,0,278,0.278,310,1115.10791366906,0.0146329474562489,76205.2837955668,11.2411992027835,"AW"
"AW_365339","Heart","AW_365339_hap2_h2tg000701l_95300-95577:-_AW_365339_hap2_h2tg000701l_97090-97356:-","EXON2","Core","Potential_coding_gene",0,0,0,0,267,0.267,145,543.071161048689,0.0146329474562489,37112.9031025649,10.5217469250954,"AW"
"AW_365339","Heart","AW_365339_hap2_h2tg000701l_95300-95577:-_AW_365339_hap2_h2tg000701l_97090-97356:-","EXON3","Core","Potential_coding_gene",0,0,0,0,278,0.278,145,521.58273381295,0.0146329474562489,35644.4069366361,10.4813755798601,"AW"
"AW_365339","Liver","AW_365339_hap1_h1tg000473l_485588-485864:-","EXON3","Not_core","Potential_pseudogene",2,1,0,0,277,0.277,2,7.22021660649819,0.0887142380973147,81.3873484274081,4.41143188662485,"AW"
"AW_365339","Liver","AW_365339_hap1_h1tg000473l_589866-590105:-","EXON2","Not_core","Potential_coding_gene",0,0,0,0,240,0.24,1,4.16666666666667,0.0887142380973147,46.9672823216501,3.87051916020157,"AW"
"AW_365339","Liver","AW_365339_hap1_h1tg000473l_596391-596668:-_AW_365339_hap1_h1tg000473l_597812-598078:-","EXON2","Not_core","Potential_coding_gene",0,0,0,0,267,0.267,2,7.49063670411985,0.0887142380973147,84.4355637243147,4.44776245116155,"AW"
"AW_365339","Liver","AW_365339_hap1_h1tg000473l_596391-596668:-_AW_365339_hap1_h1tg000473l_597812-598078:-","EXON3","Not_core","Potential_coding_gene",0,0,0,0,278,0.278,2,7.19424460431655,0.0887142380973147,81.0945881812663,4.40787209688338,"AW"
"AW_365339","Liver","AW_365339_hap1_h1tg000473l_636619-636895:-","EXON3","Not_core","Potential_pseudogene",2,1,NA,NA,277,0.277,3,10.8303249097473,0.0887142380973147,122.081022641112,4.81284285917064,"AW"
"AW_365339","Liver","AW_365339_hap1_h1tg000473l_824004-824264:._AW_365339_hap1_h1tg000473l_824519-824795:.","EXON2","Not_core","Potential_pseudogene",0,0,NA,NA,261,0.261,0,0,0.0887142380973147,0,0,"AW"
"AW_365339","Liver","AW_365339_hap1_h1tg000473l_824004-824264:._AW_365339_hap1_h1tg000473l_824519-824795:.","EXON3","Not_core","Potential_pseudogene",2,1,NA,NA,277,0.277,0,0,0.0887142380973147,0,0,"AW"
"AW_365339","Liver","AW_365339_hap1_h1tg000721l_104521-104798:-_AW_365339_hap1_h1tg000721l_105733-105999:-","EXON2","Core","Potential_coding_gene",0,0,0,0,267,0.267,852,3191.01123595506,0.0887142380973147,35969.5501465581,10.490455831167,"AW"
"AW_365339","Liver","AW_365339_hap1_h1tg000721l_104521-104798:-_AW_365339_hap1_h1tg000721l_105733-105999:-","EXON3","Core","Potential_coding_gene",0,0,0,0,278,0.278,852,3064.74820143885,0.0887142380973147,34546.2945652195,10.4500845212158,"AW"
"AW_365339","Liver","AW_365339_hap1_h1tg000721l_128971-129248:-_AW_365339_hap1_h1tg000721l_130416-130682:-","EXON2","Core","Potential_coding_gene",0,0,0,0,267,0.267,757,2835.20599250936,0.0887142380973147,31958.8608696531,10.3722360466058,"AW"
"AW_365339","Liver","AW_365339_hap1_h1tg000721l_128971-129248:-_AW_365339_hap1_h1tg000721l_130416-130682:-","EXON3","Core","Potential_coding_gene",0,0,0,0,278,0.278,757,2723.02158273381,0.0887142380973147,30694.3016266093,10.3318648803847,"AW"
"AW_365339","Liver","AW_365339_hap1_h1tg000721l_148454-148731:-_AW_365339_hap1_h1tg000721l_149859-150125:-","EXON2","Core","Potential_coding_gene",0,0,0,0,267,0.267,608,2277.15355805243,0.0887142380973147,25668.4113721917,10.1530553430293,"AW"
"AW_365339","Liver","AW_365339_hap1_h1tg000721l_148454-148731:-_AW_365339_hap1_h1tg000721l_149859-150125:-","EXON3","Core","Potential_coding_gene",0,0,0,0,278,0.278,608,2187.05035971223,0.0887142380973147,24652.754807105,10.1126844927024,"AW"
"AW_365339","Liver","AW_365339_hap1_h1tg000721l_177944-178221:-_AW_365339_hap1_h1tg000721l_179545-179811:-","EXON2","Core","Potential_coding_gene",0,0,0,0,267,0.267,449,1681.64794007491,0.0887142380973147,18955.7840561087,9.84991714412853,"AW"
"AW_365339","Liver","AW_365339_hap1_h1tg000721l_177944-178221:-_AW_365339_hap1_h1tg000721l_179545-179811:-","EXON3","Core","Potential_coding_gene",0,0,0,0,278,0.278,449,1615.10791366906,0.0887142380973147,18205.7350466943,9.80954686212117,"AW"
"AW_365339","Liver","AW_365339_hap1_h1tg000721l_24020-24286:._AW_365339_hap1_h1tg000721l_25793-26070:.","EXON2","Core","Potential_coding_gene",0,0,0,0,267,0.267,2755,10318.3520599251,0.0887142380973147,116309.989030244,11.6640228226951,"AW"
"AW_365339","Liver","AW_365339_hap1_h1tg000721l_24020-24286:._AW_365339_hap1_h1tg000721l_25793-26070:.","EXON3","Core","Potential_coding_gene",0,0,0,0,278,0.278,2755,9910.07194244604,0.0887142380973147,111707.795219694,11.6236507216146,"AW"
"AW_365339","Liver","AW_365339_hap1_h1tg000721l_51619-51896:-_AW_365339_hap1_h1tg000721l_52881-53147:-","EXON2","Core","Potential_coding_gene",0,0,0,0,267,0.267,559,2093.6329588015,0.0887142380973147,23599.740060946,10.0690333490367,"AW"
"AW_365339","Liver","AW_365339_hap1_h1tg000721l_51619-51896:-_AW_365339_hap1_h1tg000721l_52881-53147:-","EXON3","Core","Potential_coding_gene",0,0,0,0,278,0.278,559,2010.79136690647,0.0887142380973147,22665.9373966639,10.0286626393893,"AW"
"AW_365339","Liver","AW_365339_hap1_h1tg000721l_80890-81165:-_AW_365339_hap1_h1tg000721l_82335-82601:-","EXON2","Core","Potential_coding_gene",0,0,0,0,267,0.267,842,3153.55805243446,0.0887142380973147,35547.3723279365,10.4786496487524,"AW"
"AW_365339","Liver","AW_365339_hap1_h1tg000721l_80890-81165:-_AW_365339_hap1_h1tg000721l_82335-82601:-","EXON3","Core","Potential_coding_gene",0,0,0,0,276,0.276,842,3050.72463768116,0.0887142380973147,34388.2188824603,10.4454983896604,"AW"
"AW_365339","Liver","AW_365339_hap2_h2tg000165l_321565-321841:-","EXON3","Not_core","Potential_pseudogene",2,1,NA,NA,277,0.277,15,54.1516245487365,0.0887142380973147,610.405113205561,6.41575977253194,"AW"
"AW_365339","Liver","AW_365339_hap2_h2tg000165l_426520-426760:-","EXON2","Not_core","Potential_coding_gene",0,0,NA,NA,241,0.241,23,95.4356846473029,0.0887142380973147,1075.76513865356,6.98171658341612,"AW"
"AW_365339","Liver","AW_365339_hap2_h2tg000165l_433041-433318:-_AW_365339_hap2_h2tg000165l_434462-434728:-","EXON2","Not_core","Potential_coding_gene",0,0,1,0,267,0.267,48,179.775280898876,0.0887142380973147,2026.45352938355,7.61453586557082,"AW"
"AW_365339","Liver","AW_365339_hap2_h2tg000165l_433041-433318:-_AW_365339_hap2_h2tg000165l_434462-434728:-","EXON3","Not_core","Potential_coding_gene",0,0,1,0,278,0.278,48,172.661870503597,0.0887142380973147,1946.27011635039,7.57418373039268,"AW"
"AW_365339","Liver","AW_365339_hap2_h2tg000165l_478628-478904:-","EXON3","Not_core","Potential_pseudogene",2,1,NA,NA,277,0.277,22,79.4223826714801,0.0887142380973147,895.260832701489,6.79823147853701,"AW"
"AW_365339","Liver","AW_365339_hap2_h2tg000165l_706077-706336:._AW_365339_hap2_h2tg000165l_706591-706867:.","EXON2","Not_core","Potential_pseudogene",0,0,NA,NA,260,0.26,12,46.1538461538462,0.0887142380973147,520.252973409047,6.25623547747861,"AW"
"AW_365339","Liver","AW_365339_hap2_h2tg000165l_706077-706336:._AW_365339_hap2_h2tg000165l_706591-706867:.","EXON3","Not_core","Potential_pseudogene",2,1,NA,NA,277,0.277,12,43.3212996389892,0.0887142380973147,488.324090564448,6.19302503183569,"AW"
"AW_365339","Liver","AW_365339_hap2_h2tg000701l_115672-115949:-_AW_365339_hap2_h2tg000701l_117025-117291:-","EXON2","Core","Potential_coding_gene",0,0,0,0,267,0.267,418,1565.54307116105,0.0887142380973147,17647.0328183818,9.77837960110068,"AW"
"AW_365339","Liver","AW_365339_hap2_h2tg000701l_115672-115949:-_AW_365339_hap2_h2tg000701l_117025-117291:-","EXON3","Core","Potential_coding_gene",0,0,0,0,278,0.278,418,1503.59712230216,0.0887142380973147,16948.7689298847,9.73800948026049,"AW"
"AW_365339","Liver","AW_365339_hap2_h2tg000701l_148398-148675:-_AW_365339_hap2_h2tg000701l_149926-150192:-","EXON2","Core","Potential_coding_gene",0,0,0,0,267,0.267,679,2543.07116104869,0.0887142380973147,28665.8738844049,10.2634975150672,"AW"
"AW_365339","Liver","AW_365339_hap2_h2tg000701l_148398-148675:-_AW_365339_hap2_h2tg000701l_149926-150192:-","EXON3","Core","Potential_coding_gene",0,0,0,0,278,0.278,679,2442.44604316547,0.0887142380973147,27531.6126875399,10.2231264969224,"AW"
"AW_365339","Liver","AW_365339_hap2_h2tg000701l_190417-190694:-_AW_365339_hap2_h2tg000701l_192790-193056:-","EXON2","Core","Potential_coding_gene",0,0,0,0,267,0.267,380,1423.22097378277,0.0887142380973147,16042.7571076198,9.68307508763422,"AW"
"AW_365339","Liver","AW_365339_hap2_h2tg000701l_190417-190694:-_AW_365339_hap2_h2tg000701l_192790-193056:-","EXON3","Core","Potential_coding_gene",0,0,0,0,278,0.278,380,1366.90647482014,0.0887142380973147,15407.9717544406,9.64270520022421,"AW"
"AW_365339","Liver","AW_365339_hap2_h2tg000701l_207025-207302:-_AW_365339_hap2_h2tg000701l_208797-209063:-","EXON2","Core","Potential_coding_gene",0,0,0,0,267,0.267,335,1254.68164794007,0.0887142380973147,14142.9569238227,9.55704273932858,"AW"
"AW_365339","Liver","AW_365339_hap2_h2tg000701l_207025-207302:-_AW_365339_hap2_h2tg000701l_208797-209063:-","EXON3","Core","Potential_coding_gene",0,0,0,0,278,0.278,335,1205.03597122302,0.0887142380973147,13583.3435203621,9.51667319683283,"AW"
"AW_365339","Liver","AW_365339_hap2_h2tg000701l_62453-62719:._AW_365339_hap2_h2tg000701l_64228-64505:.","EXON2","Core","Potential_coding_gene",0,0,0,0,267,0.267,2058,7707.86516853933,0.0887142380973147,86884.1950723199,11.3723429293322,"AW"
"AW_365339","Liver","AW_365339_hap2_h2tg000701l_62453-62719:._AW_365339_hap2_h2tg000701l_64228-64505:.","EXON3","Core","Potential_coding_gene",0,0,0,0,278,0.278,2058,7402.87769784173,0.0887142380973147,83446.3312385231,11.3319709482134,"AW"
"AW_365339","Liver","AW_365339_hap2_h2tg000701l_95300-95577:-_AW_365339_hap2_h2tg000701l_97090-97356:-","EXON2","Core","Potential_coding_gene",0,0,0,0,267,0.267,1291,4835.20599250936,0.0887142380973147,54503.1563840452,10.9060322416708,"AW"
"AW_365339","Liver","AW_365339_hap2_h2tg000701l_95300-95577:-_AW_365339_hap2_h2tg000701l_97090-97356:-","EXON3","Core","Potential_coding_gene",0,0,0,0,278,0.278,1291,4643.88489208633,0.0887142380973147,52346.5566710074,10.8656605422583,"AW"
"AW_366487","Brain","AW_366487_hap2_h2tg000600l_12262-12528:._AW_366487_hap2_h2tg000600l_13598-13875:.","EXON2","Core","Potential_coding_gene",0,0,0,0,267,0.267,52,194.756554307116,0.00570741394741917,34123.4324514315,10.4377689008891,"AW"
"AW_366487","Brain","AW_366487_hap2_h2tg000600l_12262-12528:._AW_366487_hap2_h2tg000600l_13598-13875:.","EXON3","Core","Potential_coding_gene",0,0,0,0,278,0.278,52,187.05035971223,0.00570741394741917,32773.2246925619,10.3973976529001,"AW"
"AW_366487","Brain","AW_366487_hap2_h2tg000600l_152688-152965:-_AW_366487_hap2_h2tg000600l_154597-154863:-","EXON2","Core","Potential_coding_gene",0,0,NA,NA,267,0.267,50,187.265917602996,0.00570741394741917,32810.992741761,10.3985493599158,"AW"
"AW_366487","Brain","AW_366487_hap2_h2tg000600l_152688-152965:-_AW_366487_hap2_h2tg000600l_154597-154863:-","EXON3","Core","Potential_coding_gene",0,0,NA,NA,278,0.278,50,179.856115107914,0.00570741394741917,31512.7160505403,10.3581781602174,"AW"
"AW_366487","Brain","AW_366487_hap2_h2tg000600l_176774-177051:-_AW_366487_hap2_h2tg000600l_178643-178909:-","EXON2","Core","Potential_coding_gene",0,0,0,0,267,0.267,27,101.123595505618,0.00570741394741917,17717.936080551,9.7823891817556,"AW"
"AW_366487","Brain","AW_366487_hap2_h2tg000600l_176774-177051:-_AW_366487_hap2_h2tg000600l_178643-178909:-","EXON3","Core","Potential_coding_gene",0,0,0,0,278,0.278,27,97.1223021582734,0.00570741394741917,17016.8666672918,9.742019051574,"AW"
"AW_366487","Brain","AW_366487_hap2_h2tg000600l_185524-185801:-_AW_366487_hap2_h2tg000600l_186567-186833:-","EXON2","Core","Potential_coding_gene",0,0,0,0,267,0.267,87,325.842696629213,0.00570741394741917,57091.1273706642,10.9524215117194,"AW"
"AW_366487","Brain","AW_366487_hap2_h2tg000600l_185524-185801:-_AW_366487_hap2_h2tg000600l_186567-186833:-","EXON3","Core","Potential_coding_gene",0,0,0,0,278,0.278,87,312.94964028777,0.00570741394741917,54832.1259279401,10.9120497780431,"AW"
"AW_366487","Brain","AW_366487_hap2_h2tg000600l_204658-204935:-_AW_366487_hap2_h2tg000600l_206471-206737:-","EXON2","Core","Potential_coding_gene",0,0,0,0,267,0.267,80,299.625468164794,0.00570741394741917,52497.5883868177,10.8685415603481,"AW"
"AW_366487","Brain","AW_366487_hap2_h2tg000600l_204658-204935:-_AW_366487_hap2_h2tg000600l_206471-206737:-","EXON3","Core","Potential_coding_gene",0,0,0,0,278,0.278,80,287.769784172662,0.00570741394741917,50420.3456808645,10.8281698898119,"AW"
"AW_366487","Brain","AW_366487_hap2_h2tg000600l_236312-236589:-_AW_366487_hap2_h2tg000600l_237538-237804:-","EXON2","Core","Potential_coding_gene",0,0,0,0,267,0.267,91,340.823970037453,0.00570741394741917,59716.0067900051,10.9973721296671,"AW"
"AW_366487","Brain","AW_366487_hap2_h2tg000600l_236312-236589:-_AW_366487_hap2_h2tg000600l_237538-237804:-","EXON3","Core","Potential_coding_gene",0,0,0,0,278,0.278,91,327.338129496403,0.00570741394741917,57353.1432119833,10.9570003642721,"AW"
"AW_366487","Brain","AW_366487_hap2_h2tg000600l_255669-255946:-_AW_366487_hap2_h2tg000600l_256859-257125:-","EXON2","Core","Potential_coding_gene",0,0,0,0,267,0.267,50,187.265917602996,0.00570741394741917,32810.992741761,10.3985493599158,"AW"
"AW_366487","Brain","AW_366487_hap2_h2tg000600l_255669-255946:-_AW_366487_hap2_h2tg000600l_256859-257125:-","EXON3","Core","Potential_coding_gene",0,0,0,0,278,0.278,50,179.856115107914,0.00570741394741917,31512.7160505403,10.3581781602174,"AW"
"AW_366487","Brain","AW_366487_hap2_h2tg000600l_32251-32517:._AW_366487_hap2_h2tg000600l_34658-34935:.","EXON2","Core","Potential_coding_gene",0,0,0,0,267,0.267,45,168.539325842697,0.00570741394741917,29529.8934675849,10.2931922305479,"AW"
"AW_366487","Brain","AW_366487_hap2_h2tg000600l_32251-32517:._AW_366487_hap2_h2tg000600l_34658-34935:.","EXON3","Core","Potential_coding_gene",0,0,0,0,278,0.278,45,161.870503597122,0.00570741394741917,28361.4444454863,10.252821170355,"AW"
"AW_366487","Brain","AW_366487_hap2_h2tg000600l_46816-47082:._AW_366487_hap2_h2tg000600l_48334-48611:.","EXON2","Core","Potential_coding_gene",0,0,0,0,267,0.267,71,265.917602996255,0.00570741394741917,46591.6096933007,10.7491972172645,"AW"
"AW_366487","Brain","AW_366487_hap2_h2tg000600l_46816-47082:._AW_366487_hap2_h2tg000600l_48334-48611:.","EXON3","Core","Potential_coding_gene",0,0,0,0,278,0.278,71,255.395683453237,0.00570741394741917,44748.0567917672,10.7088256462019,"AW"
"AW_366487","Brain","AW_366487_hap2_h2tg000600l_68028-68271:._AW_366487_hap2_h2tg000600l_69218-69495:.","EXON2","Core","Potential_coding_gene",0,0,0,0,244,0.244,56,229.508196721311,0.00570741394741917,40212.2920880993,10.6019528689125,"AW"
"AW_366487","Brain","AW_366487_hap2_h2tg000600l_68028-68271:._AW_366487_hap2_h2tg000600l_69218-69495:.","EXON3","Core","Potential_coding_gene",0,0,0,0,278,0.278,56,201.438848920863,0.00570741394741917,35294.2419766051,10.4715034456385,"AW"
"AW_366487","Brain","AW_366487_hap2_h2tg000600l_94520-94797:-_AW_366487_hap2_h2tg000600l_96789-97055:-","EXON2","Core","Potential_coding_gene",0,0,0,0,267,0.267,61,228.464419475655,0.00570741394741917,40029.4111449485,10.5973947228544,"AW"
"AW_366487","Brain","AW_366487_hap2_h2tg000600l_94520-94797:-_AW_366487_hap2_h2tg000600l_96789-97055:-","EXON3","Core","Potential_coding_gene",0,0,0,0,278,0.278,61,219.424460431655,0.00570741394741917,38445.5135816592,10.5570232967436,"AW"
"AW_366487","Brain","AW_366487_hap2_h2tg000629l_497211-497487:-","EXON3","Not_core","Potential_pseudogene",2,1,NA,NA,277,0.277,29,104.693140794224,0.00570741394741917,18343.3586136791,9.81707737371861,"AW"
"AW_366487","Brain","AW_366487_hap2_h2tg000629l_602205-602445:-","EXON2","Not_core","Potential_coding_gene",0,0,NA,NA,241,0.241,27,112.033195020747,0.00570741394741917,19629.4146618552,9.88483541093203,"AW"
"AW_366487","Brain","AW_366487_hap2_h2tg000629l_608725-609002:-_AW_366487_hap2_h2tg000629l_610146-610412:-","EXON2","Not_core","Potential_coding_gene",0,0,1,0,267,0.267,52,194.756554307116,0.00570741394741917,34123.4324514315,10.4377689008891,"AW"
"AW_366487","Brain","AW_366487_hap2_h2tg000629l_608725-609002:-_AW_366487_hap2_h2tg000629l_610146-610412:-","EXON3","Not_core","Potential_coding_gene",0,0,1,0,278,0.278,52,187.05035971223,0.00570741394741917,32773.2246925619,10.3973976529001,"AW"
"AW_366487","Brain","AW_366487_hap2_h2tg000629l_648049-648325:-","EXON3","Not_core","Potential_pseudogene",2,1,NA,NA,277,0.277,47,169.675090252708,0.00570741394741917,29728.8915463075,10.2999082680308,"AW"
"AW_366487","Brain","AW_366487_hap2_h2tg000629l_891926-892185:._AW_366487_hap2_h2tg000629l_892440-892716:.","EXON2","Not_core","Potential_pseudogene",0,0,NA,NA,260,0.26,0,0,0.00570741394741917,0,0,"AW"
"AW_366487","Brain","AW_366487_hap2_h2tg000629l_891926-892185:._AW_366487_hap2_h2tg000629l_892440-892716:.","EXON3","Not_core","Potential_pseudogene",2,1,NA,NA,277,0.277,0,0,0.00570741394741917,0,0,"AW"
"AW_366487","Heart","AW_366487_hap1_h1tg000269l_285462-285738:-","EXON3","Not_core","Potential_pseudogene",2,1,0,0,277,0.277,9,32.4909747292419,0.0306246344334021,1060.94245140782,6.96785501145209,"AW"
"AW_366487","Heart","AW_366487_hap1_h1tg000269l_390412-390652:-","EXON2","Not_core","Potential_coding_gene",0,0,0,0,241,0.241,14,58.0912863070539,0.0306246344334021,1896.88097121232,7.54849326445957,"AW"
"AW_366487","Heart","AW_366487_hap1_h1tg000269l_396939-397216:-_AW_366487_hap1_h1tg000269l_398360-398626:-","EXON2","Not_core","Potential_coding_gene",0,0,0,0,267,0.267,30,112.359550561798,0.0306246344334021,3668.92707915063,8.20792707140997,"AW"
"AW_366487","Heart","AW_366487_hap1_h1tg000269l_396939-397216:-_AW_366487_hap1_h1tg000269l_398360-398626:-","EXON3","Not_core","Potential_coding_gene",0,0,0,0,278,0.278,30,107.913669064748,0.0306246344334021,3523.75370551518,8.16756584202946,"AW"
"AW_366487","Heart","AW_366487_hap1_h1tg000269l_437156-437432:-","EXON3","Not_core","Potential_pseudogene",2,1,NA,NA,277,0.277,16,57.7617328519856,0.0306246344334021,1886.1199136139,7.54280709057468,"AW"
"AW_366487","Heart","AW_366487_hap1_h1tg000269l_664700-664959:._AW_366487_hap1_h1tg000269l_665214-665490:.","EXON2","Not_core","Potential_pseudogene",0,0,NA,NA,260,0.26,41,157.692307692308,0.0306246344334021,5149.19804300795,8.54679044787141,"AW"
"AW_366487","Heart","AW_366487_hap1_h1tg000269l_664700-664959:._AW_366487_hap1_h1tg000269l_665214-665490:.","EXON3","Not_core","Potential_pseudogene",2,1,NA,NA,277,0.277,41,148.014440433213,0.0306246344334021,4833.18227863562,8.48346726817262,"AW"
"AW_366487","Heart","AW_366487_hap1_h1tg000660l_104494-104760:._AW_366487_hap1_h1tg000660l_105950-106227:.","EXON2","Core","Potential_coding_gene",0,0,0,0,267,0.267,449,1681.64794007491,0.0306246344334021,54911.6086179545,10.9134982663008,"AW"
"AW_366487","Heart","AW_366487_hap1_h1tg000660l_104494-104760:._AW_366487_hap1_h1tg000660l_105950-106227:.","EXON3","Core","Potential_coding_gene",0,0,0,0,278,0.278,449,1615.10791366906,0.0306246344334021,52738.8471258771,10.8731265612659,"AW"
"AW_366487","Heart","AW_366487_hap1_h1tg000660l_129212-129478:._AW_366487_hap1_h1tg000660l_130302-130579:.","EXON2","Core","Potential_coding_gene",0,0,NA,NA,267,0.267,426,1595.50561797753,0.0306246344334021,52098.764523939,10.8609157080372,"AW"
"AW_366487","Heart","AW_366487_hap1_h1tg000660l_129212-129478:._AW_366487_hap1_h1tg000660l_130302-130579:.","EXON3","Core","Potential_coding_gene",0,0,0,0,278,0.278,426,1532.37410071942,0.0306246344334021,50037.3026183155,10.8205440435082,"AW"
"AW_366487","Heart","AW_366487_hap1_h1tg000660l_163263-163529:._AW_366487_hap1_h1tg000660l_164765-165042:.","EXON2","Core","Potential_coding_gene",0,0,0,0,267,0.267,168,629.213483146067,0.0306246344334021,20545.9916432435,9.93046981715174,"AW"
"AW_366487","Heart","AW_366487_hap1_h1tg000660l_163263-163529:._AW_366487_hap1_h1tg000660l_164765-165042:.","EXON3","Core","Potential_coding_gene",0,0,0,0,278,0.278,168,604.31654676259,0.0306246344334021,19733.020750885,9.89009936694615,"AW"
"AW_366487","Heart","AW_366487_hap1_h1tg000660l_185715-185992:-_AW_366487_hap1_h1tg000660l_187252-187518:-","EXON2","Core","Potential_coding_gene",0,0,0,0,267,0.267,357,1337.07865168539,0.0306246344334021,43660.2322418925,10.6842158532946,"AW"
"AW_366487","Heart","AW_366487_hap1_h1tg000660l_185715-185992:-_AW_366487_hap1_h1tg000660l_187252-187518:-","EXON3","Core","Potential_coding_gene",0,0,0,0,278,0.278,357,1284.1726618705,0.0306246344334021,41932.6690956306,10.6438443415983,"AW"
"AW_366487","Heart","AW_366487_hap1_h1tg000660l_223437-223714:-_AW_366487_hap1_h1tg000660l_224748-225014:-","EXON2","Core","Potential_coding_gene",0,0,0,0,267,0.267,260,973.78277153558,0.0306246344334021,31797.3680193055,10.3671702473037,"AW"
"AW_366487","Heart","AW_366487_hap1_h1tg000660l_223437-223714:-_AW_366487_hap1_h1tg000660l_224748-225014:-","EXON3","Core","Potential_coding_gene",0,0,0,0,278,0.278,260,935.251798561151,0.0306246344334021,30539.1987811315,10.3267990876294,"AW"
"AW_366487","Heart","AW_366487_hap1_h1tg000660l_253826-254103:-_AW_366487_hap1_h1tg000660l_255231-255497:-","EXON2","Core","Potential_coding_gene",0,0,0,0,267,0.267,218,816.479400749064,0.0306246344334021,26660.8701084946,10.1909897378777,"AW"
"AW_366487","Heart","AW_366487_hap1_h1tg000660l_253826-254103:-_AW_366487_hap1_h1tg000660l_255231-255497:-","EXON3","Core","Potential_coding_gene",0,0,0,0,278,0.278,218,784.172661870503,0.0306246344334021,25605.9435934103,10.1506188278079,"AW"
"AW_366487","Heart","AW_366487_hap1_h1tg000660l_80834-81100:._AW_366487_hap1_h1tg000660l_82215-82492:.","EXON2","Core","Potential_coding_gene",0,0,0,0,267,0.267,356,1333.33333333333,0.0306246344334021,43537.9346725875,10.681410866703,"AW"
"AW_366487","Heart","AW_366487_hap1_h1tg000660l_80834-81100:._AW_366487_hap1_h1tg000660l_82215-82492:.","EXON3","Core","Potential_coding_gene",0,0,0,0,278,0.278,356,1280.57553956835,0.0306246344334021,41815.2106387801,10.6410393576572,"AW"
"AW_366487","Heart","AW_366487_hap2_h2tg000600l_12262-12528:._AW_366487_hap2_h2tg000600l_13598-13875:.","EXON2","Core","Potential_coding_gene",0,0,0,0,267,0.267,258,966.292134831461,0.0306246344334021,31552.7728806955,10.3594484449939,"AW"
"AW_366487","Heart","AW_366487_hap2_h2tg000600l_12262-12528:._AW_366487_hap2_h2tg000600l_13598-13875:.","EXON3","Core","Potential_coding_gene",0,0,0,0,278,0.278,258,928.057553956834,0.0306246344334021,30304.2818674305,10.3190772953628,"AW"
"AW_366487","Heart","AW_366487_hap2_h2tg000600l_152688-152965:-_AW_366487_hap2_h2tg000600l_154597-154863:-","EXON2","Core","Potential_coding_gene",0,0,NA,NA,267,0.267,177,662.921348314607,0.0306246344334021,21646.6697669887,9.98265309562814,"AW"
"AW_366487","Heart","AW_366487_hap2_h2tg000600l_152688-152965:-_AW_366487_hap2_h2tg000600l_154597-154863:-","EXON3","Core","Potential_coding_gene",0,0,NA,NA,278,0.278,177,636.690647482014,0.0306246344334021,20790.1468625395,9.94228254347389,"AW"
"AW_366487","Heart","AW_366487_hap2_h2tg000600l_176774-177051:-_AW_366487_hap2_h2tg000600l_178643-178909:-","EXON2","Core","Potential_coding_gene",0,0,0,0,267,0.267,111,415.730337078652,0.0306246344334021,13575.0301928573,9.51606103089931,"AW"
"AW_366487","Heart","AW_366487_hap2_h2tg000600l_176774-177051:-_AW_366487_hap2_h2tg000600l_178643-178909:-","EXON3","Core","Potential_coding_gene",0,0,0,0,278,0.278,111,399.280575539568,0.0306246344334021,13037.8887104062,9.47569161025446,"AW"
"AW_366487","Heart","AW_366487_hap2_h2tg000600l_185524-185801:-_AW_366487_hap2_h2tg000600l_186567-186833:-","EXON2","Core","Potential_coding_gene",0,0,0,0,267,0.267,317,1187.265917603,0.0306246344334021,38768.3294696917,10.565384735434,"AW"
"AW_366487","Heart","AW_366487_hap2_h2tg000600l_185524-185801:-_AW_366487_hap2_h2tg000600l_186567-186833:-","EXON3","Core","Potential_coding_gene",0,0,0,0,278,0.278,317,1140.28776978417,0.0306246344334021,37234.3308216104,10.5250133428001,"AW"
"AW_366487","Heart","AW_366487_hap2_h2tg000600l_204658-204935:-_AW_366487_hap2_h2tg000600l_206471-206737:-","EXON2","Core","Potential_coding_gene",0,0,0,0,267,0.267,156,584.269662921348,0.0306246344334021,19078.4208115833,9.85636558875449,"AW"
"AW_366487","Heart","AW_366487_hap2_h2tg000600l_204658-204935:-_AW_366487_hap2_h2tg000600l_206471-206737:-","EXON3","Core","Potential_coding_gene",0,0,0,0,278,0.278,156,561.151079136691,0.0306246344334021,18323.5192686789,9.81599529277794,"AW"
"AW_366487","Heart","AW_366487_hap2_h2tg000600l_236312-236589:-_AW_366487_hap2_h2tg000600l_237538-237804:-","EXON2","Core","Potential_coding_gene",0,0,0,0,267,0.267,106,397.003745318352,0.0306246344334021,12963.5423463322,9.46997339818523,"AW"
"AW_366487","Heart","AW_366487_hap2_h2tg000600l_236312-236589:-_AW_366487_hap2_h2tg000600l_237538-237804:-","EXON3","Core","Potential_coding_gene",0,0,0,0,278,0.278,106,381.294964028777,0.0306246344334021,12450.5964261536,9.42960412067277,"AW"
"AW_366487","Heart","AW_366487_hap2_h2tg000600l_255669-255946:-_AW_366487_hap2_h2tg000600l_256859-257125:-","EXON2","Core","Potential_coding_gene",0,0,0,0,267,0.267,90,337.078651685393,0.0306246344334021,11006.7812374519,9.30635768692441,"AW"
"AW_366487","Heart","AW_366487_hap2_h2tg000600l_255669-255946:-_AW_366487_hap2_h2tg000600l_256859-257125:-","EXON3","Core","Potential_coding_gene",0,0,0,0,278,0.278,90,323.741007194245,0.0306246344334021,10571.2611165455,9.26598897429786,"AW"
"AW_366487","Heart","AW_366487_hap2_h2tg000600l_32251-32517:._AW_366487_hap2_h2tg000600l_34658-34935:.","EXON2","Core","Potential_coding_gene",0,0,0,0,267,0.267,97,363.295880149813,0.0306246344334021,11862.864222587,9.38125243926366,"AW"
"AW_366487","Heart","AW_366487_hap2_h2tg000600l_32251-32517:._AW_366487_hap2_h2tg000600l_34658-34935:.","EXON3","Core","Potential_coding_gene",0,0,0,0,278,0.278,97,348.920863309353,0.0306246344334021,11393.4703144991,9.34088345657121,"AW"
"AW_366487","Heart","AW_366487_hap2_h2tg000600l_46816-47082:._AW_366487_hap2_h2tg000600l_48334-48611:.","EXON2","Core","Potential_coding_gene",0,0,0,0,267,0.267,113,423.220973782772,0.0306246344334021,13819.6253314674,9.53391734459519,"AW"
"AW_366487","Heart","AW_366487_hap2_h2tg000600l_46816-47082:._AW_366487_hap2_h2tg000600l_48334-48611:.","EXON3","Core","Potential_coding_gene",0,0,0,0,278,0.278,113,406.474820143885,0.0306246344334021,13272.8056241072,9.49354787024376,"AW"
"AW_366487","Heart","AW_366487_hap2_h2tg000600l_68028-68271:._AW_366487_hap2_h2tg000600l_69218-69495:.","EXON2","Core","Potential_coding_gene",0,0,0,0,244,0.244,154,631.147540983607,0.0306246344334021,20609.1453060814,9.93353872413046,"AW"
"AW_366487","Heart","AW_366487_hap2_h2tg000600l_68028-68271:._AW_366487_hap2_h2tg000600l_69218-69495:.","EXON3","Core","Potential_coding_gene",0,0,0,0,278,0.278,154,553.956834532374,0.0306246344334021,18088.6023549779,9.80309259666504,"AW"
"AW_366487","Heart","AW_366487_hap2_h2tg000600l_94520-94797:-_AW_366487_hap2_h2tg000600l_96789-97055:-","EXON2","Core","Potential_coding_gene",0,0,0,0,267,0.267,190,711.610486891386,0.0306246344334021,23236.538167954,10.0535242745439,"AW"
"AW_366487","Heart","AW_366487_hap2_h2tg000600l_94520-94797:-_AW_366487_hap2_h2tg000600l_96789-97055:-","EXON3","Core","Potential_coding_gene",0,0,0,0,278,0.278,190,683.453237410072,0.0306246344334021,22317.1068015961,10.0131535921807,"AW"
"AW_366487","Heart","AW_366487_hap2_h2tg000629l_497211-497487:-","EXON3","Not_core","Potential_pseudogene",2,1,NA,NA,277,0.277,10,36.101083032491,0.0306246344334021,1178.82494600869,7.07312135561454,"AW"
"AW_366487","Heart","AW_366487_hap2_h2tg000629l_602205-602445:-","EXON2","Not_core","Potential_coding_gene",0,0,NA,NA,241,0.241,19,78.8381742738589,0.0306246344334021,2574.33846093101,7.85373624559846,"AW"
"AW_366487","Heart","AW_366487_hap2_h2tg000629l_608725-609002:-_AW_366487_hap2_h2tg000629l_610146-610412:-","EXON2","Not_core","Potential_coding_gene",0,0,1,0,267,0.267,40,149.812734082397,0.0306246344334021,4891.90277220084,8.49554102029686,"AW"
"AW_366487","Heart","AW_366487_hap2_h2tg000629l_608725-609002:-_AW_366487_hap2_h2tg000629l_610146-610412:-","EXON3","Not_core","Potential_coding_gene",0,0,1,0,278,0.278,40,143.884892086331,0.0306246344334021,4698.33827402024,8.45517698502427,"AW"
"AW_366487","Heart","AW_366487_hap2_h2tg000629l_648049-648325:-","EXON3","Not_core","Potential_pseudogene",2,1,NA,NA,277,0.277,12,43.3212996389892,0.0306246344334021,1414.58993521042,7.25530163853534,"AW"
"AW_366487","Heart","AW_366487_hap2_h2tg000629l_891926-892185:._AW_366487_hap2_h2tg000629l_892440-892716:.","EXON2","Not_core","Potential_pseudogene",0,0,NA,NA,260,0.26,7,26.9230769230769,0.0306246344334021,879.131373196479,6.78007118405322,"AW"
"AW_366487","Heart","AW_366487_hap2_h2tg000629l_891926-892185:._AW_366487_hap2_h2tg000629l_892440-892716:.","EXON3","Not_core","Potential_pseudogene",2,1,NA,NA,277,0.277,7,25.2707581227437,0.0306246344334021,825.177462206081,6.71680959573085,"AW"
"AW_366487","Liver","AW_366487_hap2_h2tg000600l_12262-12528:._AW_366487_hap2_h2tg000600l_13598-13875:.","EXON2","Core","Potential_coding_gene",0,0,0,0,267,0.267,200,749.063670411985,0.0148130566620657,50567.7989020483,10.8310900425966,"AW"
"AW_366487","Liver","AW_366487_hap2_h2tg000600l_12262-12528:._AW_366487_hap2_h2tg000600l_13598-13875:.","EXON3","Core","Potential_coding_gene",0,0,0,0,278,0.278,200,719.424460431655,0.0148130566620657,48566.9147728305,10.7907184020078,"AW"
"AW_366487","Liver","AW_366487_hap2_h2tg000600l_152688-152965:-_AW_366487_hap2_h2tg000600l_154597-154863:-","EXON2","Core","Potential_coding_gene",0,0,NA,NA,267,0.267,204,764.044943820225,0.0148130566620657,51579.1548800892,10.8508922821468,"AW"
"AW_366487","Liver","AW_366487_hap2_h2tg000600l_152688-152965:-_AW_366487_hap2_h2tg000600l_154597-154863:-","EXON3","Core","Potential_coding_gene",0,0,NA,NA,278,0.278,204,733.812949640288,0.0148130566620657,49538.2530682871,10.8105206255838,"AW"
"AW_366487","Liver","AW_366487_hap2_h2tg000600l_176774-177051:-_AW_366487_hap2_h2tg000600l_178643-178909:-","EXON2","Core","Potential_coding_gene",0,0,0,0,267,0.267,95,355.805243445693,0.0148130566620657,24019.7044784729,10.0866714240329,"AW"
"AW_366487","Liver","AW_366487_hap2_h2tg000600l_176774-177051:-_AW_366487_hap2_h2tg000600l_178643-178909:-","EXON3","Core","Potential_coding_gene",0,0,0,0,278,0.278,95,341.726618705036,0.0148130566620657,23069.2845170945,10.0463006838657,"AW"
"AW_366487","Liver","AW_366487_hap2_h2tg000600l_185524-185801:-_AW_366487_hap2_h2tg000600l_186567-186833:-","EXON2","Core","Potential_coding_gene",0,0,0,0,267,0.267,223,835.205992509363,0.0148130566620657,56383.0957757838,10.9399424079285,"AW"
"AW_366487","Liver","AW_366487_hap2_h2tg000600l_185524-185801:-_AW_366487_hap2_h2tg000600l_186567-186833:-","EXON3","Core","Potential_coding_gene",0,0,0,0,278,0.278,223,802.158273381295,0.0148130566620657,54152.109971706,10.8995706833138,"AW"
"AW_366487","Liver","AW_366487_hap2_h2tg000600l_204658-204935:-_AW_366487_hap2_h2tg000600l_206471-206737:-","EXON2","Core","Potential_coding_gene",0,0,0,0,267,0.267,156,584.269662921348,0.0148130566620657,39442.8831435977,10.5826342608578,"AW"
"AW_366487","Liver","AW_366487_hap2_h2tg000600l_204658-204935:-_AW_366487_hap2_h2tg000600l_206471-206737:-","EXON3","Core","Potential_coding_gene",0,0,0,0,278,0.278,156,561.151079136691,0.0148130566620657,37882.1935228078,10.5422628500508,"AW"
"AW_366487","Liver","AW_366487_hap2_h2tg000600l_236312-236589:-_AW_366487_hap2_h2tg000600l_237538-237804:-","EXON2","Core","Potential_coding_gene",0,0,0,0,267,0.267,177,662.921348314607,0.0148130566620657,44752.5020283127,10.708924978257,"AW"
"AW_366487","Liver","AW_366487_hap2_h2tg000600l_236312-236589:-_AW_366487_hap2_h2tg000600l_237538-237804:-","EXON3","Core","Potential_coding_gene",0,0,0,0,278,0.278,177,636.690647482014,0.0148130566620657,42981.719573955,10.668553443531,"AW"
"AW_366487","Liver","AW_366487_hap2_h2tg000600l_255669-255946:-_AW_366487_hap2_h2tg000600l_256859-257125:-","EXON2","Core","Potential_coding_gene",0,0,0,0,267,0.267,140,524.344569288389,0.0148130566620657,35397.4592314338,10.4744235736389,"AW"
"AW_366487","Liver","AW_366487_hap2_h2tg000600l_255669-255946:-_AW_366487_hap2_h2tg000600l_256859-257125:-","EXON3","Core","Potential_coding_gene",0,0,0,0,278,0.278,140,503.597122302158,0.0148130566620657,33996.8403409814,10.434052282198,"AW"
"AW_366487","Liver","AW_366487_hap2_h2tg000600l_32251-32517:._AW_366487_hap2_h2tg000600l_34658-34935:.","EXON2","Core","Potential_coding_gene",0,0,0,0,267,0.267,205,767.790262172285,0.0148130566620657,51831.9938745995,10.8557821728688,"AW"
"AW_366487","Liver","AW_366487_hap2_h2tg000600l_32251-32517:._AW_366487_hap2_h2tg000600l_34658-34935:.","EXON3","Core","Potential_coding_gene",0,0,0,0,278,0.278,205,737.410071942446,0.0148130566620657,49781.0876421513,10.8154105124097,"AW"
"AW_366487","Liver","AW_366487_hap2_h2tg000600l_46816-47082:._AW_366487_hap2_h2tg000600l_48334-48611:.","EXON2","Core","Potential_coding_gene",0,0,0,0,267,0.267,216,808.988764044944,0.0148130566620657,54613.2228142121,10.9080496189139,"AW"
"AW_366487","Liver","AW_366487_hap2_h2tg000600l_46816-47082:._AW_366487_hap2_h2tg000600l_48334-48611:.","EXON3","Core","Potential_coding_gene",0,0,0,0,278,0.278,216,776.978417266187,0.0148130566620657,52452.267954657,10.867677917978,"AW"
"AW_366487","Liver","AW_366487_hap2_h2tg000600l_68028-68271:._AW_366487_hap2_h2tg000600l_69218-69495:.","EXON2","Core","Potential_coding_gene",0,0,0,0,244,0.244,233,954.918032786885,0.0148130566620657,64464.6175716255,11.0738872997514,"AW"
"AW_366487","Liver","AW_366487_hap2_h2tg000600l_68028-68271:._AW_366487_hap2_h2tg000600l_69218-69495:.","EXON3","Core","Potential_coding_gene",0,0,0,0,278,0.278,233,838.129496402878,0.0148130566620657,56580.4557103476,10.94343657288,"AW"
"AW_366487","Liver","AW_366487_hap2_h2tg000600l_94520-94797:-_AW_366487_hap2_h2tg000600l_96789-97055:-","EXON2","Core","Potential_coding_gene",0,0,0,0,267,0.267,112,419.475655430712,0.0148130566620657,28317.967385147,10.251287084754,"AW"
"AW_366487","Liver","AW_366487_hap2_h2tg000600l_94520-94797:-_AW_366487_hap2_h2tg000600l_96789-97055:-","EXON3","Core","Potential_coding_gene",0,0,0,0,278,0.278,112,402.877697841727,0.0148130566620657,27197.4722727851,10.210916084265,"AW"
"AW_366487","Liver","AW_366487_hap2_h2tg000629l_497211-497487:-","EXON3","Not_core","Potential_pseudogene",2,1,NA,NA,277,0.277,14,50.5415162454874,0.0148130566620657,3411.95726165806,8.13533442660681,"AW"
"AW_366487","Liver","AW_366487_hap2_h2tg000629l_602205-602445:-","EXON2","Not_core","Potential_coding_gene",0,0,NA,NA,241,0.241,14,58.0912863070539,0.0148130566620657,3921.62722605511,8.27451691902194,"AW"
"AW_366487","Liver","AW_366487_hap2_h2tg000629l_608725-609002:-_AW_366487_hap2_h2tg000629l_610146-610412:-","EXON2","Not_core","Potential_coding_gene",0,0,1,0,267,0.267,28,104.868913857678,0.0148130566620657,7079.49184628676,8.86509865408936,"AW"
"AW_366487","Liver","AW_366487_hap2_h2tg000629l_608725-609002:-_AW_366487_hap2_h2tg000629l_610146-610412:-","EXON3","Not_core","Potential_coding_gene",0,0,1,0,278,0.278,28,100.719424460432,0.0148130566620657,6799.36806819627,8.82473201737527,"AW"
"AW_366487","Liver","AW_366487_hap2_h2tg000629l_648049-648325:-","EXON3","Not_core","Potential_pseudogene",2,1,NA,NA,277,0.277,5,18.0505415162455,0.0148130566620657,1218.55616487788,7.10624227225586,"AW"
"AW_366487","Liver","AW_366487_hap2_h2tg000629l_891926-892185:._AW_366487_hap2_h2tg000629l_892440-892716:.","EXON2","Not_core","Potential_pseudogene",0,0,NA,NA,260,0.26,0,0,0.0148130566620657,0,0,"AW"
"AW_366487","Liver","AW_366487_hap2_h2tg000629l_891926-892185:._AW_366487_hap2_h2tg000629l_892440-892716:.","EXON3","Not_core","Potential_pseudogene",2,1,NA,NA,277,0.277,0,0,0.0148130566620657,0,0,"AW"
"AW_366488","Brain","AW_366488_hap1_h1tg000325l_178525-178801:.","EXON3","Not_core","Potential_pseudogene",2,1,NA,NA,277,0.277,30,108.303249097473,0.00962766505497914,11249.1708507726,9.32813859425259,"AW"
"AW_366488","Brain","AW_366488_hap1_h1tg000325l_27406-27682:.","EXON3","Not_core","Potential_pseudogene",2,1,NA,NA,277,0.277,31,111.913357400722,0.00962766505497914,11624.143212465,9.3609255497315,"AW"
"AW_366488","Brain","AW_366488_hap1_h1tg000325l_66296-66562:._AW_366488_hap1_h1tg000325l_67706-67983:.","EXON2","Not_core","Potential_coding_gene",0,0,0,0,267,0.267,26,97.378277153558,0.00962766505497914,10114.423029621,9.22181657073632,"AW"
"AW_366488","Brain","AW_366488_hap1_h1tg000325l_66296-66562:._AW_366488_hap1_h1tg000325l_67706-67983:.","EXON3","Not_core","Potential_coding_gene",0,0,0,0,278,0.278,26,93.5251798561151,0.00962766505497914,9714.21204643453,9.18144818827787,"AW"
"AW_366488","Brain","AW_366488_hap1_h1tg000325l_74270-74510:.","EXON2","Not_core","Potential_coding_gene",0,0,NA,NA,241,0.241,11,45.643153526971,0.00962766505497914,4740.83313724813,8.46417907774139,"AW"
"AW_366488","Brain","AW_366488_hap1_h1tg000572l_746-1022:-_AW_366488_hap1_h1tg000572l_1277-1536:-","EXON2","Not_core","Potential_pseudogene",0,0,NA,NA,260,0.26,6,23.0769230769231,0.00962766505497914,2396.93871204923,7.78236477731641,"AW"
"AW_366488","Brain","AW_366488_hap1_h1tg000572l_746-1022:-_AW_366488_hap1_h1tg000572l_1277-1536:-","EXON3","Not_core","Potential_pseudogene",2,1,NA,NA,277,0.277,6,21.6606498194946,0.00962766505497914,2249.83417015451,7.71905616878142,"AW"
"AW_366488","Brain","AW_366488_hap1_h1tg000710l_100819-101096:-_AW_366488_hap1_h1tg000710l_102395-102661:-","EXON2","Core","Potential_coding_gene",0,0,0,0,267,0.267,78,292.134831460674,0.00962766505497914,30343.2690888629,10.3203629512724,"AW"
"AW_366488","Brain","AW_366488_hap1_h1tg000710l_100819-101096:-_AW_366488_hap1_h1tg000710l_102395-102661:-","EXON3","Core","Potential_coding_gene",0,0,0,0,278,0.278,78,280.575539568345,0.00962766505497914,29142.6361393036,10.279991853684,"AW"
"AW_366488","Brain","AW_366488_hap1_h1tg000710l_133212-133489:-_AW_366488_hap1_h1tg000710l_134617-134883:-","EXON2","Core","Potential_coding_gene",0,0,0,0,267,0.267,67,250.936329588015,0.00962766505497914,26064.0901147925,10.1683521545065,"AW"
"AW_366488","Brain","AW_366488_hap1_h1tg000710l_133212-133489:-_AW_366488_hap1_h1tg000710l_134617-134883:-","EXON3","Core","Potential_coding_gene",0,0,0,0,278,0.278,67,241.007194244604,0.00962766505497914,25032.7771965813,10.1279812798157,"AW"
"AW_366488","Brain","AW_366488_hap1_h1tg000710l_145466-145743:-_AW_366488_hap1_h1tg000710l_146579-146845:-","EXON2","Core","Potential_coding_gene",0,0,0,0,267,0.267,93,348.314606741573,0.00962766505497914,36178.5131444135,10.4962483023749,"AW"
"AW_366488","Brain","AW_366488_hap1_h1tg000710l_145466-145743:-_AW_366488_hap1_h1tg000710l_146579-146845:-","EXON3","Core","Potential_coding_gene",0,0,0,0,278,0.278,93,334.532374100719,0.00962766505497914,34746.9892430158,10.4558769858084,"AW"
"AW_366488","Brain","AW_366488_hap1_h1tg000710l_177471-177748:-_AW_366488_hap1_h1tg000710l_179124-179390:-","EXON2","Core","Potential_coding_gene",0,0,0,0,267,0.267,49,183.520599250936,0.00962766505497914,19061.7972481318,9.85549392657281,"AW"
"AW_366488","Brain","AW_366488_hap1_h1tg000710l_177471-177748:-_AW_366488_hap1_h1tg000710l_179124-179390:-","EXON3","Core","Potential_coding_gene",0,0,0,0,278,0.278,49,176.258992805755,0.00962766505497914,18307.5534721266,9.81512363247927,"AW"
"AW_366488","Brain","AW_366488_hap1_h1tg000710l_27786-28063:-_AW_366488_hap1_h1tg000710l_29419-29685:-","EXON2","Core","Potential_coding_gene",0,0,0,0,267,0.267,57,213.483146067416,0.00962766505497914,22173.9274110921,10.0067175337155,"AW"
"AW_366488","Brain","AW_366488_hap1_h1tg000710l_27786-28063:-_AW_366488_hap1_h1tg000710l_29419-29685:-","EXON3","Core","Potential_coding_gene",0,0,0,0,278,0.278,57,205.035971223022,0.00962766505497914,21296.5417941065,9.96634693631002,"AW"
"AW_366488","Brain","AW_366488_hap1_h1tg000710l_57721-57998:-_AW_366488_hap1_h1tg000710l_59023-59289:-","EXON2","Core","Potential_coding_gene",0,0,0,0,267,0.267,87,325.842696629213,0.00962766505497914,33844.4155221933,10.429558834078,"AW"
"AW_366488","Brain","AW_366488_hap1_h1tg000710l_57721-57998:-_AW_366488_hap1_h1tg000710l_59023-59289:-","EXON3","Core","Potential_coding_gene",0,0,0,0,278,0.278,87,312.94964028777,0.00962766505497914,32505.2480015309,10.3891875960418,"AW"
"AW_366488","Brain","AW_366488_hap1_h1tg000710l_86906-87183:-_AW_366488_hap1_h1tg000710l_88239-88505:-","EXON2","Core","Potential_coding_gene",0,0,0,0,267,0.267,56,209.737827715356,0.00962766505497914,21784.9111407221,9.98901876190104,"AW"
"AW_366488","Brain","AW_366488_hap1_h1tg000710l_86906-87183:-_AW_366488_hap1_h1tg000710l_88239-88505:-","EXON3","Core","Potential_coding_gene",0,0,NA,NA,278,0.278,56,201.438848920863,0.00962766505497914,20922.918253859,9.94864819767055,"AW"
"AW_366488","Brain","AW_366488_hap1_h1tg000796l_12963-13229:._AW_366488_hap1_h1tg000796l_14428-14705:.","EXON2","Core","Potential_coding_gene",0,0,0,0,267,0.267,6,22.4719101123595,0.00962766505497914,2334.09762222022,7.75580897746042,"AW"
"AW_366488","Brain","AW_366488_hap1_h1tg000796l_12963-13229:._AW_366488_hap1_h1tg000796l_14428-14705:.","EXON3","Core","Potential_coding_gene",0,0,0,0,278,0.278,6,21.5827338129496,0.00962766505497914,2241.74124148489,7.71545416517478,"AW"
"AW_366488","Brain","AW_366488_hap1_h1tg000796l_32874-33117:._AW_366488_hap1_h1tg000796l_34313-34590:.","EXON2","Core","Potential_coding_gene",0,0,1,0,244,0.244,22,90.1639344262295,0.00962766505497914,9365.08841046557,9.14485082921053,"AW"
"AW_366488","Brain","AW_366488_hap1_h1tg000796l_32874-33117:._AW_366488_hap1_h1tg000796l_34313-34590:.","EXON3","Core","Potential_coding_gene",0,0,1,0,278,0.278,22,79.136690647482,0.00962766505497914,8219.7178854446,9.01441281823253,"AW"
"AW_366488","Brain","AW_366488_hap1_h1tg000796l_4-256:.","EXON3","Core","Potential_coding_gene",0,0,NA,NA,253,0.253,0,0,0.00962766505497914,0,0,"AW"
"AW_366488","Brain","AW_366488_hap1_h1tg000796l_56906-57183:-_AW_366488_hap1_h1tg000796l_58491-58757:-","EXON2","Core","Potential_coding_gene",0,0,0,0,267,0.267,26,97.378277153558,0.00962766505497914,10114.423029621,9.22181657073632,"AW"
"AW_366488","Brain","AW_366488_hap1_h1tg000796l_56906-57183:-_AW_366488_hap1_h1tg000796l_58491-58757:-","EXON3","Core","Potential_coding_gene",0,0,0,0,278,0.278,26,93.5251798561151,0.00962766505497914,9714.21204643453,9.18144818827787,"AW"
"AW_366488","Brain","AW_366488_hap1_h1tg000796l_69875-70152:-_AW_366488_hap1_h1tg000796l_71774-72040:-","EXON2","Core","Potential_coding_gene",0,0,0,0,267,0.267,44,164.794007490637,0.00962766505497914,17116.7158962816,9.74786922352159,"AW"
"AW_366488","Brain","AW_366488_hap1_h1tg000796l_69875-70152:-_AW_366488_hap1_h1tg000796l_71774-72040:-","EXON3","Core","Potential_coding_gene",0,0,0,0,278,0.278,44,158.273381294964,0.00962766505497914,16439.4357708892,9.70749917500396,"AW"
"AW_366488","Brain","AW_366488_hap1_h1tg000796l_84447-84724:-_AW_366488_hap1_h1tg000796l_85400-85666:-","EXON2","Core","Potential_coding_gene",0,0,0,0,267,0.267,13,48.689138576779,0.00962766505497914,5057.21151481049,8.52876824423032,"AW"
"AW_366488","Brain","AW_366488_hap1_h1tg000796l_84447-84724:-_AW_366488_hap1_h1tg000796l_85400-85666:-","EXON3","Core","Potential_coding_gene",0,0,0,0,278,0.278,13,46.7625899280576,0.00962766505497914,4857.10602321726,8.48840393378203,"AW"
"AW_366488","Brain","AW_366488_hap2_h2tg000444l_130193-130459:._AW_366488_hap2_h2tg000444l_131995-132272:.","EXON2","Core","Potential_coding_gene",0,0,0,0,267,0.267,109,408.239700374532,0.00962766505497914,42402.7734703341,10.6549926342019,"AW"
"AW_366488","Brain","AW_366488_hap2_h2tg000444l_130193-130459:._AW_366488_hap2_h2tg000444l_131995-132272:.","EXON3","Core","Potential_coding_gene",0,0,0,0,278,0.278,109,392.086330935252,0.00962766505497914,40724.9658869755,10.6146211504874,"AW"
"AW_366488","Brain","AW_366488_hap2_h2tg000444l_149619-149885:._AW_366488_hap2_h2tg000444l_151095-151372:.","EXON2","Core","Potential_coding_gene",0,0,0,0,267,0.267,51,191.011235955056,0.00962766505497914,19839.8297888719,9.89549720400015,"AW"
"AW_366488","Brain","AW_366488_hap2_h2tg000444l_149619-149885:._AW_366488_hap2_h2tg000444l_151095-151372:.","EXON3","Core","Potential_coding_gene",0,0,0,0,278,0.278,51,183.453237410072,0.00962766505497914,19054.8005526216,9.85512682515815,"AW"
"AW_366488","Brain","AW_366488_hap2_h2tg000444l_194344-194610:._AW_366488_hap2_h2tg000444l_195558-195835:.","EXON2","Core","Potential_coding_gene",0,0,NA,NA,267,0.267,8,29.9625468164794,0.00962766505497914,3112.1301629603,8.04338398227558,"AW"
"AW_366488","Brain","AW_366488_hap2_h2tg000444l_194344-194610:._AW_366488_hap2_h2tg000444l_195558-195835:.","EXON3","Core","Potential_coding_gene",0,0,0,0,278,0.278,8,28.7769784172662,0.00962766505497914,2988.98832197986,8.00302476068475,"AW"
"AW_366488","Brain","AW_366488_hap2_h2tg000444l_79001-79267:._AW_366488_hap2_h2tg000444l_81274-81551:.","EXON2","Core","Potential_coding_gene",0,0,0,0,267,0.267,87,325.842696629213,0.00962766505497914,33844.4155221933,10.429558834078,"AW"
"AW_366488","Brain","AW_366488_hap2_h2tg000444l_79001-79267:._AW_366488_hap2_h2tg000444l_81274-81551:.","EXON3","Core","Potential_coding_gene",0,0,0,0,278,0.278,87,312.94964028777,0.00962766505497914,32505.2480015309,10.3891875960418,"AW"
"AW_366488","Brain","AW_366488_hap2_h2tg000444l_99260-99526:._AW_366488_hap2_h2tg000444l_100268-100545:.","EXON2","Core","Potential_coding_gene",0,0,NA,NA,267,0.267,120,449.438202247191,0.00962766505497914,46681.9524444045,10.7511343329952,"AW"
"AW_366488","Brain","AW_366488_hap2_h2tg000444l_99260-99526:._AW_366488_hap2_h2tg000444l_100268-100545:.","EXON3","Core","Potential_coding_gene",0,0,0,0,278,0.278,120,431.654676258993,0.00962766505497914,44834.8248296978,10.7107627602214,"AW"
"AW_366488","Brain","AW_366488_hap2_h2tg000523l_379479-379755:-","EXON3","Not_core","Potential_pseudogene",2,1,NA,NA,277,0.277,30,108.303249097473,0.00962766505497914,11249.1708507726,9.32813859425259,"AW"
"AW_366488","Brain","AW_366488_hap2_h2tg000523l_484547-484787:-","EXON2","Not_core","Potential_coding_gene",0,0,NA,NA,241,0.241,5,20.746887966805,0.00962766505497914,2154.92415329461,7.67597475204765,"AW"
"AW_366488","Brain","AW_366488_hap2_h2tg000523l_491066-491343:-_AW_366488_hap2_h2tg000523l_492486-492752:-","EXON2","Not_core","Potential_coding_gene",0,0,2,0,267,0.267,14,52.4344569288389,0.00962766505497914,5446.22778518052,8.60286209497461,"AW"
"AW_366488","Brain","AW_366488_hap2_h2tg000523l_491066-491343:-_AW_366488_hap2_h2tg000523l_492486-492752:-","EXON3","Not_core","Potential_coding_gene",0,0,2,0,278,0.278,14,50.3597122302158,0.00962766505497914,5230.72956346475,8.56249720286089,"AW"
"AW_366488","Brain","AW_366488_hap2_h2tg000523l_531345-531621:-","EXON3","Not_core","Potential_pseudogene",2,1,NA,NA,277,0.277,31,111.913357400722,0.00962766505497914,11624.143212465,9.3609255497315,"AW"
"AW_366488","Brain","AW_366488_hap2_h2tg000523l_784555-784814:._AW_366488_hap2_h2tg000523l_785071-785347:.","EXON2","Not_core","Potential_pseudogene",0,0,NA,NA,260,0.26,6,23.0769230769231,0.00962766505497914,2396.93871204923,7.78236477731641,"AW"
"AW_366488","Brain","AW_366488_hap2_h2tg000523l_784555-784814:._AW_366488_hap2_h2tg000523l_785071-785347:.","EXON3","Not_core","Potential_pseudogene",2,1,NA,NA,277,0.277,6,21.6606498194946,0.00962766505497914,2249.83417015451,7.71905616878142,"AW"
"AW_366488","Brain","AW_366488_hap2_h2tg000827l_12963-13229:._AW_366488_hap2_h2tg000827l_14428-14705:.","EXON2","Core","Potential_coding_gene",0,0,0,0,267,0.267,20,74.9063670411985,0.00962766505497914,7780.32540740075,8.9594819635111,"AW"
"AW_366488","Brain","AW_366488_hap2_h2tg000827l_12963-13229:._AW_366488_hap2_h2tg000827l_14428-14705:.","EXON3","Core","Potential_coding_gene",0,0,0,0,278,0.278,20,71.9424460431655,0.00962766505497914,7472.47080494964,8.91911480274197,"AW"
"AW_366488","Brain","AW_366488_hap2_h2tg000827l_32874-33117:._AW_366488_hap2_h2tg000827l_34313-34590:.","EXON2","Core","Potential_coding_gene",0,0,1,0,244,0.244,23,94.2622950819672,0.00962766505497914,9790.77424730491,9.18929794967679,"AW"
"AW_366488","Brain","AW_366488_hap2_h2tg000827l_32874-33117:._AW_366488_hap2_h2tg000827l_34313-34590:.","EXON3","Core","Potential_coding_gene",0,0,1,0,278,0.278,23,82.7338129496403,0.00962766505497914,8593.34142569208,9.05885929192513,"AW"
"AW_366488","Brain","AW_366488_hap2_h2tg000827l_4-256:.","EXON3","Core","Potential_coding_gene",0,0,NA,NA,253,0.253,0,0,0.00962766505497914,0,0,"AW"
"AW_366488","Brain","AW_366488_hap2_h2tg000827l_56906-57183:-_AW_366488_hap2_h2tg000827l_58491-58757:-","EXON2","Core","Potential_coding_gene",0,0,0,0,267,0.267,54,202.247191011236,0.00962766505497914,21006.878599982,9.95265281777407,"AW"
"AW_366488","Brain","AW_366488_hap2_h2tg000827l_56906-57183:-_AW_366488_hap2_h2tg000827l_58491-58757:-","EXON3","Core","Potential_coding_gene",0,0,0,0,278,0.278,54,194.244604316547,0.00962766505497914,20175.671173364,9.91228232357944,"AW"
"AW_366488","Brain","AW_366488_hap2_h2tg000827l_69875-70152:-_AW_366488_hap2_h2tg000827l_71774-72040:-","EXON2","Core","Potential_coding_gene",0,0,0,0,267,0.267,67,250.936329588015,0.00962766505497914,26064.0901147925,10.1683521545065,"AW"
"AW_366488","Brain","AW_366488_hap2_h2tg000827l_69875-70152:-_AW_366488_hap2_h2tg000827l_71774-72040:-","EXON3","Core","Potential_coding_gene",0,0,0,0,278,0.278,67,241.007194244604,0.00962766505497914,25032.7771965813,10.1279812798157,"AW"
"AW_366488","Brain","AW_366488_hap2_h2tg000827l_84447-84724:-_AW_366488_hap2_h2tg000827l_85400-85666:-","EXON2","Core","Potential_coding_gene",0,0,0,0,267,0.267,23,86.1423220973783,0.00962766505497914,8947.37421851086,9.09922714320522,"AW"
"AW_366488","Brain","AW_366488_hap2_h2tg000827l_84447-84724:-_AW_366488_hap2_h2tg000827l_85400-85666:-","EXON3","Core","Potential_coding_gene",0,0,0,0,278,0.278,23,82.7338129496403,0.00962766505497914,8593.34142569208,9.05885929192513,"AW"
"AW_366488","Brain","AW_366488_hap2_h2tg000943l_1068-1345:.","EXON3","Core","Potential_coding_gene",0,0,NA,NA,278,0.278,0,0,0.00962766505497914,0,0,"AW"
"AW_366488","Brain","AW_366488_hap2_h2tg000943l_26250-26527:-_AW_366488_hap2_h2tg000943l_27755-28021:-","EXON2","Core","Potential_coding_gene",0,0,0,0,267,0.267,6,22.4719101123595,0.00962766505497914,2334.09762222022,7.75580897746042,"AW"
"AW_366488","Brain","AW_366488_hap2_h2tg000943l_26250-26527:-_AW_366488_hap2_h2tg000943l_27755-28021:-","EXON3","Core","Potential_coding_gene",0,0,0,0,278,0.278,6,21.5827338129496,0.00962766505497914,2241.74124148489,7.71545416517478,"AW"
"AW_366488","Brain","AW_366488_hap2_h2tg000943l_34472-34749:-","EXON3","Core","Potential_coding_gene",0,0,0,0,278,0.278,14,50.3597122302158,0.00962766505497914,5230.72956346475,8.56249720286089,"AW"
"AW_366488","Brain","AW_366488_hap2_h2tg000943l_48943-49220:-_AW_366488_hap2_h2tg000943l_50219-50485:-","EXON2","Core","Potential_coding_gene",0,0,0,0,267,0.267,15,56.1797752808989,0.00962766505497914,5835.24405555056,8.67184272774542,"AW"
"AW_366488","Brain","AW_366488_hap2_h2tg000943l_48943-49220:-_AW_366488_hap2_h2tg000943l_50219-50485:-","EXON3","Core","Potential_coding_gene",0,0,0,0,278,0.278,15,53.9568345323741,0.00962766505497914,5604.35310371223,8.6314773315081,"AW"
"AW_366488","Heart","AW_366488_hap1_h1tg000325l_178525-178801:.","EXON3","Not_core","Potential_pseudogene",2,1,NA,NA,277,0.277,3,10.8303249097473,0.0554204579868223,195.421064768582,5.28026064459154,"AW"
"AW_366488","Heart","AW_366488_hap1_h1tg000325l_27406-27682:.","EXON3","Not_core","Potential_pseudogene",2,1,NA,NA,277,0.277,3,10.8303249097473,0.0554204579868223,195.421064768582,5.28026064459154,"AW"
"AW_366488","Heart","AW_366488_hap1_h1tg000325l_66296-66562:._AW_366488_hap1_h1tg000325l_67706-67983:.","EXON2","Not_core","Potential_coding_gene",0,0,0,0,267,0.267,16,59.9250936329588,0.0554204579868223,1081.28109744614,6.98682621997824,"AW"
"AW_366488","Heart","AW_366488_hap1_h1tg000325l_66296-66562:._AW_366488_hap1_h1tg000325l_67706-67983:.","EXON3","Not_core","Potential_coding_gene",0,0,0,0,278,0.278,16,57.5539568345324,0.0554204579868223,1038.49659359036,6.94649183032334,"AW"
"AW_366488","Heart","AW_366488_hap1_h1tg000325l_74270-74510:.","EXON2","Not_core","Potential_coding_gene",0,0,NA,NA,241,0.241,5,20.746887966805,0.0554204579868223,374.354321859594,5.92787043816504,"AW"
"AW_366488","Heart","AW_366488_hap1_h1tg000572l_746-1022:-_AW_366488_hap1_h1tg000572l_1277-1536:-","EXON2","Not_core","Potential_pseudogene",0,0,NA,NA,260,0.26,0,0,0.0554204579868223,0,0,"AW"
"AW_366488","Heart","AW_366488_hap1_h1tg000572l_746-1022:-_AW_366488_hap1_h1tg000572l_1277-1536:-","EXON3","Not_core","Potential_pseudogene",2,1,NA,NA,277,0.277,0,0,0.0554204579868223,0,0,"AW"
"AW_366488","Heart","AW_366488_hap1_h1tg000710l_100819-101096:-_AW_366488_hap1_h1tg000710l_102395-102661:-","EXON2","Core","Potential_coding_gene",0,0,0,0,267,0.267,317,1187.265917603,0.0554204579868223,21422.8817431516,9.97226154808523,"AW"
"AW_366488","Heart","AW_366488_hap1_h1tg000710l_100819-101096:-_AW_366488_hap1_h1tg000710l_102395-102661:-","EXON3","Core","Potential_coding_gene",0,0,0,0,278,0.278,317,1140.28776978417,0.0554204579868223,20575.2137605089,9.9318910158106,"AW"
"AW_366488","Heart","AW_366488_hap1_h1tg000710l_133212-133489:-_AW_366488_hap1_h1tg000710l_134617-134883:-","EXON2","Core","Potential_coding_gene",0,0,0,0,267,0.267,242,906.367041198502,0.0554204579868223,16354.3765988729,9.70231196623583,"AW"
"AW_366488","Heart","AW_366488_hap1_h1tg000710l_133212-133489:-_AW_366488_hap1_h1tg000710l_134617-134883:-","EXON3","Core","Potential_coding_gene",0,0,0,0,278,0.278,242,870.503597122302,0.0554204579868223,15707.2609780541,9.66194202989997,"AW"
"AW_366488","Heart","AW_366488_hap1_h1tg000710l_145466-145743:-_AW_366488_hap1_h1tg000710l_146579-146845:-","EXON2","Core","Potential_coding_gene",0,0,0,0,267,0.267,355,1329.58801498127,0.0554204579868223,23990.9243495862,10.0854725672722,"AW"
"AW_366488","Heart","AW_366488_hap1_h1tg000710l_145466-145743:-_AW_366488_hap1_h1tg000710l_146579-146845:-","EXON3","Core","Potential_coding_gene",0,0,0,0,278,0.278,355,1276.97841726619,0.0554204579868223,23041.643170286,10.0451018291624,"AW"
"AW_366488","Heart","AW_366488_hap1_h1tg000710l_177471-177748:-_AW_366488_hap1_h1tg000710l_179124-179390:-","EXON2","Core","Potential_coding_gene",0,0,0,0,267,0.267,150,561.797752808989,0.0554204579868223,10137.0102885576,9.22404703388259,"AW"
"AW_366488","Heart","AW_366488_hap1_h1tg000710l_177471-177748:-_AW_366488_hap1_h1tg000710l_179124-179390:-","EXON3","Core","Potential_coding_gene",0,0,0,0,278,0.278,150,539.568345323741,0.0554204579868223,9735.90556490959,9.18367864234998,"AW"
"AW_366488","Heart","AW_366488_hap1_h1tg000710l_27786-28063:-_AW_366488_hap1_h1tg000710l_29419-29685:-","EXON2","Core","Potential_coding_gene",0,0,0,0,267,0.267,331,1239.70037453184,0.0554204579868223,22369.002703417,10.0154761753343,"AW"
"AW_366488","Heart","AW_366488_hap1_h1tg000710l_27786-28063:-_AW_366488_hap1_h1tg000710l_29419-29685:-","EXON3","Core","Potential_coding_gene",0,0,0,0,278,0.278,331,1190.64748201439,0.0554204579868223,21483.8982799005,9.97510556172735,"AW"
"AW_366488","Heart","AW_366488_hap1_h1tg000710l_57721-57998:-_AW_366488_hap1_h1tg000710l_59023-59289:-","EXON2","Core","Potential_coding_gene",0,0,0,0,267,0.267,606,2269.66292134831,0.0554204579868223,40953.5215657725,10.6202174999323,"AW"
"AW_366488","Heart","AW_366488_hap1_h1tg000710l_57721-57998:-_AW_366488_hap1_h1tg000710l_59023-59289:-","EXON3","Core","Potential_coding_gene",0,0,0,0,278,0.278,606,2179.85611510791,0.0554204579868223,39333.0584822347,10.5798460505988,"AW"
"AW_366488","Heart","AW_366488_hap1_h1tg000710l_86906-87183:-_AW_366488_hap1_h1tg000710l_88239-88505:-","EXON2","Core","Potential_coding_gene",0,0,0,0,267,0.267,304,1138.57677902622,0.0554204579868223,20544.3408514766,9.93038947166306,"AW"
"AW_366488","Heart","AW_366488_hap1_h1tg000710l_86906-87183:-_AW_366488_hap1_h1tg000710l_88239-88505:-","EXON3","Core","Potential_coding_gene",0,0,NA,NA,278,0.278,304,1093.52517985612,0.0554204579868223,19731.4352782168,9.89001902161857,"AW"
"AW_366488","Heart","AW_366488_hap1_h1tg000796l_12963-13229:._AW_366488_hap1_h1tg000796l_14428-14705:.","EXON2","Core","Potential_coding_gene",0,0,0,0,267,0.267,12,44.9438202247191,0.0554204579868223,810.960823084604,6.69945209156498,"AW"
"AW_366488","Heart","AW_366488_hap1_h1tg000796l_12963-13229:._AW_366488_hap1_h1tg000796l_14428-14705:.","EXON3","Core","Potential_coding_gene",0,0,0,0,278,0.278,12,43.1654676258993,0.0554204579868223,778.872445192767,6.65913037450671,"AW"
"AW_366488","Heart","AW_366488_hap1_h1tg000796l_32874-33117:._AW_366488_hap1_h1tg000796l_34313-34590:.","EXON2","Core","Potential_coding_gene",0,0,1,0,244,0.244,212,868.852459016393,0.0554204579868223,15677.4680429921,9.66004358779152,"AW"
"AW_366488","Heart","AW_366488_hap1_h1tg000796l_32874-33117:._AW_366488_hap1_h1tg000796l_34313-34590:.","EXON3","Core","Potential_coding_gene",0,0,1,0,278,0.278,212,762.589928057554,0.0554204579868223,13760.0798650722,9.52959958697435,"AW"
"AW_366488","Heart","AW_366488_hap1_h1tg000796l_4-256:.","EXON3","Core","Potential_coding_gene",0,0,NA,NA,253,0.253,0,0,0.0554204579868223,0,0,"AW"
"AW_366488","Heart","AW_366488_hap1_h1tg000796l_56906-57183:-_AW_366488_hap1_h1tg000796l_58491-58757:-","EXON2","Core","Potential_coding_gene",0,0,0,0,267,0.267,228,853.932584269663,0.0554204579868223,15408.2556386075,9.64272362335823,"AW"
"AW_366488","Heart","AW_366488_hap1_h1tg000796l_56906-57183:-_AW_366488_hap1_h1tg000796l_58491-58757:-","EXON3","Core","Potential_coding_gene",0,0,0,0,278,0.278,228,820.143884892086,0.0554204579868223,14798.5764586626,9.60235384168478,"AW"
"AW_366488","Heart","AW_366488_hap1_h1tg000796l_69875-70152:-_AW_366488_hap1_h1tg000796l_71774-72040:-","EXON2","Core","Potential_coding_gene",0,0,0,0,267,0.267,419,1569.28838951311,0.0554204579868223,28316.0487393708,10.2512193311969,"AW"
"AW_366488","Heart","AW_366488_hap1_h1tg000796l_69875-70152:-_AW_366488_hap1_h1tg000796l_71774-72040:-","EXON3","Core","Potential_coding_gene",0,0,0,0,278,0.278,419,1507.19424460432,0.0554204579868223,27195.6295446475,10.2108483308064,"AW"
"AW_366488","Heart","AW_366488_hap1_h1tg000796l_84447-84724:-_AW_366488_hap1_h1tg000796l_85400-85666:-","EXON2","Core","Potential_coding_gene",0,0,0,0,267,0.267,684,2561.79775280899,0.0554204579868223,46224.7669158224,10.7412926470495,"AW"
"AW_366488","Heart","AW_366488_hap1_h1tg000796l_84447-84724:-_AW_366488_hap1_h1tg000796l_85400-85666:-","EXON3","Core","Potential_coding_gene",0,0,0,0,278,0.278,684,2460.43165467626,0.0554204579868223,44395.7293759877,10.7009210830041,"AW"
"AW_366488","Heart","AW_366488_hap2_h2tg000444l_130193-130459:._AW_366488_hap2_h2tg000444l_131995-132272:.","EXON2","Core","Potential_coding_gene",0,0,0,0,267,0.267,294,1101.12359550562,0.0554204579868223,19868.5401655728,9.89694319313277,"AW"
"AW_366488","Heart","AW_366488_hap2_h2tg000444l_130193-130459:._AW_366488_hap2_h2tg000444l_131995-132272:.","EXON3","Core","Potential_coding_gene",0,0,0,0,278,0.278,294,1057.55395683453,0.0554204579868223,19082.3749072228,9.85657281129043,"AW"
"AW_366488","Heart","AW_366488_hap2_h2tg000444l_149619-149885:._AW_366488_hap2_h2tg000444l_151095-151372:.","EXON2","Core","Potential_coding_gene",0,0,0,0,267,0.267,197,737.827715355805,0.0554204579868223,13313.2735123056,9.49659193516021,"AW"
"AW_366488","Heart","AW_366488_hap2_h2tg000444l_149619-149885:._AW_366488_hap2_h2tg000444l_151095-151372:.","EXON3","Core","Potential_coding_gene",0,0,0,0,278,0.278,197,708.63309352518,0.0554204579868223,12786.4893085813,9.45622257417596,"AW"
"AW_366488","Heart","AW_366488_hap2_h2tg000444l_194344-194610:._AW_366488_hap2_h2tg000444l_195558-195835:.","EXON2","Core","Potential_coding_gene",0,0,NA,NA,267,0.267,28,104.868913857678,0.0554204579868223,1892.24192053074,7.54604594047168,"AW"
"AW_366488","Heart","AW_366488_hap2_h2tg000444l_194344-194610:._AW_366488_hap2_h2tg000444l_195558-195835:.","EXON3","Core","Potential_coding_gene",0,0,0,0,278,0.278,28,100.719424460432,0.0554204579868223,1817.36903878312,7.50569524576729,"AW"
"AW_366488","Heart","AW_366488_hap2_h2tg000444l_79001-79267:._AW_366488_hap2_h2tg000444l_81274-81551:.","EXON2","Core","Potential_coding_gene",0,0,0,0,267,0.267,220,823.970037453184,0.0554204579868223,14867.6150898844,9.60700790061015,"AW"
"AW_366488","Heart","AW_366488_hap2_h2tg000444l_79001-79267:._AW_366488_hap2_h2tg000444l_81274-81551:.","EXON3","Core","Potential_coding_gene",0,0,0,0,278,0.278,220,791.36690647482,0.0554204579868223,14279.3281618674,9.56663821615245,"AW"
"AW_366488","Heart","AW_366488_hap2_h2tg000444l_99260-99526:._AW_366488_hap2_h2tg000444l_100268-100545:.","EXON2","Core","Potential_coding_gene",0,0,NA,NA,267,0.267,614,2299.62546816479,0.0554204579868223,41494.1621144956,10.633332123869,"AW"
"AW_366488","Heart","AW_366488_hap2_h2tg000444l_99260-99526:._AW_366488_hap2_h2tg000444l_100268-100545:.","EXON3","Core","Potential_coding_gene",0,0,0,0,278,0.278,614,2208.63309352518,0.0554204579868223,39852.3067790299,10.5929606614289,"AW"
"AW_366488","Heart","AW_366488_hap2_h2tg000523l_379479-379755:-","EXON3","Not_core","Potential_pseudogene",2,1,NA,NA,277,0.277,6,21.6606498194946,0.0554204579868223,390.842129537165,5.97085902790011,"AW"
"AW_366488","Heart","AW_366488_hap2_h2tg000523l_484547-484787:-","EXON2","Not_core","Potential_coding_gene",0,0,NA,NA,241,0.241,7,29.045643153527,0.0554204579868223,524.096050603432,6.26358119938801,"AW"
"AW_366488","Heart","AW_366488_hap2_h2tg000523l_491066-491343:-_AW_366488_hap2_h2tg000523l_492486-492752:-","EXON2","Not_core","Potential_coding_gene",0,0,2,0,267,0.267,14,52.4344569288389,0.0554204579868223,946.120960265371,6.85342681498218,"AW"
"AW_366488","Heart","AW_366488_hap2_h2tg000523l_491066-491343:-_AW_366488_hap2_h2tg000523l_492486-492752:-","EXON3","Not_core","Potential_coding_gene",0,0,2,0,278,0.278,14,50.3597122302158,0.0554204579868223,908.684519391562,6.81309785741551,"AW"
"AW_366488","Heart","AW_366488_hap2_h2tg000523l_531345-531621:-","EXON3","Not_core","Potential_pseudogene",2,1,NA,NA,277,0.277,6,21.6606498194946,0.0554204579868223,390.842129537165,5.97085902790011,"AW"
"AW_366488","Heart","AW_366488_hap2_h2tg000523l_784555-784814:._AW_366488_hap2_h2tg000523l_785071-785347:.","EXON2","Not_core","Potential_pseudogene",0,0,NA,NA,260,0.26,0,0,0.0554204579868223,0,0,"AW"
"AW_366488","Heart","AW_366488_hap2_h2tg000523l_784555-784814:._AW_366488_hap2_h2tg000523l_785071-785347:.","EXON3","Not_core","Potential_pseudogene",2,1,NA,NA,277,0.277,0,0,0.0554204579868223,0,0,"AW"
"AW_366488","Heart","AW_366488_hap2_h2tg000827l_12963-13229:._AW_366488_hap2_h2tg000827l_14428-14705:.","EXON2","Core","Potential_coding_gene",0,0,0,0,267,0.267,146,546.816479400749,0.0554204579868223,9866.69001419602,9.19702106392074,"AW"
"AW_366488","Heart","AW_366488_hap2_h2tg000827l_12963-13229:._AW_366488_hap2_h2tg000827l_14428-14705:.","EXON3","Core","Potential_coding_gene",0,0,0,0,278,0.278,146,525.179856115108,0.0554204579868223,9476.281416512,9.15665278371244,"AW"
"AW_366488","Heart","AW_366488_hap2_h2tg000827l_32874-33117:._AW_366488_hap2_h2tg000827l_34313-34590:.","EXON2","Core","Potential_coding_gene",0,0,1,0,244,0.244,167,684.426229508197,0.0554204579868223,12349.7035999042,9.42146831208546,"AW"
"AW_366488","Heart","AW_366488_hap2_h2tg000827l_32874-33117:._AW_366488_hap2_h2tg000827l_34313-34590:.","EXON3","Core","Potential_coding_gene",0,0,1,0,278,0.278,167,600.719424460432,0.0554204579868223,10839.3081955993,9.29102670591783,"AW"
"AW_366488","Heart","AW_366488_hap2_h2tg000827l_4-256:.","EXON3","Core","Potential_coding_gene",0,0,NA,NA,253,0.253,0,0,0.0554204579868223,0,0,"AW"
"AW_366488","Heart","AW_366488_hap2_h2tg000827l_56906-57183:-_AW_366488_hap2_h2tg000827l_58491-58757:-","EXON2","Core","Potential_coding_gene",0,0,0,0,267,0.267,353,1322.09737827715,0.0554204579868223,23855.7642124054,10.0798230708813,"AW"
"AW_366488","Heart","AW_366488_hap2_h2tg000827l_56906-57183:-_AW_366488_hap2_h2tg000827l_58491-58757:-","EXON3","Core","Potential_coding_gene",0,0,0,0,278,0.278,353,1269.78417266187,0.0554204579868223,22911.8310960872,10.0394523425002,"AW"
"AW_366488","Heart","AW_366488_hap2_h2tg000827l_69875-70152:-_AW_366488_hap2_h2tg000827l_71774-72040:-","EXON2","Core","Potential_coding_gene",0,0,0,0,267,0.267,456,1707.86516853933,0.0554204579868223,30816.511277215,10.335838355361,"AW"
"AW_366488","Heart","AW_366488_hap2_h2tg000827l_69875-70152:-_AW_366488_hap2_h2tg000827l_71774-72040:-","EXON3","Core","Potential_coding_gene",0,0,0,0,278,0.278,456,1640.28776978417,0.0554204579868223,29597.1529173252,10.2954672369234,"AW"
"AW_366488","Heart","AW_366488_hap2_h2tg000827l_84447-84724:-_AW_366488_hap2_h2tg000827l_85400-85666:-","EXON2","Core","Potential_coding_gene",0,0,0,0,267,0.267,728,2726.59176029963,0.0554204579868223,49198.2899337993,10.8036344701364,"AW"
"AW_366488","Heart","AW_366488_hap2_h2tg000827l_84447-84724:-_AW_366488_hap2_h2tg000827l_85400-85666:-","EXON3","Core","Potential_coding_gene",0,0,0,0,278,0.278,728,2618.70503597122,0.0554204579868223,47251.5950083612,10.7632628522257,"AW"
"AW_366488","Heart","AW_366488_hap2_h2tg000943l_1068-1345:.","EXON3","Core","Potential_coding_gene",0,0,NA,NA,278,0.278,0,0,0.0554204579868223,0,0,"AW"
"AW_366488","Heart","AW_366488_hap2_h2tg000943l_26250-26527:-_AW_366488_hap2_h2tg000943l_27755-28021:-","EXON2","Core","Potential_coding_gene",0,0,0,0,267,0.267,129,483.14606741573,0.0554204579868223,8717.8288481595,9.07324020147938,"AW"
"AW_366488","Heart","AW_366488_hap2_h2tg000943l_26250-26527:-_AW_366488_hap2_h2tg000943l_27755-28021:-","EXON3","Core","Potential_coding_gene",0,0,0,0,278,0.278,129,464.028776978417,0.0554204579868223,8372.87878582225,9.0328724714113,"AW"
"AW_366488","Heart","AW_366488_hap2_h2tg000943l_34472-34749:-","EXON3","Core","Potential_coding_gene",0,0,0,0,278,0.278,39,140.287769784173,0.0554204579868223,2531.33544687649,7.83689725745757,"AW"
"AW_366488","Heart","AW_366488_hap2_h2tg000943l_48943-49220:-_AW_366488_hap2_h2tg000943l_50219-50485:-","EXON2","Core","Potential_coding_gene",0,0,0,0,267,0.267,273,1022.47191011236,0.0554204579868223,18449.3587251747,9.82283909237856,"AW"
"AW_366488","Heart","AW_366488_hap2_h2tg000943l_48943-49220:-_AW_366488_hap2_h2tg000943l_50219-50485:-","EXON3","Core","Potential_coding_gene",0,0,0,0,278,0.278,273,982.014388489208,0.0554204579868223,17719.3481281355,9.7824688700234,"AW"
"AW_366488","Liver","AW_366488_hap1_h1tg000325l_178525-178801:.","EXON3","Not_core","Potential_pseudogene",2,1,NA,NA,277,0.277,4,14.4404332129964,0.116506560681198,123.945236461923,4.8278755330002,"AW"
"AW_366488","Liver","AW_366488_hap1_h1tg000325l_27406-27682:.","EXON3","Not_core","Potential_pseudogene",2,1,NA,NA,277,0.277,1,3.6101083032491,0.116506560681198,30.9863091154807,3.46530797110879,"AW"
"AW_366488","Liver","AW_366488_hap1_h1tg000325l_66296-66562:._AW_366488_hap1_h1tg000325l_67706-67983:.","EXON2","Not_core","Potential_coding_gene",0,0,0,0,267,0.267,5,18.7265917602996,0.116506560681198,160.734225187044,5.08595440273351,"AW"
"AW_366488","Liver","AW_366488_hap1_h1tg000325l_66296-66562:._AW_366488_hap1_h1tg000325l_67706-67983:.","EXON3","Not_core","Potential_coding_gene",0,0,0,0,278,0.278,5,17.9856115107914,0.116506560681198,154.374237859499,5.0458366446507,"AW"
"AW_366488","Liver","AW_366488_hap1_h1tg000325l_74270-74510:.","EXON2","Not_core","Potential_coding_gene",0,0,NA,NA,241,0.241,1,4.149377593361,0.116506560681198,35.6149693982911,3.60045715674295,"AW"
"AW_366488","Liver","AW_366488_hap1_h1tg000572l_746-1022:-_AW_366488_hap1_h1tg000572l_1277-1536:-","EXON2","Not_core","Potential_pseudogene",0,0,NA,NA,260,0.26,0,0,0.116506560681198,0,0,"AW"
"AW_366488","Liver","AW_366488_hap1_h1tg000572l_746-1022:-_AW_366488_hap1_h1tg000572l_1277-1536:-","EXON3","Not_core","Potential_pseudogene",2,1,NA,NA,277,0.277,0,0,0.116506560681198,0,0,"AW"
"AW_366488","Liver","AW_366488_hap1_h1tg000710l_100819-101096:-_AW_366488_hap1_h1tg000710l_102395-102661:-","EXON2","Core","Potential_coding_gene",0,0,0,0,267,0.267,758,2838.95131086142,0.116506560681198,24367.3085383559,10.1010387366748,"AW"
"AW_366488","Liver","AW_366488_hap1_h1tg000710l_100819-101096:-_AW_366488_hap1_h1tg000710l_102395-102661:-","EXON3","Core","Potential_coding_gene",0,0,0,0,278,0.278,758,2726.61870503597,0.116506560681198,23403.1344595,10.060667972042,"AW"
"AW_366488","Liver","AW_366488_hap1_h1tg000710l_133212-133489:-_AW_366488_hap1_h1tg000710l_134617-134883:-","EXON2","Core","Potential_coding_gene",0,0,0,0,267,0.267,670,2509.36329588015,0.116506560681198,21538.3861750639,9.97763845332494,"AW"
"AW_366488","Liver","AW_366488_hap1_h1tg000710l_133212-133489:-_AW_366488_hap1_h1tg000710l_134617-134883:-","EXON3","Core","Potential_coding_gene",0,0,0,0,278,0.278,670,2410.07194244604,0.116506560681198,20686.1478731729,9.9372679107382,"AW"
"AW_366488","Liver","AW_366488_hap1_h1tg000710l_145466-145743:-_AW_366488_hap1_h1tg000710l_146579-146845:-","EXON2","Core","Potential_coding_gene",0,0,0,0,267,0.267,882,3303.37078651685,0.116506560681198,28353.5173229946,10.2525416376615,"AW"
"AW_366488","Liver","AW_366488_hap1_h1tg000710l_145466-145743:-_AW_366488_hap1_h1tg000710l_146579-146845:-","EXON3","Core","Potential_coding_gene",0,0,0,0,278,0.278,882,3172.6618705036,0.116506560681198,27231.6155584156,10.2121706353485,"AW"
"AW_366488","Liver","AW_366488_hap1_h1tg000710l_177471-177748:-_AW_366488_hap1_h1tg000710l_179124-179390:-","EXON2","Core","Potential_coding_gene",0,0,0,0,267,0.267,231,865.168539325843,0.116506560681198,7425.92120364143,8.91286667816659,"AW"
"AW_366488","Liver","AW_366488_hap1_h1tg000710l_177471-177748:-_AW_366488_hap1_h1tg000710l_179124-179390:-","EXON3","Core","Potential_coding_gene",0,0,0,0,278,0.278,231,830.935251798561,0.116506560681198,7132.08978910885,8.87249977004528,"AW"
"AW_366488","Liver","AW_366488_hap1_h1tg000710l_27786-28063:-_AW_366488_hap1_h1tg000710l_29419-29685:-","EXON2","Core","Potential_coding_gene",0,0,0,0,267,0.267,602,2254.68164794007,0.116506560681198,19352.4007125201,9.87062343043322,"AW"
"AW_366488","Liver","AW_366488_hap1_h1tg000710l_27786-28063:-_AW_366488_hap1_h1tg000710l_29419-29685:-","EXON3","Core","Potential_coding_gene",0,0,0,0,278,0.278,602,2165.46762589928,0.116506560681198,18586.6582382837,9.83025310388799,"AW"
"AW_366488","Liver","AW_366488_hap1_h1tg000710l_57721-57998:-_AW_366488_hap1_h1tg000710l_59023-59289:-","EXON2","Core","Potential_coding_gene",0,0,0,0,267,0.267,1300,4868.9138576779,0.116506560681198,41790.8985486314,10.6404577851023,"AW"
"AW_366488","Liver","AW_366488_hap1_h1tg000710l_57721-57998:-_AW_366488_hap1_h1tg000710l_59023-59289:-","EXON3","Core","Potential_coding_gene",0,0,0,0,278,0.278,1300,4676.25899280576,0.116506560681198,40137.3018434697,10.6000863156126,"AW"
"AW_366488","Liver","AW_366488_hap1_h1tg000710l_86906-87183:-_AW_366488_hap1_h1tg000710l_88239-88505:-","EXON2","Core","Potential_coding_gene",0,0,0,0,267,0.267,752,2816.47940074906,0.116506560681198,24174.4274681314,10.0930920024043,"AW"
"AW_366488","Liver","AW_366488_hap1_h1tg000710l_86906-87183:-_AW_366488_hap1_h1tg000710l_88239-88505:-","EXON3","Core","Potential_coding_gene",0,0,NA,NA,278,0.278,752,2705.03597122302,0.116506560681198,23217.8853740687,10.0527212512603,"AW"
"AW_366488","Liver","AW_366488_hap1_h1tg000796l_12963-13229:._AW_366488_hap1_h1tg000796l_14428-14705:.","EXON2","Core","Potential_coding_gene",0,0,0,0,267,0.267,16,59.9250936329588,0.116506560681198,514.34952059854,6.24484535123795,"AW"
"AW_366488","Liver","AW_366488_hap1_h1tg000796l_12963-13229:._AW_366488_hap1_h1tg000796l_14428-14705:.","EXON3","Core","Potential_coding_gene",0,0,0,0,278,0.278,16,57.5539568345324,0.116506560681198,493.997561150397,6.20455283558766,"AW"
"AW_366488","Liver","AW_366488_hap1_h1tg000796l_32874-33117:._AW_366488_hap1_h1tg000796l_34313-34590:.","EXON2","Core","Potential_coding_gene",0,0,1,0,244,0.244,581,2381.14754098361,0.116506560681198,20437.8837299923,9.92519443079075,"AW"
"AW_366488","Liver","AW_366488_hap1_h1tg000796l_32874-33117:._AW_366488_hap1_h1tg000796l_34313-34590:.","EXON3","Core","Potential_coding_gene",0,0,1,0,278,0.278,581,2089.92805755396,0.116506560681198,17938.2864392738,9.79474835997636,"AW"
"AW_366488","Liver","AW_366488_hap1_h1tg000796l_4-256:.","EXON3","Core","Potential_coding_gene",0,0,NA,NA,253,0.253,1,3.95256916996047,0.116506560681198,33.9257218378978,3.55322357315844,"AW"
"AW_366488","Liver","AW_366488_hap1_h1tg000796l_56906-57183:-_AW_366488_hap1_h1tg000796l_58491-58757:-","EXON2","Core","Potential_coding_gene",0,0,0,0,267,0.267,405,1516.85393258427,0.116506560681198,13019.4722401506,9.47427818546967,"AW"
"AW_366488","Liver","AW_366488_hap1_h1tg000796l_56906-57183:-_AW_366488_hap1_h1tg000796l_58491-58757:-","EXON3","Core","Potential_coding_gene",0,0,0,0,278,0.278,405,1456.8345323741,0.116506560681198,12504.3132666194,9.43390889430697,"AW"
"AW_366488","Liver","AW_366488_hap1_h1tg000796l_69875-70152:-_AW_366488_hap1_h1tg000796l_71774-72040:-","EXON2","Core","Potential_coding_gene",0,0,0,0,267,0.267,885,3314.60674157303,0.116506560681198,28449.9578581068,10.255937107111,"AW"
"AW_366488","Liver","AW_366488_hap1_h1tg000796l_69875-70152:-_AW_366488_hap1_h1tg000796l_71774-72040:-","EXON3","Core","Potential_coding_gene",0,0,0,0,278,0.278,885,3183.45323741007,0.116506560681198,27324.2401011313,10.2155660998728,"AW"
"AW_366488","Liver","AW_366488_hap1_h1tg000796l_84447-84724:-_AW_366488_hap1_h1tg000796l_85400-85666:-","EXON2","Core","Potential_coding_gene",0,0,0,0,267,0.267,2138,8007.49063670412,0.116506560681198,68729.95468998,11.1379549544597,"AW"
"AW_366488","Liver","AW_366488_hap1_h1tg000796l_84447-84724:-_AW_366488_hap1_h1tg000796l_85400-85666:-","EXON3","Core","Potential_coding_gene",0,0,0,0,278,0.278,2138,7690.64748201439,0.116506560681198,66010.4241087218,11.0975830985862,"AW"
"AW_366488","Liver","AW_366488_hap2_h2tg000444l_130193-130459:._AW_366488_hap2_h2tg000444l_131995-132272:.","EXON2","Core","Potential_coding_gene",0,0,0,0,267,0.267,234,876.404494382022,0.116506560681198,7522.36173875366,8.92576835677928,"AW"
"AW_366488","Liver","AW_366488_hap2_h2tg000444l_130193-130459:._AW_366488_hap2_h2tg000444l_131995-132272:.","EXON3","Core","Potential_coding_gene",0,0,0,0,278,0.278,234,841.726618705036,0.116506560681198,7224.71433182455,8.88540137755006,"AW"
"AW_366488","Liver","AW_366488_hap2_h2tg000444l_149619-149885:._AW_366488_hap2_h2tg000444l_151095-151372:.","EXON2","Core","Potential_coding_gene",0,0,0,0,267,0.267,291,1089.88764044944,0.116506560681198,9354.73190588596,9.14374447251433,"AW"
"AW_366488","Liver","AW_366488_hap2_h2tg000444l_149619-149885:._AW_366488_hap2_h2tg000444l_151095-151372:.","EXON3","Core","Potential_coding_gene",0,0,0,0,278,0.278,291,1046.76258992806,0.116506560681198,8984.58064342284,9.10337642077158,"AW"
"AW_366488","Liver","AW_366488_hap2_h2tg000444l_194344-194610:._AW_366488_hap2_h2tg000444l_195558-195835:.","EXON2","Core","Potential_coding_gene",0,0,NA,NA,267,0.267,51,191.011235955056,0.116506560681198,1639.48909690785,7.40274970617843,"AW"
"AW_366488","Liver","AW_366488_hap2_h2tg000444l_194344-194610:._AW_366488_hap2_h2tg000444l_195558-195835:.","EXON3","Core","Potential_coding_gene",0,0,0,0,278,0.278,51,183.453237410072,0.116506560681198,1574.61722616689,7.36240236412082,"AW"
"AW_366488","Liver","AW_366488_hap2_h2tg000444l_79001-79267:._AW_366488_hap2_h2tg000444l_81274-81551:.","EXON2","Core","Potential_coding_gene",0,0,0,0,267,0.267,217,812.734082397004,0.116506560681198,6975.86537311771,8.85035500794079,"AW"
"AW_366488","Liver","AW_366488_hap2_h2tg000444l_79001-79267:._AW_366488_hap2_h2tg000444l_81274-81551:.","EXON3","Core","Potential_coding_gene",0,0,0,0,278,0.278,217,780.575539568345,0.116506560681198,6699.84192310226,8.809988457649,"AW"
"AW_366488","Liver","AW_366488_hap2_h2tg000444l_99260-99526:._AW_366488_hap2_h2tg000444l_100268-100545:.","EXON2","Core","Potential_coding_gene",0,0,NA,NA,267,0.267,688,2576.77902621723,0.116506560681198,22117.0293857372,10.0041483642237,"AW"
"AW_366488","Liver","AW_366488_hap2_h2tg000444l_99260-99526:._AW_366488_hap2_h2tg000444l_100268-100545:.","EXON3","Core","Potential_coding_gene",0,0,0,0,278,0.278,688,2474.82014388489,0.116506560681198,21241.8951294671,9.96377777159758,"AW"
"AW_366488","Liver","AW_366488_hap2_h2tg000523l_379479-379755:-","EXON3","Not_core","Potential_pseudogene",2,1,NA,NA,277,0.277,10,36.101083032491,0.116506560681198,309.863091154807,5.73935259388618,"AW"
"AW_366488","Liver","AW_366488_hap2_h2tg000523l_484547-484787:-","EXON2","Not_core","Potential_coding_gene",0,0,NA,NA,241,0.241,9,37.344398340249,0.116506560681198,320.53472458462,5.77310554588448,"AW"
"AW_366488","Liver","AW_366488_hap2_h2tg000523l_491066-491343:-_AW_366488_hap2_h2tg000523l_492486-492752:-","EXON2","Not_core","Potential_coding_gene",0,0,2,0,267,0.267,21,78.6516853932584,0.116506560681198,675.083745785584,6.51631695266814,"AW"
"AW_366488","Liver","AW_366488_hap2_h2tg000523l_491066-491343:-_AW_366488_hap2_h2tg000523l_492486-492752:-","EXON3","Not_core","Potential_coding_gene",0,0,2,0,278,0.278,21,75.5395683453237,0.116506560681198,648.371799009896,6.47600543250143,"AW"
"AW_366488","Liver","AW_366488_hap2_h2tg000523l_531345-531621:-","EXON3","Not_core","Potential_pseudogene",2,1,NA,NA,277,0.277,9,32.4909747292419,0.116506560681198,278.876782039326,5.63434944216734,"AW"
"AW_366488","Liver","AW_366488_hap2_h2tg000523l_784555-784814:._AW_366488_hap2_h2tg000523l_785071-785347:.","EXON2","Not_core","Potential_pseudogene",0,0,NA,NA,260,0.26,0,0,0.116506560681198,0,0,"AW"
"AW_366488","Liver","AW_366488_hap2_h2tg000523l_784555-784814:._AW_366488_hap2_h2tg000523l_785071-785347:.","EXON3","Not_core","Potential_pseudogene",2,1,NA,NA,277,0.277,0,0,0.116506560681198,0,0,"AW"
"AW_366488","Liver","AW_366488_hap2_h2tg000827l_12963-13229:._AW_366488_hap2_h2tg000827l_14428-14705:.","EXON2","Core","Potential_coding_gene",0,0,0,0,267,0.267,169,632.958801498127,0.116506560681198,5432.81681132208,8.60039707784684,"AW"
"AW_366488","Liver","AW_366488_hap2_h2tg000827l_12963-13229:._AW_366488_hap2_h2tg000827l_14428-14705:.","EXON3","Core","Potential_coding_gene",0,0,0,0,278,0.278,169,607.913669064748,0.116506560681198,5217.84923965107,8.56003220439941,"AW"
"AW_366488","Liver","AW_366488_hap2_h2tg000827l_32874-33117:._AW_366488_hap2_h2tg000827l_34313-34590:.","EXON2","Core","Potential_coding_gene",0,0,1,0,244,0.244,264,1081.96721311475,0.116506560681198,9286.74923359373,9.13645152404617,"AW"
"AW_366488","Liver","AW_366488_hap2_h2tg000827l_32874-33117:._AW_366488_hap2_h2tg000827l_34313-34590:.","EXON3","Core","Potential_coding_gene",0,0,1,0,278,0.278,264,949.640287769784,0.116506560681198,8150.95975898155,9.00601363855347,"AW"
"AW_366488","Liver","AW_366488_hap2_h2tg000827l_4-256:.","EXON3","Core","Potential_coding_gene",0,0,NA,NA,253,0.253,1,3.95256916996047,0.116506560681198,33.9257218378978,3.55322357315844,"AW"
"AW_366488","Liver","AW_366488_hap2_h2tg000827l_56906-57183:-_AW_366488_hap2_h2tg000827l_58491-58757:-","EXON2","Core","Potential_coding_gene",0,0,0,0,267,0.267,637,2385.76779026217,0.116506560681198,20477.5402888294,9.92713280165376,"AW"
"AW_366488","Liver","AW_366488_hap2_h2tg000827l_56906-57183:-_AW_366488_hap2_h2tg000827l_58491-58757:-","EXON3","Core","Potential_coding_gene",0,0,0,0,278,0.278,637,2291.36690647482,0.116506560681198,19667.2779033002,9.88676235815034,"AW"
"AW_366488","Liver","AW_366488_hap2_h2tg000827l_69875-70152:-_AW_366488_hap2_h2tg000827l_71774-72040:-","EXON2","Core","Potential_coding_gene",0,0,0,0,267,0.267,680,2546.81647940075,0.116506560681198,21859.854625438,9.99245285636605,"AW"
"AW_366488","Liver","AW_366488_hap2_h2tg000827l_69875-70152:-_AW_366488_hap2_h2tg000827l_71774-72040:-","EXON3","Core","Potential_coding_gene",0,0,0,0,278,0.278,680,2446.04316546763,0.116506560681198,20994.8963488919,9.95208228565263,"AW"
"AW_366488","Liver","AW_366488_hap2_h2tg000827l_84447-84724:-_AW_366488_hap2_h2tg000827l_85400-85666:-","EXON2","Core","Potential_coding_gene",0,0,0,0,267,0.267,2189,8198.50187265918,0.116506560681198,70369.4437868878,11.1615286214191,"AW"
"AW_366488","Liver","AW_366488_hap2_h2tg000827l_84447-84724:-_AW_366488_hap2_h2tg000827l_85400-85666:-","EXON3","Core","Potential_coding_gene",0,0,0,0,278,0.278,2189,7874.10071942446,0.116506560681198,67585.0413348887,11.1211567515804,"AW"
"AW_366488","Liver","AW_366488_hap2_h2tg000943l_1068-1345:.","EXON3","Core","Potential_coding_gene",0,0,NA,NA,278,0.278,0,0,0.116506560681198,0,0,"AW"
"AW_366488","Liver","AW_366488_hap2_h2tg000943l_26250-26527:-_AW_366488_hap2_h2tg000943l_27755-28021:-","EXON2","Core","Potential_coding_gene",0,0,0,0,267,0.267,200,749.063670411985,0.116506560681198,6429.36900748176,8.76878720399586,"AW"
"AW_366488","Liver","AW_366488_hap2_h2tg000943l_26250-26527:-_AW_366488_hap2_h2tg000943l_27755-28021:-","EXON3","Core","Potential_coding_gene",0,0,0,0,278,0.278,200,719.424460431655,0.116506560681198,6174.96951437996,8.72842115554929,"AW"
"AW_366488","Liver","AW_366488_hap2_h2tg000943l_34472-34749:-","EXON3","Core","Potential_coding_gene",0,0,0,0,278,0.278,60,215.827338129496,0.116506560681198,1852.49085431399,7.52482608829968,"AW"
"AW_366488","Liver","AW_366488_hap2_h2tg000943l_48943-49220:-_AW_366488_hap2_h2tg000943l_50219-50485:-","EXON2","Core","Potential_coding_gene",0,0,0,0,267,0.267,913,3419.47565543071,0.116506560681198,29350.0695191542,10.2870842647679,"AW"
"AW_366488","Liver","AW_366488_hap2_h2tg000943l_48943-49220:-_AW_366488_hap2_h2tg000943l_50219-50485:-","EXON3","Core","Potential_coding_gene",0,0,0,0,278,0.278,913,3284.1726618705,0.116506560681198,28188.7358331445,10.2467132131222,"AW"
"AW_366490","Heart","AW_366490_hap1_h1tg000032l_333475-333751:-","EXON3","Not_core","Potential_pseudogene",2,1,NA,NA,277,0.277,15,54.1516245487365,0.0643148994863267,841.976353554732,6.73693890725818,"AW"
"AW_366490","Heart","AW_366490_hap1_h1tg000032l_438435-438675:-","EXON2","Not_core","Potential_coding_gene",0,0,NA,NA,241,0.241,24,99.5850622406639,0.0643148994863267,1548.39800786497,7.34562175245086,"AW"
"AW_366490","Heart","AW_366490_hap1_h1tg000032l_444956-445233:-_AW_366490_hap1_h1tg000032l_446377-446643:-","EXON2","Not_core","Potential_coding_gene",0,0,1,0,267,0.267,48,179.775280898876,0.0643148994863267,2795.23535502215,7.93602927542707,"AW"
"AW_366490","Heart","AW_366490_hap1_h1tg000032l_444956-445233:-_AW_366490_hap1_h1tg000032l_446377-446643:-","EXON3","Not_core","Potential_coding_gene",0,0,1,0,278,0.278,48,172.661870503597,0.0643148994863267,2684.6325172335,7.89567155358832,"AW"
"AW_366490","Heart","AW_366490_hap1_h1tg000032l_485170-485446:-","EXON3","Not_core","Potential_pseudogene",2,1,NA,NA,277,0.277,10,36.101083032491,0.0643148994863267,561.317569036488,6.332066759762,"AW"
"AW_366490","Heart","AW_366490_hap1_h1tg000481l_109374-109640:._AW_366490_hap1_h1tg000481l_110860-111137:.","EXON2","Core","Potential_coding_gene",0,0,0,0,267,0.267,212,794.007490636704,0.0643148994863267,12345.6228180145,9.42113784862899,"AW"
"AW_366490","Heart","AW_366490_hap1_h1tg000481l_109374-109640:._AW_366490_hap1_h1tg000481l_110860-111137:.","EXON3","Core","Potential_coding_gene",0,0,0,0,278,0.278,212,762.589928057554,0.0643148994863267,11857.1269511146,9.38076873015659,"AW"
"AW_366490","Heart","AW_366490_hap1_h1tg000481l_152162-152428:._AW_366490_hap1_h1tg000481l_153654-153931:.","EXON2","Core","Potential_coding_gene",0,0,0,0,267,0.267,554,2074.9063670412,0.0643148994863267,32261.6747225473,10.3816662596665,"AW"
"AW_366490","Heart","AW_366490_hap1_h1tg000481l_152162-152428:._AW_366490_hap1_h1tg000481l_153654-153931:.","EXON3","Core","Potential_coding_gene",0,0,0,0,278,0.278,554,1992.80575539568,0.0643148994863267,30985.1336364034,10.3412950813464,"AW"
"AW_366490","Heart","AW_366490_hap1_h1tg000481l_165669-165935:._AW_366490_hap1_h1tg000481l_166851-167128:.","EXON2","Core","Potential_coding_gene",0,0,0,0,267,0.267,1135,4250.93632958801,0.0643148994863267,66095.6693322946,11.098873636254,"AW"
"AW_366490","Heart","AW_366490_hap1_h1tg000481l_165669-165935:._AW_366490_hap1_h1tg000481l_166851-167128:.","EXON3","Core","Potential_coding_gene",0,0,0,0,278,0.278,1135,4082.73381294964,0.0643148994863267,63480.3730637506,11.0585018042702,"AW"
"AW_366490","Heart","AW_366490_hap1_h1tg000481l_18081-18347:._AW_366490_hap1_h1tg000481l_19513-19790:.","EXON2","Core","Potential_coding_gene",0,0,0,0,267,0.267,367,1374.53183520599,0.0643148994863267,21371.9036519402,9.96987921423229,"AW"
"AW_366490","Heart","AW_366490_hap1_h1tg000481l_18081-18347:._AW_366490_hap1_h1tg000481l_19513-19790:.","EXON3","Core","Potential_coding_gene",0,0,0,0,278,0.278,367,1320.14388489209,0.0643148994863267,20526.2527880145,9.92950868654438,"AW"
"AW_366490","Heart","AW_366490_hap1_h1tg000481l_206912-207178:._AW_366490_hap1_h1tg000481l_208374-208651:.","EXON2","Core","Potential_coding_gene",0,0,0,1,267,0.267,774,2898.87640449438,0.0643148994863267,45073.1700997322,10.7160646363598,"AW"
"AW_366490","Heart","AW_366490_hap1_h1tg000481l_206912-207178:._AW_366490_hap1_h1tg000481l_208374-208651:.","EXON3","Core","Potential_coding_gene",0,0,0,1,278,0.278,774,2784.1726618705,0.0643148994863267,43289.6993403903,10.6756930950847,"AW"
"AW_366490","Heart","AW_366490_hap1_h1tg000481l_229935-230212:-_AW_366490_hap1_h1tg000481l_231652-231918:-","EXON2","Core","Potential_coding_gene",0,0,0,0,267,0.267,424,1588.01498127341,0.0643148994863267,24691.245636029,10.1142445314648,"AW"
"AW_366490","Heart","AW_366490_hap1_h1tg000481l_229935-230212:-_AW_366490_hap1_h1tg000481l_231652-231918:-","EXON3","Core","Potential_coding_gene",0,0,0,0,278,0.278,424,1525.17985611511,0.0643148994863267,23714.2539022293,10.0738737446524,"AW"
"AW_366490","Heart","AW_366490_hap1_h1tg000481l_280582-280859:-_AW_366490_hap1_h1tg000481l_282247-282513:-","EXON2","Core","Potential_coding_gene",0,0,1,0,267,0.267,249,932.584269662921,0.0643148994863267,14500.2834041774,9.58199243512476,"AW"
"AW_366490","Heart","AW_366490_hap1_h1tg000481l_280582-280859:-_AW_366490_hap1_h1tg000481l_282247-282513:-","EXON3","Core","Potential_coding_gene",0,0,1,0,278,0.278,249,895.68345323741,0.0643148994863267,13926.5311831488,9.54162282085486,"AW"
"AW_366490","Heart","AW_366490_hap1_h1tg000481l_295817-296094:-_AW_366490_hap1_h1tg000481l_297647-297913:-","EXON2","Core","Potential_coding_gene",0,0,NA,NA,267,0.267,211,790.262172284644,0.0643148994863267,12287.3887481182,9.41641009128988,"AW"
"AW_366490","Heart","AW_366490_hap1_h1tg000481l_295817-296094:-_AW_366490_hap1_h1tg000481l_297647-297913:-","EXON3","Core","Potential_coding_gene",0,0,NA,NA,278,0.278,211,758.992805755396,0.0643148994863267,11801.1971070056,9.37604098863047,"AW"
"AW_366490","Heart","AW_366490_hap1_h1tg000481l_45712-45978:._AW_366490_hap1_h1tg000481l_47091-47368:.","EXON2","Core","Potential_coding_gene",0,0,0,0,267,0.267,138,516.85393258427,0.0643148994863267,8036.30164568868,8.99184868963341,"AW"
"AW_366490","Heart","AW_366490_hap1_h1tg000481l_45712-45978:._AW_366490_hap1_h1tg000481l_47091-47368:.","EXON3","Core","Potential_coding_gene",0,0,0,0,278,0.278,138,496.402877697842,0.0643148994863267,7718.31848704633,8.951481360242,"AW"
"AW_366490","Heart","AW_366490_hap1_h1tg000481l_58444-58710:._AW_366490_hap1_h1tg000481l_59722-59999:.","EXON2","Core","Potential_coding_gene",0,0,0,0,267,0.267,165,617.977528089888,0.0643148994863267,9608.62153288864,9.17052011855497,"AW"
"AW_366490","Heart","AW_366490_hap1_h1tg000481l_58444-58710:._AW_366490_hap1_h1tg000481l_59722-59999:.","EXON3","Core","Potential_coding_gene",0,0,0,0,278,0.278,165,593.525179856115,0.0643148994863267,9228.42427799017,9.13015195046917,"AW"
"AW_366490","Heart","AW_366490_hap1_h1tg000481l_78546-78812:._AW_366490_hap1_h1tg000481l_80096-80373:.","EXON2","Core","Potential_coding_gene",0,0,0,0,267,0.267,72,269.662921348315,0.0643148994863267,4192.85303253323,8.34137516853343,"AW"
"AW_366490","Heart","AW_366490_hap1_h1tg000481l_78546-78812:._AW_366490_hap1_h1tg000481l_80096-80373:.","EXON3","Core","Potential_coding_gene",0,0,0,0,278,0.278,72,258.992805755396,0.0643148994863267,4026.94877585026,8.30101253673928,"AW"
"AW_366490","Heart","AW_366490_hap2_h2tg000566l_228372-228648:.","EXON3","Not_core","Potential_pseudogene",2,1,NA,NA,277,0.277,6,21.6606498194946,0.0643148994863267,336.790541421893,5.82242600345442,"AW"
"AW_366490","Heart","AW_366490_hap2_h2tg000566l_267179-267445:._AW_366490_hap2_h2tg000566l_268589-268866:.","EXON2","Not_core","Potential_coding_gene",0,0,0,0,267,0.267,12,44.9438202247191,0.0643148994863267,698.808838755538,6.55080721025614,"AW"
"AW_366490","Heart","AW_366490_hap2_h2tg000566l_267179-267445:._AW_366490_hap2_h2tg000566l_268589-268866:.","EXON3","Not_core","Potential_coding_gene",0,0,0,0,278,0.278,12,43.1654676258993,0.0643148994863267,671.158129308376,6.51049362431255,"AW"
"AW_366490","Heart","AW_366490_hap2_h2tg000566l_275153-275393:.","EXON2","Not_core","Potential_coding_gene",0,0,NA,NA,241,0.241,6,24.896265560166,0.0643148994863267,387.099501966242,5.96126175511261,"AW"
"AW_366490","Heart","AW_366490_hap2_h2tg000566l_300-576:-_AW_366490_hap2_h2tg000566l_831-1090:-","EXON2","Not_core","Potential_pseudogene",0,0,NA,NA,260,0.26,3,11.5384615384615,0.0643148994863267,179.40573071897,5.19520837385884,"AW"
"AW_366490","Heart","AW_366490_hap2_h2tg000566l_300-576:-_AW_366490_hap2_h2tg000566l_831-1090:-","EXON3","Not_core","Potential_pseudogene",2,1,NA,NA,277,0.277,3,10.8303249097473,0.0643148994863267,168.395270710946,5.13223486394717,"AW"
"AW_366490","Heart","AW_366490_hap2_h2tg000566l_380045-380321:.","EXON3","Not_core","Potential_pseudogene",2,1,NA,NA,277,0.277,5,18.0505415162455,0.0643148994863267,280.658784518244,5.64069635433861,"AW"
"AW_366490","Heart","AW_366490_hap2_h2tg000886l_114369-114634:._AW_366490_hap2_h2tg000886l_115515-115792:.","EXON2","Core","Potential_coding_gene",0,0,0,0,266,0.266,331,1244.36090225564,0.0643148994863267,19347.9413354318,9.87039298561401,"AW"
"AW_366490","Heart","AW_366490_hap2_h2tg000886l_114369-114634:._AW_366490_hap2_h2tg000886l_115515-115792:.","EXON3","Core","Potential_coding_gene",0,0,0,0,278,0.278,331,1190.64748201439,0.0643148994863267,18512.7784000894,9.82627051223984,"AW"
"AW_366490","Heart","AW_366490_hap2_h2tg000886l_129264-129530:._AW_366490_hap2_h2tg000886l_130882-131159:.","EXON2","Core","Potential_coding_gene",0,0,0,0,267,0.267,763,2857.67790262172,0.0643148994863267,44432.5953308729,10.7017511139001,"AW"
"AW_366490","Heart","AW_366490_hap2_h2tg000886l_129264-129530:._AW_366490_hap2_h2tg000886l_130882-131159:.","EXON3","Core","Potential_coding_gene",0,0,0,0,278,0.278,763,2744.60431654676,0.0643148994863267,42674.4710551909,10.6613795858019,"AW"
"AW_366490","Heart","AW_366490_hap2_h2tg000886l_190251-190517:._AW_366490_hap2_h2tg000886l_192821-193098:.","EXON2","Core","Potential_coding_gene",0,0,0,0,267,0.267,340,1273.40823970037,0.0643148994863267,19799.5837647402,9.8934666993157,"AW"
"AW_366490","Heart","AW_366490_hap2_h2tg000886l_190251-190517:._AW_366490_hap2_h2tg000886l_192821-193098:.","EXON3","Core","Potential_coding_gene",0,0,0,0,278,0.278,340,1223.02158273381,0.0643148994863267,19016.1469970707,9.85309632469422,"AW"
"AW_366490","Heart","AW_366490_hap2_h2tg000886l_211626-211903:-_AW_366490_hap2_h2tg000886l_213463-213729:-","EXON2","Core","Potential_coding_gene",0,0,0,0,267,0.267,831,3112.3595505618,0.0643148994863267,48392.512083821,10.7871210358646,"AW"
"AW_366490","Heart","AW_366490_hap2_h2tg000886l_211626-211903:-_AW_366490_hap2_h2tg000886l_213463-213729:-","EXON3","Core","Potential_coding_gene",0,0,0,0,278,0.278,831,2989.20863309352,0.0643148994863267,46477.700454605,10.7467494318967,"AW"
"AW_366490","Heart","AW_366490_hap2_h2tg000886l_249123-249400:-_AW_366490_hap2_h2tg000886l_250872-251138:-","EXON2","Core","Potential_coding_gene",0,0,0,0,267,0.267,2095,7846.44194756554,0.0643148994863267,122000.376432738,11.7117876058873,"AW"
"AW_366490","Heart","AW_366490_hap2_h2tg000886l_249123-249400:-_AW_366490_hap2_h2tg000886l_250872-251138:-","EXON3","Core","Potential_coding_gene",0,0,0,0,278,0.278,2095,7535.97122302158,0.0643148994863267,117173.023408421,11.6714154882857,"AW"
"AW_366490","Liver","AW_366490_hap1_h1tg000032l_333475-333751:-","EXON3","Not_core","Potential_pseudogene",2,1,NA,NA,277,0.277,16,57.7617328519856,0.0557719579250132,1035.67697819839,6.94377566327087,"AW"
"AW_366490","Liver","AW_366490_hap1_h1tg000032l_438435-438675:-","EXON2","Not_core","Potential_coding_gene",0,0,NA,NA,241,0.241,17,70.5394190871369,0.0557719579250132,1264.78290724487,7.14344610873042,"AW"
"AW_366490","Liver","AW_366490_hap1_h1tg000032l_444956-445233:-_AW_366490_hap1_h1tg000032l_446377-446643:-","EXON2","Not_core","Potential_coding_gene",0,0,1,0,267,0.267,36,134.831460674157,0.0557719579250132,2417.54935079456,7.79092319759322,"AW"
"AW_366490","Liver","AW_366490_hap1_h1tg000032l_444956-445233:-_AW_366490_hap1_h1tg000032l_446377-446643:-","EXON3","Not_core","Potential_coding_gene",0,0,1,0,278,0.278,36,129.496402877698,0.0557719579250132,2321.89092324514,7.7505677765432,"AW"
"AW_366490","Liver","AW_366490_hap1_h1tg000032l_485170-485446:-","EXON3","Not_core","Potential_pseudogene",2,1,NA,NA,277,0.277,25,90.2527075812274,0.0557719579250132,1618.24527843499,7.38971544216252,"AW"
"AW_366490","Liver","AW_366490_hap1_h1tg000481l_109374-109640:._AW_366490_hap1_h1tg000481l_110860-111137:.","EXON2","Core","Potential_coding_gene",0,0,0,0,267,0.267,240,898.876404494382,0.0557719579250132,16116.9956719637,9.6876916703625,"AW"
"AW_366490","Liver","AW_366490_hap1_h1tg000481l_109374-109640:._AW_366490_hap1_h1tg000481l_110860-111137:.","EXON3","Core","Potential_coding_gene",0,0,0,0,278,0.278,240,863.309352517986,0.0557719579250132,15479.2728216342,9.64732177112499,"AW"
"AW_366490","Liver","AW_366490_hap1_h1tg000481l_152162-152428:._AW_366490_hap1_h1tg000481l_153654-153931:.","EXON2","Core","Potential_coding_gene",0,0,0,0,267,0.267,502,1880.14981273408,0.0557719579250132,33711.3826138575,10.4256204854651,"AW"
"AW_366490","Liver","AW_366490_hap1_h1tg000481l_152162-152428:._AW_366490_hap1_h1tg000481l_153654-153931:.","EXON3","Core","Potential_coding_gene",0,0,0,0,278,0.278,502,1805.75539568345,0.0557719579250132,32377.4789852516,10.3852492522324,"AW"
"AW_366490","Liver","AW_366490_hap1_h1tg000481l_165669-165935:._AW_366490_hap1_h1tg000481l_166851-167128:.","EXON2","Core","Potential_coding_gene",0,0,0,0,267,0.267,875,3277.15355805243,0.0557719579250132,58759.8800540344,10.9812316072695,"AW"
"AW_366490","Liver","AW_366490_hap1_h1tg000481l_165669-165935:._AW_366490_hap1_h1tg000481l_166851-167128:.","EXON3","Core","Potential_coding_gene",0,0,0,0,278,0.278,875,3147.48201438849,0.0557719579250132,56434.8488288748,10.9408598531001,"AW"
"AW_366490","Liver","AW_366490_hap1_h1tg000481l_18081-18347:._AW_366490_hap1_h1tg000481l_19513-19790:.","EXON2","Core","Potential_coding_gene",0,0,0,0,267,0.267,280,1048.68913857678,0.0557719579250132,18803.161617291,9.84183348694281,"AW"
"AW_366490","Liver","AW_366490_hap1_h1tg000481l_18081-18347:._AW_366490_hap1_h1tg000481l_19513-19790:.","EXON3","Core","Potential_coding_gene",0,0,0,0,278,0.278,280,1007.19424460432,0.0557719579250132,18059.1516252399,9.80146322257471,"AW"
"AW_366490","Liver","AW_366490_hap1_h1tg000481l_206912-207178:._AW_366490_hap1_h1tg000481l_208374-208651:.","EXON2","Core","Potential_coding_gene",0,0,0,1,267,0.267,599,2243.44569288389,0.0557719579250132,40225.3350312762,10.6022771604031,"AW"
"AW_366490","Liver","AW_366490_hap1_h1tg000481l_206912-207178:._AW_366490_hap1_h1tg000481l_208374-208651:.","EXON3","Core","Potential_coding_gene",0,0,0,1,278,0.278,599,2154.67625899281,0.0557719579250132,38633.6850839954,10.5619057292796,"AW"
"AW_366490","Liver","AW_366490_hap1_h1tg000481l_229935-230212:-_AW_366490_hap1_h1tg000481l_231652-231918:-","EXON2","Core","Potential_coding_gene",0,0,0,0,267,0.267,334,1250.93632958801,0.0557719579250132,22429.4856434829,10.0181762787949,"AW"
"AW_366490","Liver","AW_366490_hap1_h1tg000481l_229935-230212:-_AW_366490_hap1_h1tg000481l_231652-231918:-","EXON3","Core","Potential_coding_gene",0,0,0,0,278,0.278,334,1201.43884892086,0.0557719579250132,21541.9880101076,9.97780566022197,"AW"
"AW_366490","Liver","AW_366490_hap1_h1tg000481l_280582-280859:-_AW_366490_hap1_h1tg000481l_282247-282513:-","EXON2","Core","Potential_coding_gene",0,0,1,0,267,0.267,197,737.827715355805,0.0557719579250132,13229.3672807369,9.49027001792827,"AW"
"AW_366490","Liver","AW_366490_hap1_h1tg000481l_280582-280859:-_AW_366490_hap1_h1tg000481l_282247-282513:-","EXON3","Core","Potential_coding_gene",0,0,1,0,278,0.278,197,708.63309352518,0.0557719579250132,12705.9031077581,9.44990067656789,"AW"
"AW_366490","Liver","AW_366490_hap1_h1tg000481l_295817-296094:-_AW_366490_hap1_h1tg000481l_297647-297913:-","EXON2","Core","Potential_coding_gene",0,0,NA,NA,267,0.267,119,445.692883895131,0.0557719579250132,7991.34368734869,8.98623932332626,"AW"
"AW_366490","Liver","AW_366490_hap1_h1tg000481l_295817-296094:-_AW_366490_hap1_h1tg000481l_297647-297913:-","EXON3","Core","Potential_coding_gene",0,0,NA,NA,278,0.278,119,428.057553956835,0.0557719579250132,7675.13944072697,8.94587202276861,"AW"
"AW_366490","Liver","AW_366490_hap1_h1tg000481l_45712-45978:._AW_366490_hap1_h1tg000481l_47091-47368:.","EXON2","Core","Potential_coding_gene",0,0,0,0,267,0.267,148,554.307116104869,0.0557719579250132,9938.81399771097,9.20430358697161,"AW"
"AW_366490","Liver","AW_366490_hap1_h1tg000481l_45712-45978:._AW_366490_hap1_h1tg000481l_47091-47368:.","EXON3","Core","Potential_coding_gene",0,0,0,0,278,0.278,148,532.374100719424,0.0557719579250132,9545.55157334111,9.16393527646869,"AW"
"AW_366490","Liver","AW_366490_hap1_h1tg000481l_58444-58710:._AW_366490_hap1_h1tg000481l_59722-59999:.","EXON2","Core","Potential_coding_gene",0,0,0,0,267,0.267,181,677.902621722846,0.0557719579250132,12154.900902606,9.40557000186508,"AW"
"AW_366490","Liver","AW_366490_hap1_h1tg000481l_58444-58710:._AW_366490_hap1_h1tg000481l_59722-59999:.","EXON3","Core","Potential_coding_gene",0,0,0,0,278,0.278,181,651.079136690647,0.0557719579250132,11673.9515863158,9.36520093574613,"AW"
"AW_366490","Liver","AW_366490_hap1_h1tg000481l_78546-78812:._AW_366490_hap1_h1tg000481l_80096-80373:.","EXON2","Core","Potential_coding_gene",0,0,0,0,267,0.267,118,441.947565543071,0.0557719579250132,7924.1895387155,8.97780151501665,"AW"
"AW_366490","Liver","AW_366490_hap1_h1tg000481l_78546-78812:._AW_366490_hap1_h1tg000481l_80096-80373:.","EXON3","Core","Potential_coding_gene",0,0,0,0,278,0.278,118,424.460431654676,0.0557719579250132,7610.64247063683,8.93743425813755,"AW"
"AW_366490","Liver","AW_366490_hap2_h2tg000566l_228372-228648:.","EXON3","Not_core","Potential_pseudogene",2,1,NA,NA,277,0.277,15,54.1516245487365,0.0557719579250132,970.947167060992,6.87930144810764,"AW"
"AW_366490","Liver","AW_366490_hap2_h2tg000566l_267179-267445:._AW_366490_hap2_h2tg000566l_268589-268866:.","EXON2","Not_core","Potential_coding_gene",0,0,0,0,267,0.267,16,59.9250936329588,0.0557719579250132,1074.46637813092,6.98050968660213,"AW"
"AW_366490","Liver","AW_366490_hap2_h2tg000566l_267179-267445:._AW_366490_hap2_h2tg000566l_268589-268866:.","EXON3","Not_core","Potential_coding_gene",0,0,0,0,278,0.278,16,57.5539568345324,0.0557719579250132,1031.95152144228,6.94017553814645,"AW"
"AW_366490","Liver","AW_366490_hap2_h2tg000566l_275153-275393:.","EXON2","Not_core","Potential_coding_gene",0,0,NA,NA,241,0.241,7,29.045643153527,0.0557719579250132,520.792961806712,6.25727088431483,"AW"
"AW_366490","Liver","AW_366490_hap2_h2tg000566l_300-576:-_AW_366490_hap2_h2tg000566l_831-1090:-","EXON2","Not_core","Potential_pseudogene",0,0,NA,NA,260,0.26,0,0,0.0557719579250132,0,0,"AW"
"AW_366490","Liver","AW_366490_hap2_h2tg000566l_300-576:-_AW_366490_hap2_h2tg000566l_831-1090:-","EXON3","Not_core","Potential_pseudogene",2,1,NA,NA,277,0.277,0,0,0.0557719579250132,0,0,"AW"
"AW_366490","Liver","AW_366490_hap2_h2tg000566l_380045-380321:.","EXON3","Not_core","Potential_pseudogene",2,1,NA,NA,277,0.277,14,50.5415162454874,0.0557719579250132,906.217355923593,6.81038206409956,"AW"
"AW_366490","Liver","AW_366490_hap2_h2tg000886l_114369-114634:._AW_366490_hap2_h2tg000886l_115515-115792:.","EXON2","Core","Potential_coding_gene",0,0,0,0,266,0.266,445,1672.93233082707,0.0557719579250132,29995.9404881637,10.3088506717157,"AW"
"AW_366490","Liver","AW_366490_hap2_h2tg000886l_114369-114634:._AW_366490_hap2_h2tg000886l_115515-115792:.","EXON3","Core","Potential_coding_gene",0,0,0,0,278,0.278,445,1600.71942446043,0.0557719579250132,28701.1516901135,10.2647273707184,"AW"
"AW_366490","Liver","AW_366490_hap2_h2tg000886l_129264-129530:._AW_366490_hap2_h2tg000886l_130882-131159:.","EXON2","Core","Potential_coding_gene",0,0,0,0,267,0.267,635,2378.27715355805,0.0557719579250132,42642.8843820707,10.6606391518311,"AW"
"AW_366490","Liver","AW_366490_hap2_h2tg000886l_129264-129530:._AW_366490_hap2_h2tg000886l_130882-131159:.","EXON3","Core","Potential_coding_gene",0,0,0,0,278,0.278,635,2284.1726618705,0.0557719579250132,40955.5760072406,10.620267662646,"AW"
"AW_366490","Liver","AW_366490_hap2_h2tg000886l_190251-190517:._AW_366490_hap2_h2tg000886l_192821-193098:.","EXON2","Core","Potential_coding_gene",0,0,0,0,267,0.267,278,1041.19850187266,0.0557719579250132,18668.8533200247,9.83466538005202,"AW"
"AW_366490","Liver","AW_366490_hap2_h2tg000886l_190251-190517:._AW_366490_hap2_h2tg000886l_192821-193098:.","EXON3","Core","Potential_coding_gene",0,0,0,0,278,0.278,278,1000,0.0557719579250132,17930.1576850597,9.79429513144509,"AW"
"AW_366490","Liver","AW_366490_hap2_h2tg000886l_211626-211903:-_AW_366490_hap2_h2tg000886l_213463-213729:-","EXON2","Core","Potential_coding_gene",0,0,0,0,267,0.267,641,2400.74906367041,0.0557719579250132,43045.8092738698,10.6700433903581,"AW"
"AW_366490","Liver","AW_366490_hap2_h2tg000886l_211626-211903:-_AW_366490_hap2_h2tg000886l_213463-213729:-","EXON3","Core","Potential_coding_gene",0,0,0,0,278,0.278,641,2305.75539568345,0.0557719579250132,41342.5578277814,10.6296718921301,"AW"
"AW_366490","Liver","AW_366490_hap2_h2tg000886l_249123-249400:-_AW_366490_hap2_h2tg000886l_250872-251138:-","EXON2","Core","Potential_coding_gene",0,0,0,0,267,0.267,1903,7127.34082397004,0.0557719579250132,127794.344848946,11.75818539498,"AW"
"AW_366490","Liver","AW_366490_hap2_h2tg000886l_249123-249400:-_AW_366490_hap2_h2tg000886l_250872-251138:-","EXON3","Core","Potential_coding_gene",0,0,0,0,278,0.278,1903,6845.32374100719,0.0557719579250132,122737.734081541,11.7178132620683,"AW"
"AW_366493","Brain","AW_366493_hap1_h1tg000214l_238522-238798:.","EXON3","Not_core","Potential_pseudogene",2,1,NA,NA,277,0.277,46,166.064981949458,0.00657267038364787,25265.9835738319,10.1372538253836,"AW"
"AW_366493","Brain","AW_366493_hap1_h1tg000214l_277325-277591:._AW_366493_hap1_h1tg000214l_278735-279012:.","EXON2","Not_core","Potential_coding_gene",0,0,0,0,267,0.267,84,314.606741573034,0.00657267038364787,47865.8936489106,10.7761793888858,"AW"
"AW_366493","Brain","AW_366493_hap1_h1tg000214l_277325-277591:._AW_366493_hap1_h1tg000214l_278735-279012:.","EXON3","Not_core","Potential_coding_gene",0,0,0,0,278,0.278,84,302.158273381295,0.00657267038364787,45971.919439781,10.7358077942839,"AW"
"AW_366493","Brain","AW_366493_hap1_h1tg000214l_285295-285534:.","EXON2","Not_core","Potential_coding_gene",0,0,NA,NA,240,0.24,38,158.333333333333,0.00657267038364787,24089.6506429488,10.0895791040839,"AW"
"AW_366493","Brain","AW_366493_hap1_h1tg000214l_391102-391378:.","EXON3","Not_core","Potential_pseudogene",2,1,NA,NA,277,0.277,45,162.454873646209,0.00657267038364787,24716.7230613573,10.1152757981609,"AW"
"AW_366493","Brain","AW_366493_hap1_h1tg000214l_792-1068:-_AW_366493_hap1_h1tg000214l_1323-1582:-","EXON2","Not_core","Potential_pseudogene",0,0,NA,NA,260,0.26,6,23.0769230769231,0.00657267038364787,3511.04219897229,8.16395297033552,"AW"
"AW_366493","Brain","AW_366493_hap1_h1tg000214l_792-1068:-_AW_366493_hap1_h1tg000214l_1323-1582:-","EXON3","Not_core","Potential_pseudogene",2,1,NA,NA,277,0.277,6,21.6606498194946,0.00657267038364787,3295.56307484764,8.10063571225401,"AW"
"AW_366493","Brain","AW_366493_hap1_h1tg000533l_143642-143908:._AW_366493_hap1_h1tg000533l_144744-145021:.","EXON2","Core","Potential_coding_gene",0,0,0,0,267,0.267,15,56.1797752808989,0.00657267038364787,8547.48100873404,9.05350888635025,"AW"
"AW_366493","Brain","AW_366493_hap1_h1tg000533l_143642-143908:._AW_366493_hap1_h1tg000533l_144744-145021:.","EXON3","Core","Potential_coding_gene",0,0,0,0,278,0.278,15,53.9568345323741,0.00657267038364787,8209.27132853233,9.01314125044269,"AW"
"AW_366493","Brain","AW_366493_hap1_h1tg000533l_174546-174812:._AW_366493_hap1_h1tg000533l_176152-176429:.","EXON2","Core","Potential_coding_gene",0,0,0,0,267,0.267,6,22.4719101123595,0.00657267038364787,3418.99240349362,8.13739360885349,"AW"
"AW_366493","Brain","AW_366493_hap1_h1tg000533l_174546-174812:._AW_366493_hap1_h1tg000533l_176152-176429:.","EXON3","Core","Potential_coding_gene",0,0,0,0,278,0.278,6,21.5827338129496,0.00657267038364787,3283.70853141293,8.09703319986288,"AW"
"AW_366493","Brain","AW_366493_hap1_h1tg000533l_189897-190163:._AW_366493_hap1_h1tg000533l_191197-191474:.","EXON2","Core","Potential_coding_gene",0,0,0,0,267,0.267,6,22.4719101123595,0.00657267038364787,3418.99240349362,8.13739360885349,"AW"
"AW_366493","Brain","AW_366493_hap1_h1tg000533l_189897-190163:._AW_366493_hap1_h1tg000533l_191197-191474:.","EXON3","Core","Potential_coding_gene",0,0,0,0,278,0.278,6,21.5827338129496,0.00657267038364787,3283.70853141293,8.09703319986288,"AW"
"AW_366493","Brain","AW_366493_hap1_h1tg000533l_208258-208524:._AW_366493_hap1_h1tg000533l_210080-210357:.","EXON2","Core","Potential_coding_gene",0,0,0,0,267,0.267,14,52.4344569288389,0.00657267038364787,7977.6489414851,8.98452437053174,"AW"
"AW_366493","Brain","AW_366493_hap1_h1tg000533l_208258-208524:._AW_366493_hap1_h1tg000533l_210080-210357:.","EXON3","Core","Potential_coding_gene",0,0,0,0,278,0.278,14,50.3597122302158,0.00657267038364787,7661.98657329684,8.94415707882178,"AW"
"AW_366493","Brain","AW_366493_hap1_h1tg000533l_239159-239425:._AW_366493_hap1_h1tg000533l_240563-240840:.","EXON2","Core","Potential_coding_gene",0,0,0,0,267,0.267,7,26.2172284644195,0.00657267038364787,3988.82447074255,8.29150251662112,"AW"
"AW_366493","Brain","AW_366493_hap1_h1tg000533l_239159-239425:._AW_366493_hap1_h1tg000533l_240563-240840:.","EXON3","Core","Potential_coding_gene",0,0,0,0,278,0.278,7,25.1798561151079,0.00657267038364787,3830.99328664842,8.25114038717075,"AW"
"AW_366493","Brain","AW_366493_hap1_h1tg000533l_253883-254149:._AW_366493_hap1_h1tg000533l_255600-255877:.","EXON2","Core","Potential_coding_gene",0,0,0,0,267,0.267,12,44.9438202247191,0.00657267038364787,6837.98480698723,8.83039457957015,"AW"
"AW_366493","Brain","AW_366493_hap1_h1tg000533l_253883-254149:._AW_366493_hap1_h1tg000533l_255600-255877:.","EXON3","Core","Potential_coding_gene",0,0,0,0,278,0.278,12,43.1654676258993,0.00657267038364787,6567.41706282586,8.7900281483285,"AW"
"AW_366493","Brain","AW_366493_hap1_h1tg000533l_296260-296526:._AW_366493_hap1_h1tg000533l_297638-297915:.","EXON2","Core","Potential_coding_gene",0,0,0,0,267,0.267,11,41.1985018726592,0.00657267038364787,6268.15273973829,8.74339649526785,"AW"
"AW_366493","Brain","AW_366493_hap1_h1tg000533l_296260-296526:._AW_366493_hap1_h1tg000533l_297638-297915:.","EXON3","Core","Potential_coding_gene",0,0,0,0,278,0.278,11,39.568345323741,0.00657267038364787,6020.13230759038,8.70303061157784,"AW"
"AW_366493","Brain","AW_366493_hap1_h1tg000533l_316256-316522:._AW_366493_hap1_h1tg000533l_318022-318299:.","EXON2","Core","Potential_coding_gene",0,0,NA,NA,267,0.267,43,161.048689138577,0.00657267038364787,24502.7788917042,10.1065826251167,"AW"
"AW_366493","Brain","AW_366493_hap1_h1tg000533l_316256-316522:._AW_366493_hap1_h1tg000533l_318022-318299:.","EXON3","Core","Potential_coding_gene",0,0,0,0,278,0.278,43,154.676258992806,0.00657267038364787,23533.244475126,10.0662118511371,"AW"
"AW_366493","Brain","AW_366493_hap1_h1tg000533l_345557-345834:-_AW_366493_hap1_h1tg000533l_347931-348197:-","EXON2","Core","Potential_coding_gene",0,0,0,0,267,0.267,20,74.9063670411985,0.00657267038364787,11396.6413449787,9.34116171341265,"AW"
"AW_366493","Brain","AW_366493_hap1_h1tg000533l_345557-345834:-_AW_366493_hap1_h1tg000533l_347931-348197:-","EXON3","Core","Potential_coding_gene",0,0,0,0,278,0.278,20,71.9424460431655,0.00657267038364787,10945.6951047098,9.30079287276727,"AW"
"AW_366493","Brain","AW_366493_hap1_h1tg000533l_359274-359551:-_AW_366493_hap1_h1tg000533l_360580-360846:-","EXON2","Core","Potential_coding_gene",0,0,1,0,267,0.267,8,29.9625468164794,0.00657267038364787,4558.65653799149,8.42500257905579,"AW"
"AW_366493","Brain","AW_366493_hap1_h1tg000533l_359274-359551:-_AW_366493_hap1_h1tg000533l_360580-360846:-","EXON3","Core","Potential_coding_gene",0,0,1,0,278,0.278,8,28.7769784172662,0.00657267038364787,4378.27804188391,8.38463915916432,"AW"
"AW_366493","Brain","AW_366493_hap1_h1tg000533l_379142-379419:-_AW_366493_hap1_h1tg000533l_380558-380824:-","EXON2","Core","Potential_coding_gene",0,0,0,0,267,0.267,12,44.9438202247191,0.00657267038364787,6837.98480698723,8.83039457957015,"AW"
"AW_366493","Brain","AW_366493_hap1_h1tg000533l_379142-379419:-_AW_366493_hap1_h1tg000533l_380558-380824:-","EXON3","Core","Potential_coding_gene",0,0,0,0,278,0.278,12,43.1654676258993,0.00657267038364787,6567.41706282586,8.7900281483285,"AW"
"AW_366493","Brain","AW_366493_hap1_h1tg000533l_387263-387540:-_AW_366493_hap1_h1tg000533l_388878-389144:-","EXON2","Core","Potential_coding_gene",0,0,0,0,267,0.267,23,86.1423220973783,0.00657267038364787,13106.1375467255,9.48091221170696,"AW"
"AW_366493","Brain","AW_366493_hap1_h1tg000533l_387263-387540:-_AW_366493_hap1_h1tg000533l_388878-389144:-","EXON3","Core","Potential_coding_gene",0,0,0,0,278,0.278,23,82.7338129496403,0.00657267038364787,12587.5493704162,9.44054289962286,"AW"
"AW_366493","Brain","AW_366493_hap1_h1tg000533l_62781-63047:._AW_366493_hap1_h1tg000533l_64225-64500:.","EXON2","Core","Potential_coding_gene",0,0,0,0,267,0.267,4,14.9812734082397,0.00657267038364787,2279.32826899574,7.73207468921441,"AW"
"AW_366493","Brain","AW_366493_hap1_h1tg000533l_62781-63047:._AW_366493_hap1_h1tg000533l_64225-64500:.","EXON3","Core","Potential_coding_gene",0,0,0,0,276,0.276,4,14.4927536231884,0.00657267038364787,2205.00234718066,7.69893726381137,"AW"
"AW_366493","Brain","AW_366493_hap1_h1tg000533l_77467-77733:._AW_366493_hap1_h1tg000533l_78915-79190:.","EXON2","Core","Potential_coding_gene",0,0,0,0,267,0.267,10,37.4531835205992,0.00657267038364787,5698.32067248936,8.64810226645509,"AW"
"AW_366493","Brain","AW_366493_hap1_h1tg000533l_77467-77733:._AW_366493_hap1_h1tg000533l_78915-79190:.","EXON3","Core","Potential_coding_gene",0,0,0,0,276,0.276,10,36.231884057971,0.00657267038364787,5512.50586795166,8.61495597348613,"AW"
"AW_366493","Brain","AW_366493_hap2_h2tg000240l_113117-113383:._AW_366493_hap2_h2tg000240l_114703-114981:.","EXON2","Core","Potential_coding_gene",0,0,1,0,267,0.267,32,119.850187265918,0.00657267038364787,18234.6261519659,9.81113244057296,"AW"
"AW_366493","Brain","AW_366493_hap2_h2tg000240l_113117-113383:._AW_366493_hap2_h2tg000240l_114703-114981:.","EXON3","Core","Potential_coding_gene",0,0,1,0,279,0.279,32,114.695340501792,0.00657267038364787,17450.3411561825,9.76717178176504,"AW"
"AW_366493","Brain","AW_366493_hap2_h2tg000240l_133507-133784:-_AW_366493_hap2_h2tg000240l_135140-135406:-","EXON2","Core","Potential_coding_gene",0,0,0,0,267,0.267,7,26.2172284644195,0.00657267038364787,3988.82447074255,8.29150251662112,"AW"
"AW_366493","Brain","AW_366493_hap2_h2tg000240l_133507-133784:-_AW_366493_hap2_h2tg000240l_135140-135406:-","EXON3","Core","Potential_coding_gene",0,0,0,0,278,0.278,7,25.1798561151079,0.00657267038364787,3830.99328664842,8.25114038717075,"AW"
"AW_366493","Brain","AW_366493_hap2_h2tg000240l_157124-157401:-_AW_366493_hap2_h2tg000240l_158338-158604:-","EXON2","Core","Potential_coding_gene",0,0,0,0,267,0.267,52,194.756554307116,0.00657267038364787,29631.2674969447,10.2966191647049,"AW"
"AW_366493","Brain","AW_366493_hap2_h2tg000240l_157124-157401:-_AW_366493_hap2_h2tg000240l_158338-158604:-","EXON3","Core","Potential_coding_gene",0,0,0,0,278,0.278,52,187.05035971223,0.00657267038364787,28458.8072722454,10.2562480997392,"AW"
"AW_366493","Brain","AW_366493_hap2_h2tg000240l_216979-217254:-_AW_366493_hap2_h2tg000240l_218436-218702:-","EXON2","Core","Potential_coding_gene",0,0,0,0,267,0.267,153,573.033707865168,0.00657267038364787,87184.3062890872,11.3757910898393,"AW"
"AW_366493","Brain","AW_366493_hap2_h2tg000240l_216979-217254:-_AW_366493_hap2_h2tg000240l_218436-218702:-","EXON3","Core","Potential_coding_gene",0,0,0,0,276,0.276,153,554.347826086957,0.00657267038364787,84341.3397796604,11.3426392691455,"AW"
"AW_366493","Brain","AW_366493_hap2_h2tg000240l_27024-27267:._AW_366493_hap2_h2tg000240l_28183-28460:.","EXON2","Core","Potential_coding_gene",0,0,0,0,244,0.244,34,139.344262295082,0.00657267038364787,21200.5553544502,9.96182982374492,"AW"
"AW_366493","Brain","AW_366493_hap2_h2tg000240l_27024-27267:._AW_366493_hap2_h2tg000240l_28183-28460:.","EXON3","Core","Potential_coding_gene",0,0,0,0,278,0.278,34,122.302158273381,0.00657267038364787,18607.6816780066,9.83138350768626,"AW"
"AW_366493","Brain","AW_366493_hap2_h2tg000240l_56277-56543:._AW_366493_hap2_h2tg000240l_57719-57996:.","EXON2","Core","Potential_coding_gene",0,0,0,0,267,0.267,32,119.850187265918,0.00657267038364787,18234.6261519659,9.81113244057296,"AW"
"AW_366493","Brain","AW_366493_hap2_h2tg000240l_56277-56543:._AW_366493_hap2_h2tg000240l_57719-57996:.","EXON3","Core","Potential_coding_gene",0,0,0,0,278,0.278,32,115.107913669065,0.00657267038364787,17513.1121675356,9.77076224451157,"AW"
"AW_366493","Brain","AW_366493_hap2_h2tg000240l_57719-57996:._AW_366493_hap2_h2tg000240l_70027-70293:.","EXON2","Core","Potential_coding_gene",0,0,0,0,267,0.267,11,41.1985018726592,0.00657267038364787,6268.15273973829,8.74339649526785,"AW"
"AW_366493","Brain","AW_366493_hap2_h2tg000240l_70027-70293:._AW_366493_hap2_h2tg000240l_71469-71746:.","EXON3","Core","Potential_coding_gene",0,0,0,0,278,0.278,11,39.568345323741,0.00657267038364787,6020.13230759038,8.70303061157784,"AW"
"AW_366493","Brain","AW_366493_hap2_h2tg000240l_8164-8430:._AW_366493_hap2_h2tg000240l_9614-9891:.","EXON2","Core","Potential_coding_gene",0,0,0,0,267,0.267,33,123.595505617978,0.00657267038364787,18804.4582192149,9.84190243748951,"AW"
"AW_366493","Brain","AW_366493_hap2_h2tg000240l_8164-8430:._AW_366493_hap2_h2tg000240l_9614-9891:.","EXON3","Core","Potential_coding_gene",0,0,0,0,278,0.278,33,118.705035971223,0.00657267038364787,18060.3969227711,9.80153217297035,"AW"
"AW_366493","Brain","AW_366493_hap2_h2tg000240l_99837-100103:._AW_366493_hap2_h2tg000240l_101725-102002:.","EXON2","Core","Potential_coding_gene",0,0,0,0,267,0.267,31,116.104868913858,0.00657267038364787,17664.794084717,9.77938551121524,"AW"
"AW_366493","Brain","AW_366493_hap2_h2tg000240l_99837-100103:._AW_366493_hap2_h2tg000240l_101725-102002:.","EXON3","Core","Potential_coding_gene",0,0,0,0,278,0.278,31,111.510791366906,0.00657267038364787,16965.8274123002,9.73901538802799,"AW"
"AW_366493","Brain","AW_366493_hap2_h2tg000435l_235609-235885:.","EXON3","Not_core","Potential_pseudogene",2,1,NA,NA,277,0.277,39,140.794223826715,0.00657267038364787,21421.1599865096,9.97218117862409,"AW"
"AW_366493","Brain","AW_366493_hap2_h2tg000435l_274416-274682:._AW_366493_hap2_h2tg000435l_275825-276102:.","EXON2","Not_core","Potential_coding_gene",0,0,0,0,267,0.267,96,359.550561797753,0.00657267038364787,54703.8784558978,10.9097081700987,"AW"
"AW_366493","Brain","AW_366493_hap2_h2tg000435l_274416-274682:._AW_366493_hap2_h2tg000435l_275825-276102:.","EXON3","Not_core","Potential_coding_gene",0,0,0,0,278,0.278,96,345.323741007194,0.00657267038364787,52539.3365026069,10.8693364679127,"AW"
"AW_366493","Brain","AW_366493_hap2_h2tg000435l_282384-282624:.","EXON2","Not_core","Potential_coding_gene",0,0,NA,NA,241,0.241,40,165.97510373444,0.00657267038364787,25252.3090382516,10.1367124771369,"AW"
"AW_366493","Brain","AW_366493_hap2_h2tg000435l_387357-387633:.","EXON3","Not_core","Potential_pseudogene",2,1,NA,NA,277,0.277,34,122.743682310469,0.00657267038364787,18674.8574241366,9.83498692188609,"AW"
"AW_366493","Brain","AW_366493_hap2_h2tg000435l_644-920:-_AW_366493_hap2_h2tg000435l_1175-1434:-","EXON2","Not_core","Potential_pseudogene",0,0,NA,NA,260,0.26,6,23.0769230769231,0.00657267038364787,3511.04219897229,8.16395297033552,"AW"
"AW_366493","Brain","AW_366493_hap2_h2tg000435l_644-920:-_AW_366493_hap2_h2tg000435l_1175-1434:-","EXON3","Not_core","Potential_pseudogene",2,1,NA,NA,277,0.277,6,21.6606498194946,0.00657267038364787,3295.56307484764,8.10063571225401,"AW"
"AW_366493","Heart","AW_366493_hap1_h1tg000214l_238522-238798:.","EXON3","Not_core","Potential_pseudogene",2,1,NA,NA,277,0.277,18,64.9819494584838,0.0712399755366961,912.155695856622,6.81690639821004,"AW"
"AW_366493","Heart","AW_366493_hap1_h1tg000214l_277325-277591:._AW_366493_hap1_h1tg000214l_278735-279012:.","EXON2","Not_core","Potential_coding_gene",0,0,0,0,267,0.267,18,67.4157303370786,0.0712399755366961,946.318830532899,6.85363571079318,"AW"
"AW_366493","Heart","AW_366493_hap1_h1tg000214l_277325-277591:._AW_366493_hap1_h1tg000214l_278735-279012:.","EXON3","Not_core","Potential_coding_gene",0,0,0,0,278,0.278,18,64.7482014388489,0.0712399755366961,908.874560260015,6.81330674414117,"AW"
"AW_366493","Heart","AW_366493_hap1_h1tg000214l_285295-285534:.","EXON2","Not_core","Potential_coding_gene",0,0,NA,NA,240,0.24,8,33.3333333333333,0.0712399755366961,467.902088430156,6.15039397997804,"AW"
"AW_366493","Heart","AW_366493_hap1_h1tg000214l_391102-391378:.","EXON3","Not_core","Potential_pseudogene",2,1,NA,NA,277,0.277,7,25.2707581227437,0.0712399755366961,354.727215055353,5.87416418728805,"AW"
"AW_366493","Heart","AW_366493_hap1_h1tg000214l_792-1068:-_AW_366493_hap1_h1tg000214l_1323-1582:-","EXON2","Not_core","Potential_pseudogene",0,0,NA,NA,260,0.26,0,0,0.0712399755366961,0,0,"AW"
"AW_366493","Heart","AW_366493_hap1_h1tg000214l_792-1068:-_AW_366493_hap1_h1tg000214l_1323-1582:-","EXON3","Not_core","Potential_pseudogene",2,1,NA,NA,277,0.277,0,0,0.0712399755366961,0,0,"AW"
"AW_366493","Heart","AW_366493_hap1_h1tg000533l_143642-143908:._AW_366493_hap1_h1tg000533l_144744-145021:.","EXON2","Core","Potential_coding_gene",0,0,0,0,267,0.267,264,988.76404494382,0.0712399755366961,13879.3428478159,9.53822893460702,"AW"
"AW_366493","Heart","AW_366493_hap1_h1tg000533l_143642-143908:._AW_366493_hap1_h1tg000533l_144744-145021:.","EXON3","Core","Potential_coding_gene",0,0,0,0,278,0.278,264,949.640287769784,0.0712399755366961,13330.1602171469,9.49785944743069,"AW"
"AW_366493","Heart","AW_366493_hap1_h1tg000533l_174546-174812:._AW_366493_hap1_h1tg000533l_176152-176429:.","EXON2","Core","Potential_coding_gene",0,0,0,0,267,0.267,220,823.970037453184,0.0712399755366961,11566.1190398465,9.35592178657525,"AW"
"AW_366493","Heart","AW_366493_hap1_h1tg000533l_174546-174812:._AW_366493_hap1_h1tg000533l_176152-176429:.","EXON3","Core","Potential_coding_gene",0,0,0,0,278,0.278,220,791.36690647482,0.0712399755366961,11108.4668476224,9.31555289296936,"AW"
"AW_366493","Heart","AW_366493_hap1_h1tg000533l_189897-190163:._AW_366493_hap1_h1tg000533l_191197-191474:.","EXON2","Core","Potential_coding_gene",0,0,0,0,267,0.267,219,820.224719101124,0.0712399755366961,11513.5457714836,9.35136636479708,"AW"
"AW_366493","Heart","AW_366493_hap1_h1tg000533l_189897-190163:._AW_366493_hap1_h1tg000533l_191197-191474:.","EXON3","Core","Potential_coding_gene",0,0,0,0,278,0.278,219,787.769784172662,0.0712399755366961,11057.9738164968,9.31099748745314,"AW"
"AW_366493","Heart","AW_366493_hap1_h1tg000533l_208258-208524:._AW_366493_hap1_h1tg000533l_210080-210357:.","EXON2","Core","Potential_coding_gene",0,0,0,0,267,0.267,377,1411.98501872659,0.0712399755366961,19820.122172828,9.89450342448647,"AW"
"AW_366493","Heart","AW_366493_hap1_h1tg000533l_208258-208524:._AW_366493_hap1_h1tg000533l_210080-210357:.","EXON3","Core","Potential_coding_gene",0,0,0,0,278,0.278,377,1356.11510791367,0.0712399755366961,19035.8727343348,9.85413304770903,"AW"
"AW_366493","Heart","AW_366493_hap1_h1tg000533l_239159-239425:._AW_366493_hap1_h1tg000533l_240563-240840:.","EXON2","Core","Potential_coding_gene",0,0,0,0,267,0.267,226,846.441947565543,0.0712399755366961,11881.5586500242,9.38282694430802,"AW"
"AW_366493","Heart","AW_366493_hap1_h1tg000533l_239159-239425:._AW_366493_hap1_h1tg000533l_240563-240840:.","EXON3","Core","Potential_coding_gene",0,0,0,0,278,0.278,226,812.94964028777,0.0712399755366961,11411.4250343757,9.34245795615225,"AW"
"AW_366493","Heart","AW_366493_hap1_h1tg000533l_253883-254149:._AW_366493_hap1_h1tg000533l_255600-255877:.","EXON2","Core","Potential_coding_gene",0,0,0,0,267,0.267,229,857.677902621723,0.0712399755366961,12039.278455113,9.39601284609646,"AW"
"AW_366493","Heart","AW_366493_hap1_h1tg000533l_253883-254149:._AW_366493_hap1_h1tg000533l_255600-255877:.","EXON3","Core","Potential_coding_gene",0,0,0,0,278,0.278,229,823.741007194245,0.0712399755366961,11562.9041277524,9.35564381252356,"AW"
"AW_366493","Heart","AW_366493_hap1_h1tg000533l_296260-296526:._AW_366493_hap1_h1tg000533l_297638-297915:.","EXON2","Core","Potential_coding_gene",0,0,0,0,267,0.267,432,1617.97752808989,0.0712399755366961,22711.6519327896,10.0306774020729,"AW"
"AW_366493","Heart","AW_366493_hap1_h1tg000533l_296260-296526:._AW_366493_hap1_h1tg000533l_297638-297915:.","EXON3","Core","Potential_coding_gene",0,0,0,0,278,0.278,432,1553.95683453237,0.0712399755366961,21812.9894462404,9.99030676068186,"AW"
"AW_366493","Heart","AW_366493_hap1_h1tg000533l_316256-316522:._AW_366493_hap1_h1tg000533l_318022-318299:.","EXON2","Core","Potential_coding_gene",0,0,NA,NA,267,0.267,506,1895.13108614232,0.0712399755366961,26602.0737916471,10.1887820441707,"AW"
"AW_366493","Heart","AW_366493_hap1_h1tg000533l_316256-316522:._AW_366493_hap1_h1tg000533l_318022-318299:.","EXON3","Core","Potential_coding_gene",0,0,0,0,278,0.278,506,1820.14388489209,0.0712399755366961,25549.4737495315,10.148411137516,"AW"
"AW_366493","Heart","AW_366493_hap1_h1tg000533l_345557-345834:-_AW_366493_hap1_h1tg000533l_347931-348197:-","EXON2","Core","Potential_coding_gene",0,0,0,0,267,0.267,134,501.87265917603,0.0712399755366961,7044.81796063381,8.8601895227221,"AW"
"AW_366493","Heart","AW_366493_hap1_h1tg000533l_345557-345834:-_AW_366493_hap1_h1tg000533l_347931-348197:-","EXON3","Core","Potential_coding_gene",0,0,0,0,278,0.278,134,482.014388489209,0.0712399755366961,6766.06617082456,8.81982291464231,"AW"
"AW_366493","Heart","AW_366493_hap1_h1tg000533l_359274-359551:-_AW_366493_hap1_h1tg000533l_360580-360846:-","EXON2","Core","Potential_coding_gene",0,0,1,0,267,0.267,154,576.779026217228,0.0712399755366961,8096.28332789258,8.99928389278598,"AW"
"AW_366493","Heart","AW_366493_hap1_h1tg000533l_359274-359551:-_AW_366493_hap1_h1tg000533l_360580-360846:-","EXON3","Core","Potential_coding_gene",0,0,1,0,278,0.278,154,553.956834532374,0.0712399755366961,7775.92679333568,8.9589165254239,"AW"
"AW_366493","Heart","AW_366493_hap1_h1tg000533l_379142-379419:-_AW_366493_hap1_h1tg000533l_380558-380824:-","EXON2","Core","Potential_coding_gene",0,0,0,0,267,0.267,49,183.520599250936,0.0712399755366961,2576.090149784,7.85441619249451,"AW"
"AW_366493","Heart","AW_366493_hap1_h1tg000533l_379142-379419:-_AW_366493_hap1_h1tg000533l_380558-380824:-","EXON3","Core","Potential_coding_gene",0,0,0,0,278,0.278,49,176.258992805755,0.0712399755366961,2474.15852515226,7.81405972351821,"AW"
"AW_366493","Heart","AW_366493_hap1_h1tg000533l_387263-387540:-_AW_366493_hap1_h1tg000533l_388878-389144:-","EXON2","Core","Potential_coding_gene",0,0,0,0,267,0.267,1525,5711.61048689139,0.0712399755366961,80174.2342534818,11.2919699463342,"AW"
"AW_366493","Heart","AW_366493_hap1_h1tg000533l_387263-387540:-_AW_366493_hap1_h1tg000533l_388878-389144:-","EXON3","Core","Potential_coding_gene",0,0,0,0,278,0.278,1525,5485.61151079137,0.0712399755366961,77001.8724664735,11.2515980048994,"AW"
"AW_366493","Heart","AW_366493_hap1_h1tg000533l_62781-63047:._AW_366493_hap1_h1tg000533l_64225-64500:.","EXON2","Core","Potential_coding_gene",0,0,0,0,267,0.267,34,127.340823970037,0.0712399755366961,1787.49112433992,7.48912759605881,"AW"
"AW_366493","Heart","AW_366493_hap1_h1tg000533l_62781-63047:._AW_366493_hap1_h1tg000533l_64225-64500:.","EXON3","Core","Potential_coding_gene",0,0,0,0,276,0.276,34,123.188405797101,0.0712399755366961,1729.20337028536,7.45599423566101,"AW"
"AW_366493","Heart","AW_366493_hap1_h1tg000533l_77467-77733:._AW_366493_hap1_h1tg000533l_78915-79190:.","EXON2","Core","Potential_coding_gene",0,0,0,0,267,0.267,162,606.741573033708,0.0712399755366961,8516.86947479609,9.04992152690908,"AW"
"AW_366493","Heart","AW_366493_hap1_h1tg000533l_77467-77733:._AW_366493_hap1_h1tg000533l_78915-79190:.","EXON3","Core","Potential_coding_gene",0,0,0,0,276,0.276,162,586.95652173913,0.0712399755366961,8239.14547018318,9.01677327689613,"AW"
"AW_366493","Heart","AW_366493_hap2_h2tg000240l_113117-113383:._AW_366493_hap2_h2tg000240l_114703-114981:.","EXON2","Core","Potential_coding_gene",0,0,1,0,267,0.267,384,1438.20224719101,0.0712399755366961,20188.1350513685,9.91289986994188,"AW"
"AW_366493","Heart","AW_366493_hap2_h2tg000240l_113117-113383:._AW_366493_hap2_h2tg000240l_114703-114981:.","EXON3","Core","Potential_coding_gene",0,0,1,0,279,0.279,384,1376.34408602151,0.0712399755366961,19319.8281674387,9.86893897265725,"AW"
"AW_366493","Heart","AW_366493_hap2_h2tg000240l_133507-133784:-_AW_366493_hap2_h2tg000240l_135140-135406:-","EXON2","Core","Potential_coding_gene",0,0,0,0,267,0.267,211,790.262172284644,0.0712399755366961,11092.9596245801,9.3141560612161,"AW"
"AW_366493","Heart","AW_366493_hap2_h2tg000240l_133507-133784:-_AW_366493_hap2_h2tg000240l_135140-135406:-","EXON3","Core","Potential_coding_gene",0,0,0,0,278,0.278,211,758.992805755396,0.0712399755366961,10654.0295674924,9.27378731951642,"AW"
"AW_366493","Heart","AW_366493_hap2_h2tg000240l_157124-157401:-_AW_366493_hap2_h2tg000240l_158338-158604:-","EXON2","Core","Potential_coding_gene",0,0,0,0,267,0.267,224,838.951310861423,0.0712399755366961,11776.4121132983,9.37393874829191,"AW"
"AW_366493","Heart","AW_366493_hap2_h2tg000240l_157124-157401:-_AW_366493_hap2_h2tg000240l_158338-158604:-","EXON3","Core","Potential_coding_gene",0,0,0,0,278,0.278,224,805.755395683453,0.0712399755366961,11310.4389721246,9.33356979109002,"AW"
"AW_366493","Heart","AW_366493_hap2_h2tg000240l_216979-217254:-_AW_366493_hap2_h2tg000240l_218436-218702:-","EXON2","Core","Potential_coding_gene",0,0,0,0,267,0.267,1590,5955.05617977528,0.0712399755366961,83591.4966970728,11.3337090426174,"AW"
"AW_366493","Heart","AW_366493_hap2_h2tg000240l_216979-217254:-_AW_366493_hap2_h2tg000240l_218436-218702:-","EXON3","Core","Potential_coding_gene",0,0,0,0,276,0.276,1590,5760.86956521739,0.0712399755366961,80865.6870221682,11.3005572385408,"AW"
"AW_366493","Heart","AW_366493_hap2_h2tg000240l_27024-27267:._AW_366493_hap2_h2tg000240l_28183-28460:.","EXON2","Core","Potential_coding_gene",0,0,0,0,244,0.244,303,1241.80327868852,0.0712399755366961,17431.2704255333,9.76607838967148,"AW"
"AW_366493","Heart","AW_366493_hap2_h2tg000240l_27024-27267:._AW_366493_hap2_h2tg000240l_28183-28460:.","EXON3","Core","Potential_coding_gene",0,0,0,0,278,0.278,303,1089.92805755396,0.0712399755366961,15299.3884310436,9.63563349470817,"AW"
"AW_366493","Heart","AW_366493_hap2_h2tg000240l_56277-56543:._AW_366493_hap2_h2tg000240l_57719-57996:.","EXON2","Core","Potential_coding_gene",0,0,0,0,267,0.267,179,670.411985018727,0.0712399755366961,9410.61503696606,9.14969984771095,"AW"
"AW_366493","Heart","AW_366493_hap2_h2tg000240l_56277-56543:._AW_366493_hap2_h2tg000240l_57719-57996:.","EXON3","Core","Potential_coding_gene",0,0,0,0,278,0.278,179,643.884892086331,0.0712399755366961,9038.25257147459,9.10933176982141,"AW"
"AW_366493","Heart","AW_366493_hap2_h2tg000240l_57719-57996:._AW_366493_hap2_h2tg000240l_70027-70293:.","EXON2","Core","Potential_coding_gene",0,0,0,0,267,0.267,79,295.880149812734,0.0712399755366961,4153.28820067217,8.33189638110315,"AW"
"AW_366493","Heart","AW_366493_hap2_h2tg000240l_70027-70293:._AW_366493_hap2_h2tg000240l_71469-71746:.","EXON3","Core","Potential_coding_gene",0,0,0,0,278,0.278,78,280.575539568345,0.0712399755366961,3938.4564277934,8.27879803028529,"AW"
"AW_366493","Heart","AW_366493_hap2_h2tg000240l_8164-8430:._AW_366493_hap2_h2tg000240l_9614-9891:.","EXON2","Core","Potential_coding_gene",0,0,0,0,267,0.267,1322,4951.31086142322,0.0712399755366961,69501.8607758052,11.1491231929475,"AW"
"AW_366493","Heart","AW_366493_hap2_h2tg000240l_8164-8430:._AW_366493_hap2_h2tg000240l_9614-9891:.","EXON3","Core","Potential_coding_gene",0,0,0,0,278,0.278,1322,4755.39568345324,0.0712399755366961,66751.7871479855,11.1087513304168,"AW"
"AW_366493","Heart","AW_366493_hap2_h2tg000240l_99837-100103:._AW_366493_hap2_h2tg000240l_101725-102002:.","EXON2","Core","Potential_coding_gene",0,0,0,0,267,0.267,721,2700.37453183521,0.0712399755366961,37905.3264896789,10.542873302989,"AW"
"AW_366493","Heart","AW_366493_hap2_h2tg000240l_99837-100103:._AW_366493_hap2_h2tg000240l_101725-102002:.","EXON3","Core","Potential_coding_gene",0,0,0,0,278,0.278,721,2593.52517985611,0.0712399755366961,36405.4754415262,10.5025019345483,"AW"
"AW_366493","Heart","AW_366493_hap2_h2tg000435l_235609-235885:.","EXON3","Not_core","Potential_pseudogene",2,1,NA,NA,277,0.277,27,97.4729241877256,0.0712399755366961,1368.23354378493,7.22200640517637,"AW"
"AW_366493","Heart","AW_366493_hap2_h2tg000435l_274416-274682:._AW_366493_hap2_h2tg000435l_275825-276102:.","EXON2","Not_core","Potential_coding_gene",0,0,0,0,267,0.267,64,239.700374531835,0.0712399755366961,3364.68917522809,8.12138802801161,"AW"
"AW_366493","Heart","AW_366493_hap2_h2tg000435l_274416-274682:._AW_366493_hap2_h2tg000435l_275825-276102:.","EXON3","Not_core","Potential_coding_gene",0,0,0,0,278,0.278,64,230.215827338129,0.0712399755366961,3231.55399203561,8.0810278133791,"AW"
"AW_366493","Heart","AW_366493_hap2_h2tg000435l_282384-282624:.","EXON2","Not_core","Potential_coding_gene",0,0,NA,NA,241,0.241,28,116.182572614108,0.0712399755366961,1630.86205095988,7.39747700435328,"AW"
"AW_366493","Heart","AW_366493_hap2_h2tg000435l_387357-387633:.","EXON3","Not_core","Potential_pseudogene",2,1,NA,NA,277,0.277,22,79.4223826714801,0.0712399755366961,1114.85696160254,7.01737796411966,"AW"
"AW_366493","Heart","AW_366493_hap2_h2tg000435l_644-920:-_AW_366493_hap2_h2tg000435l_1175-1434:-","EXON2","Not_core","Potential_pseudogene",0,0,NA,NA,260,0.26,0,0,0.0712399755366961,0,0,"AW"
"AW_366493","Heart","AW_366493_hap2_h2tg000435l_644-920:-_AW_366493_hap2_h2tg000435l_1175-1434:-","EXON3","Not_core","Potential_pseudogene",2,1,NA,NA,277,0.277,0,0,0.0712399755366961,0,0,"AW"
"AW_366493","Liver","AW_366493_hap1_h1tg000214l_238522-238798:.","EXON3","Not_core","Potential_pseudogene",2,1,NA,NA,277,0.277,6,21.6606498194946,0.0592338129650315,365.680491179622,5.90449087262475,"AW"
"AW_366493","Liver","AW_366493_hap1_h1tg000214l_277325-277591:._AW_366493_hap1_h1tg000214l_278735-279012:.","EXON2","Not_core","Potential_coding_gene",0,0,0,0,267,0.267,20,74.9063670411985,0.0592338129650315,1264.58796575225,7.14329208823892,"AW"
"AW_366493","Liver","AW_366493_hap1_h1tg000214l_277325-277591:._AW_366493_hap1_h1tg000214l_278735-279012:.","EXON3","Not_core","Potential_coding_gene",0,0,0,0,278,0.278,20,71.9424460431655,0.0592338129650315,1214.55031243112,7.10295218527397,"AW"
"AW_366493","Liver","AW_366493_hap1_h1tg000214l_285295-285534:.","EXON2","Not_core","Potential_coding_gene",0,0,NA,NA,240,0.24,10,41.6666666666667,0.0592338129650315,703.42705594969,6.55738478580731,"AW"
"AW_366493","Liver","AW_366493_hap1_h1tg000214l_391102-391378:.","EXON3","Not_core","Potential_pseudogene",2,1,NA,NA,277,0.277,4,14.4404332129964,0.0592338129650315,243.786994119748,5.500388420631,"AW"
"AW_366493","Liver","AW_366493_hap1_h1tg000214l_792-1068:-_AW_366493_hap1_h1tg000214l_1323-1582:-","EXON2","Not_core","Potential_pseudogene",0,0,NA,NA,260,0.26,2,7.69230769230769,0.0592338129650315,129.86345648302,4.87415446268759,"AW"
"AW_366493","Liver","AW_366493_hap1_h1tg000214l_792-1068:-_AW_366493_hap1_h1tg000214l_1323-1582:-","EXON3","Not_core","Potential_pseudogene",2,1,NA,NA,277,0.277,2,7.22021660649819,0.0592338129650315,121.893497059874,4.81131810272191,"AW"
"AW_366493","Liver","AW_366493_hap1_h1tg000533l_143642-143908:._AW_366493_hap1_h1tg000533l_144744-145021:.","EXON2","Core","Potential_coding_gene",0,0,0,0,267,0.267,234,876.404494382022,0.0592338129650315,14795.6791993013,9.60215805615002,"AW"
"AW_366493","Liver","AW_366493_hap1_h1tg000533l_143642-143908:._AW_366493_hap1_h1tg000533l_144744-145021:.","EXON3","Core","Potential_coding_gene",0,0,0,0,278,0.278,234,841.726618705036,0.0592338129650315,14210.2386554441,9.56178838516305,"AW"
"AW_366493","Liver","AW_366493_hap1_h1tg000533l_174546-174812:._AW_366493_hap1_h1tg000533l_176152-176429:.","EXON2","Core","Potential_coding_gene",0,0,0,0,267,0.267,181,677.902621722846,0.0592338129650315,11444.5210900579,9.345353761281,"AW"
"AW_366493","Liver","AW_366493_hap1_h1tg000533l_174546-174812:._AW_366493_hap1_h1tg000533l_176152-176429:.","EXON3","Core","Potential_coding_gene",0,0,0,0,278,0.278,181,651.079136690647,0.0592338129650315,10991.6803275016,9.3049849055146,"AW"
"AW_366493","Liver","AW_366493_hap1_h1tg000533l_189897-190163:._AW_366493_hap1_h1tg000533l_191197-191474:.","EXON2","Core","Potential_coding_gene",0,0,0,0,267,0.267,199,745.318352059925,0.0592338129650315,12582.6502592349,9.44015365185626,"AW"
"AW_366493","Liver","AW_366493_hap1_h1tg000533l_189897-190163:._AW_366493_hap1_h1tg000533l_191197-191474:.","EXON3","Core","Potential_coding_gene",0,0,0,0,278,0.278,199,715.827338129496,0.0592338129650315,12084.7756086896,9.39978447053118,"AW"
"AW_366493","Liver","AW_366493_hap1_h1tg000533l_208258-208524:._AW_366493_hap1_h1tg000533l_210080-210357:.","EXON2","Core","Potential_coding_gene",0,0,0,0,267,0.267,298,1116.10486891386,0.0592338129650315,18842.3606897085,9.84391591278021,"AW"
"AW_366493","Liver","AW_366493_hap1_h1tg000533l_208258-208524:._AW_366493_hap1_h1tg000533l_210080-210357:.","EXON3","Core","Potential_coding_gene",0,0,0,0,278,0.278,298,1071.94244604317,0.0592338129650315,18096.7996552237,9.80354564385443,"AW"
"AW_366493","Liver","AW_366493_hap1_h1tg000533l_239159-239425:._AW_366493_hap1_h1tg000533l_240563-240840:.","EXON2","Core","Potential_coding_gene",0,0,0,0,267,0.267,181,677.902621722846,0.0592338129650315,11444.5210900579,9.345353761281,"AW"
"AW_366493","Liver","AW_366493_hap1_h1tg000533l_239159-239425:._AW_366493_hap1_h1tg000533l_240563-240840:.","EXON3","Core","Potential_coding_gene",0,0,0,0,278,0.278,181,651.079136690647,0.0592338129650315,10991.6803275016,9.3049849055146,"AW"
"AW_366493","Liver","AW_366493_hap1_h1tg000533l_253883-254149:._AW_366493_hap1_h1tg000533l_255600-255877:.","EXON2","Core","Potential_coding_gene",0,0,0,0,267,0.267,191,715.355805243446,0.0592338129650315,12076.815072934,9.39912558368373,"AW"
"AW_366493","Liver","AW_366493_hap1_h1tg000533l_253883-254149:._AW_366493_hap1_h1tg000533l_255600-255877:.","EXON3","Core","Potential_coding_gene",0,0,0,0,278,0.278,191,687.05035971223,0.0592338129650315,11598.9554837172,9.35875653947651,"AW"
"AW_366493","Liver","AW_366493_hap1_h1tg000533l_296260-296526:._AW_366493_hap1_h1tg000533l_297638-297915:.","EXON2","Core","Potential_coding_gene",0,0,0,0,267,0.267,385,1441.94756554307,0.0592338129650315,24343.3183407308,10.1000537682548,"AW"
"AW_366493","Liver","AW_366493_hap1_h1tg000533l_296260-296526:._AW_366493_hap1_h1tg000533l_297638-297915:.","EXON3","Core","Potential_coding_gene",0,0,0,0,278,0.278,385,1384.89208633094,0.0592338129650315,23380.093514299,10.0596830052881,"AW"
"AW_366493","Liver","AW_366493_hap1_h1tg000533l_316256-316522:._AW_366493_hap1_h1tg000533l_318022-318299:.","EXON2","Core","Potential_coding_gene",0,0,NA,NA,267,0.267,450,1685.39325842697,0.0592338129650315,28453.2292294257,10.2560520833193,"AW"
"AW_366493","Liver","AW_366493_hap1_h1tg000533l_316256-316522:._AW_366493_hap1_h1tg000533l_318022-318299:.","EXON3","Core","Potential_coding_gene",0,0,0,0,278,0.278,450,1618.70503597122,0.0592338129650315,27327.3820297002,10.2156810759146,"AW"
"AW_366493","Liver","AW_366493_hap1_h1tg000533l_345557-345834:-_AW_366493_hap1_h1tg000533l_347931-348197:-","EXON2","Core","Potential_coding_gene",0,0,0,0,267,0.267,63,235.955056179775,0.0592338129650315,3983.45209211959,8.29015508920412,"AW"
"AW_366493","Liver","AW_366493_hap1_h1tg000533l_345557-345834:-_AW_366493_hap1_h1tg000533l_347931-348197:-","EXON3","Core","Potential_coding_gene",0,0,0,0,278,0.278,63,226.618705035971,0.0592338129650315,3825.83348415802,8.24979297367637,"AW"
"AW_366493","Liver","AW_366493_hap1_h1tg000533l_359274-359551:-_AW_366493_hap1_h1tg000533l_360580-360846:-","EXON2","Core","Potential_coding_gene",0,0,1,0,267,0.267,160,599.250936329588,0.0592338129650315,10116.703726018,9.22204201255105,"AW"
"AW_366493","Liver","AW_366493_hap1_h1tg000533l_359274-359551:-_AW_366493_hap1_h1tg000533l_360580-360846:-","EXON3","Core","Potential_coding_gene",0,0,1,0,278,0.278,160,575.539568345324,0.0592338129650315,9716.40249944895,9.18167362917452,"AW"
"AW_366493","Liver","AW_366493_hap1_h1tg000533l_379142-379419:-_AW_366493_hap1_h1tg000533l_380558-380824:-","EXON2","Core","Potential_coding_gene",0,0,0,0,267,0.267,95,355.805243445693,0.0592338129650315,6006.79283732319,8.70081271171153,"AW"
"AW_366493","Liver","AW_366493_hap1_h1tg000533l_379142-379419:-_AW_366493_hap1_h1tg000533l_380558-380824:-","EXON3","Core","Potential_coding_gene",0,0,0,0,278,0.278,95,341.726618705036,0.0592338129650315,5769.11398404781,8.66044711390803,"AW"
"AW_366493","Liver","AW_366493_hap1_h1tg000533l_387263-387540:-_AW_366493_hap1_h1tg000533l_388878-389144:-","EXON2","Core","Potential_coding_gene",0,0,0,0,267,0.267,1411,5284.64419475655,0.0592338129650315,89216.6809838213,11.3988345162331,"AW"
"AW_366493","Liver","AW_366493_hap1_h1tg000533l_387263-387540:-_AW_366493_hap1_h1tg000533l_388878-389144:-","EXON3","Core","Potential_coding_gene",0,0,0,0,278,0.278,1411,5075.53956834532,0.0592338129650315,85686.5245420154,11.3584625227176,"AW"
"AW_366493","Liver","AW_366493_hap1_h1tg000533l_62781-63047:._AW_366493_hap1_h1tg000533l_64225-64500:.","EXON2","Core","Potential_coding_gene",0,0,0,0,267,0.267,26,97.378277153558,0.0592338129650315,1643.96435547793,7.40547399456223,"AW"
"AW_366493","Liver","AW_366493_hap1_h1tg000533l_62781-63047:._AW_366493_hap1_h1tg000533l_64225-64500:.","EXON3","Core","Potential_coding_gene",0,0,0,0,276,0.276,26,94.2028985507246,0.0592338129650315,1590.35682214712,7.37234227858285,"AW"
"AW_366493","Liver","AW_366493_hap1_h1tg000533l_77467-77733:._AW_366493_hap1_h1tg000533l_78915-79190:.","EXON2","Core","Potential_coding_gene",0,0,0,0,267,0.267,111,415.730337078652,0.0592338129650315,7018.46320992499,8.85644202827355,"AW"
"AW_366493","Liver","AW_366493_hap1_h1tg000533l_77467-77733:._AW_366493_hap1_h1tg000533l_78915-79190:.","EXON3","Core","Potential_coding_gene",0,0,0,0,276,0.276,111,402.173913043478,0.0592338129650315,6789.60027916657,8.8232946230025,"AW"
"AW_366493","Liver","AW_366493_hap2_h2tg000240l_113117-113383:._AW_366493_hap2_h2tg000240l_114703-114981:.","EXON2","Core","Potential_coding_gene",0,0,1,0,267,0.267,291,1089.88764044944,0.0592338129650315,18399.7549016953,9.82014697002153,"AW"
"AW_366493","Liver","AW_366493_hap2_h2tg000240l_113117-113383:._AW_366493_hap2_h2tg000240l_114703-114981:.","EXON3","Core","Potential_coding_gene",0,0,1,0,279,0.279,291,1043.01075268817,0.0592338129650315,17608.3675940955,9.77618628909615,"AW"
"AW_366493","Liver","AW_366493_hap2_h2tg000240l_133507-133784:-_AW_366493_hap2_h2tg000240l_135140-135406:-","EXON2","Core","Potential_coding_gene",0,0,0,0,267,0.267,150,561.797752808989,0.0592338129650315,9484.40974314188,9.15751008050215,"AW"
"AW_366493","Liver","AW_366493_hap2_h2tg000240l_133507-133784:-_AW_366493_hap2_h2tg000240l_135140-135406:-","EXON3","Core","Potential_coding_gene",0,0,0,0,278,0.278,150,539.568345323741,0.0592338129650315,9109.12734323339,9.11714196855734,"AW"
"AW_366493","Liver","AW_366493_hap2_h2tg000240l_157124-157401:-_AW_366493_hap2_h2tg000240l_158338-158604:-","EXON2","Core","Potential_coding_gene",0,0,0,0,267,0.267,223,835.205992509363,0.0592338129650315,14100.1558181376,9.55401204592422,"AW"
"AW_366493","Liver","AW_366493_hap2_h2tg000240l_157124-157401:-_AW_366493_hap2_h2tg000240l_158338-158604:-","EXON3","Core","Potential_coding_gene",0,0,0,0,278,0.278,223,802.158273381295,0.0592338129650315,13542.235983607,9.51364251226964,"AW"
"AW_366493","Liver","AW_366493_hap2_h2tg000240l_216979-217254:-_AW_366493_hap2_h2tg000240l_218436-218702:-","EXON2","Core","Potential_coding_gene",0,0,0,0,267,0.267,976,3655.43071161049,0.0592338129650315,61711.8927287098,11.0302481463907,"AW"
"AW_366493","Liver","AW_366493_hap2_h2tg000240l_216979-217254:-_AW_366493_hap2_h2tg000240l_218436-218702:-","EXON3","Core","Potential_coding_gene",0,0,0,0,276,0.276,976,3536.23188405797,0.0592338129650315,59699.5484005997,10.9970964852782,"AW"
"AW_366493","Liver","AW_366493_hap2_h2tg000240l_27024-27267:._AW_366493_hap2_h2tg000240l_28183-28460:.","EXON2","Core","Potential_coding_gene",0,0,0,0,244,0.244,234,959.016393442623,0.0592338129650315,16190.353877924,9.69223266750668,"AW"
"AW_366493","Liver","AW_366493_hap2_h2tg000240l_27024-27267:._AW_366493_hap2_h2tg000240l_28183-28460:.","EXON3","Core","Potential_coding_gene",0,0,0,0,278,0.278,234,841.726618705036,0.0592338129650315,14210.2386554441,9.56178838516305,"AW"
"AW_366493","Liver","AW_366493_hap2_h2tg000240l_56277-56543:._AW_366493_hap2_h2tg000240l_57719-57996:.","EXON2","Core","Potential_coding_gene",0,0,0,0,267,0.267,169,632.958801498127,0.0592338129650315,10685.7683106065,9.2767616487359,"AW"
"AW_366493","Liver","AW_366493_hap2_h2tg000240l_56277-56543:._AW_366493_hap2_h2tg000240l_57719-57996:.","EXON3","Core","Potential_coding_gene",0,0,0,0,278,0.278,169,607.913669064748,0.0592338129650315,10262.950140043,9.2363930485326,"AW"
"AW_366493","Liver","AW_366493_hap2_h2tg000240l_57719-57996:._AW_366493_hap2_h2tg000240l_70027-70293:.","EXON2","Core","Potential_coding_gene",0,0,0,0,267,0.267,63,235.955056179775,0.0592338129650315,3983.45209211959,8.29015508920412,"AW"
"AW_366493","Liver","AW_366493_hap2_h2tg000240l_70027-70293:._AW_366493_hap2_h2tg000240l_71469-71746:.","EXON3","Core","Potential_coding_gene",0,0,0,0,278,0.278,63,226.618705035971,0.0592338129650315,3825.83348415802,8.24979297367637,"AW"
"AW_366493","Liver","AW_366493_hap2_h2tg000240l_8164-8430:._AW_366493_hap2_h2tg000240l_9614-9891:.","EXON2","Core","Potential_coding_gene",0,0,0,0,267,0.267,1248,4674.15730337079,0.0592338129650315,78910.2890629405,11.2760795772445,"AW"
"AW_366493","Liver","AW_366493_hap2_h2tg000240l_8164-8430:._AW_366493_hap2_h2tg000240l_9614-9891:.","EXON3","Core","Potential_coding_gene",0,0,0,0,278,0.278,1248,4489.20863309352,0.0592338129650315,75787.9394957018,11.2357076440403,"AW"
"AW_366493","Liver","AW_366493_hap2_h2tg000240l_99837-100103:._AW_366493_hap2_h2tg000240l_101725-102002:.","EXON2","Core","Potential_coding_gene",0,0,0,0,267,0.267,545,2041.19850187266,0.0592338129650315,34460.0220667488,10.4475841691531,"AW"
"AW_366493","Liver","AW_366493_hap2_h2tg000240l_99837-100103:._AW_366493_hap2_h2tg000240l_101725-102002:.","EXON3","Core","Potential_coding_gene",0,0,0,0,278,0.278,545,1960.43165467626,0.0592338129650315,33096.496013748,10.4072129093721,"AW"
"AW_366493","Liver","AW_366493_hap2_h2tg000435l_235609-235885:.","EXON3","Not_core","Potential_pseudogene",2,1,NA,NA,277,0.277,25,90.2527075812274,0.0592338129650315,1523.66871324843,7.32953242822794,"AW"
"AW_366493","Liver","AW_366493_hap2_h2tg000435l_274416-274682:._AW_366493_hap2_h2tg000435l_275825-276102:.","EXON2","Not_core","Potential_coding_gene",0,0,0,0,267,0.267,86,322.097378277154,0.0592338129650315,5437.72825273468,8.60130053544904,"AW"
"AW_366493","Liver","AW_366493_hap2_h2tg000435l_274416-274682:._AW_366493_hap2_h2tg000435l_275825-276102:.","EXON3","Not_core","Potential_coding_gene",0,0,0,0,278,0.278,86,309.352517985611,0.0592338129650315,5222.56634345381,8.56093565515485,"AW"
"AW_366493","Liver","AW_366493_hap2_h2tg000435l_282384-282624:.","EXON2","Not_core","Potential_coding_gene",0,0,NA,NA,241,0.241,44,182.572614107884,0.0592338129650315,3082.23639453474,8.03373510173377,"AW"
"AW_366493","Liver","AW_366493_hap2_h2tg000435l_387357-387633:.","EXON3","Not_core","Potential_pseudogene",2,1,NA,NA,277,0.277,22,79.4223826714801,0.0592338129650315,1340.82846765861,7.20178849092595,"AW"
"AW_366493","Liver","AW_366493_hap2_h2tg000435l_644-920:-_AW_366493_hap2_h2tg000435l_1175-1434:-","EXON2","Not_core","Potential_pseudogene",0,0,NA,NA,260,0.26,2,7.69230769230769,0.0592338129650315,129.86345648302,4.87415446268759,"AW"
"AW_366493","Liver","AW_366493_hap2_h2tg000435l_644-920:-_AW_366493_hap2_h2tg000435l_1175-1434:-","EXON3","Not_core","Potential_pseudogene",2,1,NA,NA,277,0.277,2,7.22021660649819,0.0592338129650315,121.893497059874,4.81131810272191,"AW"
"AW_366494","Brain","AW_366494_hap1_h1tg000304l_285007-285283:-","EXON3","Not_core","Potential_pseudogene",2,1,NA,NA,277,0.277,0,0,0.00801271181939014,0,0,"AW"
"AW_366494","Brain","AW_366494_hap1_h1tg000304l_389303-389543:-","EXON2","Not_core","Potential_coding_gene",0,0,NA,NA,241,0.241,0,0,0.00801271181939014,0,0,"AW"
"AW_366494","Brain","AW_366494_hap1_h1tg000304l_395825-396102:-_AW_366494_hap1_h1tg000304l_397246-397512:-","EXON2","Not_core","Potential_coding_gene",0,0,2,1,267,0.267,0,0,0.00801271181939014,0,0,"AW"
"AW_366494","Brain","AW_366494_hap1_h1tg000304l_395825-396102:-_AW_366494_hap1_h1tg000304l_397246-397512:-","EXON3","Not_core","Potential_coding_gene",0,0,2,1,278,0.278,0,0,0.00801271181939014,0,0,"AW"
"AW_366494","Brain","AW_366494_hap1_h1tg000304l_435155-435431:-","EXON3","Not_core","Potential_pseudogene",2,1,NA,NA,277,0.277,0,0,0.00801271181939014,0,0,"AW"
"AW_366494","Brain","AW_366494_hap1_h1tg000562l_104739-105016:-_AW_366494_hap1_h1tg000562l_106660-106926:-","EXON2","Core","Potential_coding_gene",0,0,1,0,267,0.267,0,0,0.00801271181939014,0,0,"AW"
"AW_366494","Brain","AW_366494_hap1_h1tg000562l_104739-105016:-_AW_366494_hap1_h1tg000562l_106660-106926:-","EXON3","Core","Potential_coding_gene",0,0,1,0,278,0.278,0,0,0.00801271181939014,0,0,"AW"
"AW_366494","Brain","AW_366494_hap1_h1tg000562l_123841-124118:-_AW_366494_hap1_h1tg000562l_126074-126340:-","EXON2","Core","Potential_coding_gene",0,0,2,0,267,0.267,0,0,0.00801271181939014,0,0,"AW"
"AW_366494","Brain","AW_366494_hap1_h1tg000562l_123841-124118:-_AW_366494_hap1_h1tg000562l_126074-126340:-","EXON3","Core","Potential_coding_gene",0,0,2,0,278,0.278,0,0,0.00801271181939014,0,0,"AW"
"AW_366494","Brain","AW_366494_hap1_h1tg000562l_145314-145591:-_AW_366494_hap1_h1tg000562l_146637-146903:-","EXON2","Core","Potential_coding_gene",0,0,0,0,267,0.267,0,0,0.00801271181939014,0,0,"AW"
"AW_366494","Brain","AW_366494_hap1_h1tg000562l_145314-145591:-_AW_366494_hap1_h1tg000562l_146637-146903:-","EXON3","Core","Potential_coding_gene",0,0,0,0,278,0.278,0,0,0.00801271181939014,0,0,"AW"
"AW_366494","Brain","AW_366494_hap1_h1tg000562l_164459-164736:-_AW_366494_hap1_h1tg000562l_165674-165940:-","EXON2","Core","Potential_coding_gene",0,0,0,0,267,0.267,0,0,0.00801271181939014,0,0,"AW"
"AW_366494","Brain","AW_366494_hap1_h1tg000562l_164459-164736:-_AW_366494_hap1_h1tg000562l_165674-165940:-","EXON3","Core","Potential_coding_gene",0,0,0,0,278,0.278,0,0,0.00801271181939014,0,0,"AW"
"AW_366494","Brain","AW_366494_hap1_h1tg000562l_21418-21684:._AW_366494_hap1_h1tg000562l_22600-22877:.","EXON2","Core","Potential_coding_gene",0,0,0,0,267,0.267,0,0,0.00801271181939014,0,0,"AW"
"AW_366494","Brain","AW_366494_hap1_h1tg000562l_21418-21684:._AW_366494_hap1_h1tg000562l_22600-22877:.","EXON3","Core","Potential_coding_gene",0,0,0,0,278,0.278,0,0,0.00801271181939014,0,0,"AW"
"AW_366494","Brain","AW_366494_hap1_h1tg000562l_41209-41486:-","EXON3","Core","Potential_coding_gene",0,0,0,0,278,0.278,0,0,0.00801271181939014,0,0,"AW"
"AW_366494","Brain","AW_366494_hap1_h1tg000562l_44642-44908:-","EXON2","Core","Potential_coding_gene",0,0,0,0,267,0.267,0,0,0.00801271181939014,0,0,"AW"
"AW_366494","Brain","AW_366494_hap1_h1tg000562l_7865-8131:._AW_366494_hap1_h1tg000562l_9549-9826:.","EXON2","Core","Potential_coding_gene",0,0,0,0,267,0.267,0,0,0.00801271181939014,0,0,"AW"
"AW_366494","Brain","AW_366494_hap1_h1tg000562l_7865-8131:._AW_366494_hap1_h1tg000562l_9549-9826:.","EXON3","Core","Potential_coding_gene",0,0,0,0,278,0.278,0,0,0.00801271181939014,0,0,"AW"
"AW_366494","Brain","AW_366494_hap1_h1tg001243l_19595-19872:-_AW_366494_hap1_h1tg001243l_21038-21304:-","EXON2","Not_core","Potential_coding_gene",0,0,0,0,267,0.267,0,0,0.00801271181939014,0,0,"AW"
"AW_366494","Brain","AW_366494_hap1_h1tg001243l_19595-19872:-_AW_366494_hap1_h1tg001243l_21038-21304:-","EXON3","Not_core","Potential_coding_gene",0,0,0,0,278,0.278,0,0,0.00801271181939014,0,0,"AW"
"AW_366494","Brain","AW_366494_hap2_h2tg000302l_188076-188352:-_AW_366494_hap2_h2tg000302l_188607-188866:-","EXON2","Not_core","Potential_pseudogene",0,0,NA,NA,260,0.26,102,392.307692307692,0.00801271181939014,48960.664148477,10.7987929065693,"AW"
"AW_366494","Brain","AW_366494_hap2_h2tg000302l_188076-188352:-_AW_366494_hap2_h2tg000302l_188607-188866:-","EXON3","Not_core","Potential_pseudogene",2,1,NA,NA,277,0.277,102,368.231046931408,0.00801271181939014,45955.8580455018,10.7354583668213,"AW"
"AW_366494","Brain","AW_366494_hap2_h2tg000302l_411957-412233:.","EXON3","Not_core","Potential_pseudogene",2,1,NA,NA,277,0.277,36,129.963898916968,0.00801271181939014,16219.7146042948,9.6940443836838,"AW"
"AW_366494","Brain","AW_366494_hap2_h2tg000302l_441393-441659:._AW_366494_hap2_h2tg000302l_442803-443080:.","EXON2","Not_core","Potential_coding_gene",0,0,NA,NA,267,0.267,51,191.011235955056,0.00801271181939014,23838.5256153633,10.0791002222969,"AW"
"AW_366494","Brain","AW_366494_hap2_h2tg000302l_441393-441659:._AW_366494_hap2_h2tg000302l_442803-443080:.","EXON3","Not_core","Potential_coding_gene",0,0,0,0,278,0.278,51,183.453237410072,0.00801271181939014,22895.2746018058,10.0387294951645,"AW"
"AW_366494","Brain","AW_366494_hap2_h2tg000302l_449364-449604:.","EXON2","Not_core","Potential_coding_gene",0,0,NA,NA,241,0.241,29,120.331950207469,0.00801271181939014,15017.6310991586,9.61704678262671,"AW"
"AW_366494","Brain","AW_366494_hap2_h2tg000302l_554341-554617:.","EXON3","Not_core","Potential_pseudogene",2,1,NA,NA,277,0.277,46,166.064981949458,0.00801271181939014,20725.1908832655,9.93915343954762,"AW"
"AW_366494","Brain","AW_366494_hap2_h2tg000530l_119019-119285:._AW_366494_hap2_h2tg000530l_120725-121002:.","EXON2","Core","Potential_coding_gene",0,0,0,0,267,0.267,103,385.767790262172,0.00801271181939014,48144.4733016161,10.7819824003793,"AW"
"AW_366494","Brain","AW_366494_hap2_h2tg000530l_119019-119285:._AW_366494_hap2_h2tg000530l_120725-121002:.","EXON3","Core","Potential_coding_gene",0,0,0,0,278,0.278,103,370.503597122302,0.00801271181939014,46239.4761565881,10.7416108007973,"AW"
"AW_366494","Brain","AW_366494_hap2_h2tg000530l_142287-142564:-_AW_366494_hap2_h2tg000530l_143760-144026:-","EXON2","Core","Potential_coding_gene",0,0,0,0,267,0.267,45,168.539325842697,0.00801271181939014,21033.9931900265,9.95394267227969,"AW"
"AW_366494","Brain","AW_366494_hap2_h2tg000530l_142287-142564:-_AW_366494_hap2_h2tg000530l_143760-144026:-","EXON3","Core","Potential_coding_gene",0,0,0,0,278,0.278,45,161.870503597122,0.00801271181939014,20201.7128839463,9.91357217555716,"AW"
"AW_366494","Brain","AW_366494_hap2_h2tg000530l_183812-184089:-_AW_366494_hap2_h2tg000530l_185005-185271:-","EXON2","Core","Potential_coding_gene",0,0,1,0,267,0.267,133,498.12734082397,0.00801271181939014,62167.1354283004,11.0375978553113,"AW"
"AW_366494","Brain","AW_366494_hap2_h2tg000530l_183812-184089:-_AW_366494_hap2_h2tg000530l_185005-185271:-","EXON3","Core","Potential_coding_gene",0,0,1,0,278,0.278,133,478.41726618705,0.00801271181939014,59707.2847458856,10.9972260627155,"AW"
"AW_366494","Brain","AW_366494_hap2_h2tg000530l_197009-197286:-_AW_366494_hap2_h2tg000530l_198512-198778:-","EXON2","Core","Potential_coding_gene",0,0,0,0,267,0.267,249,932.584269662921,0.00801271181939014,116388.09565148,11.6646941299211,"AW"
"AW_366494","Brain","AW_366494_hap2_h2tg000530l_197009-197286:-_AW_366494_hap2_h2tg000530l_198512-198778:-","EXON3","Core","Potential_coding_gene",0,0,0,0,278,0.278,249,895.68345323741,0.00801271181939014,111782.811291169,11.6243220286029,"AW"
"AW_366494","Brain","AW_366494_hap2_h2tg000530l_239803-240080:-_AW_366494_hap2_h2tg000530l_241300-241566:-","EXON2","Core","Potential_coding_gene",0,0,0,0,267,0.267,106,397.003745318352,0.00801271181939014,49546.7395142845,10.8106919184205,"AW"
"AW_366494","Brain","AW_366494_hap2_h2tg000530l_239803-240080:-_AW_366494_hap2_h2tg000530l_241300-241566:-","EXON3","Core","Potential_coding_gene",0,0,0,0,278,0.278,106,381.294964028777,0.00801271181939014,47586.2570155179,10.7703202946208,"AW"
"AW_366494","Brain","AW_366494_hap2_h2tg000530l_270569-270846:-_AW_366494_hap2_h2tg000530l_272130-272396:-","EXON2","Core","Potential_coding_gene",0,0,NA,NA,267,0.267,61,228.464419475655,0.00801271181939014,28512.7463242581,10.2581415771413,"AW"
"AW_366494","Brain","AW_366494_hap2_h2tg000530l_270569-270846:-_AW_366494_hap2_h2tg000530l_272130-272396:-","EXON3","Core","Potential_coding_gene",0,0,NA,NA,278,0.278,61,219.424460431655,0.00801271181939014,27384.5441315716,10.2177705667145,"AW"
"AW_366494","Brain","AW_366494_hap2_h2tg000530l_290946-291223:-_AW_366494_hap2_h2tg000530l_292235-292501:-","EXON2","Core","Potential_coding_gene",0,0,0,0,267,0.267,79,295.880149812734,0.00801271181939014,36926.3436002687,10.5167075745871,"AW"
"AW_366494","Brain","AW_366494_hap2_h2tg000530l_290946-291223:-_AW_366494_hap2_h2tg000530l_292235-292501:-","EXON3","Core","Potential_coding_gene",0,0,0,0,278,0.278,79,284.172661870504,0.00801271181939014,35465.2292851501,10.4763362349599,"AW"
"AW_366494","Brain","AW_366494_hap2_h2tg000530l_303578-303855:-_AW_366494_hap2_h2tg000530l_304968-305234:-","EXON2","Core","Potential_coding_gene",0,0,2,0,267,0.267,59,220.973782771536,0.00801271181939014,27577.9021824791,10.2248063457138,"AW"
"AW_366494","Brain","AW_366494_hap2_h2tg000530l_303578-303855:-_AW_366494_hap2_h2tg000530l_304968-305234:-","EXON3","Core","Potential_coding_gene",0,0,2,0,278,0.278,59,212.230215827338,0.00801271181939014,26486.6902256184,10.1844353842636,"AW"
"AW_366494","Brain","AW_366494_hap2_h2tg000530l_46961-47227:._AW_366494_hap2_h2tg000530l_48780-49057:.","EXON2","Core","Potential_coding_gene",0,0,0,0,267,0.267,18,67.4157303370786,0.00801271181939014,8413.59727601058,9.03772324760809,"AW"
"AW_366494","Brain","AW_366494_hap2_h2tg000530l_46961-47227:._AW_366494_hap2_h2tg000530l_48780-49057:.","EXON3","Core","Potential_coding_gene",0,0,0,0,278,0.278,18,64.7482014388489,0.00801271181939014,8080.68515357851,8.99735568838102,"AW"
"AW_366494","Brain","AW_366494_hap2_h2tg000530l_68424-68690:._AW_366494_hap2_h2tg000530l_70078-70355:.","EXON2","Core","Potential_coding_gene",0,0,0,0,267,0.267,27,101.123595505618,0.00801271181939014,12620.3959140159,9.44314874123147,"AW"
"AW_366494","Brain","AW_366494_hap2_h2tg000530l_68424-68690:._AW_366494_hap2_h2tg000530l_70078-70355:.","EXON3","Core","Potential_coding_gene",0,0,0,0,278,0.278,27,97.1223021582734,0.00801271181939014,12121.0277303678,9.40277955011526,"AW"
"AW_366494","Heart","AW_366494_hap1_h1tg000304l_285007-285283:-","EXON3","Not_core","Potential_pseudogene",2,1,NA,NA,277,0.277,10,36.101083032491,0.0268243530393719,1345.83238520247,7.2055107330347,"AW"
"AW_366494","Heart","AW_366494_hap1_h1tg000304l_389303-389543:-","EXON2","Not_core","Potential_coding_gene",0,0,NA,NA,241,0.241,31,128.630705394191,0.0268243530393719,4795.29572271104,8.47559917452819,"AW"
"AW_366494","Heart","AW_366494_hap1_h1tg000304l_395825-396102:-_AW_366494_hap1_h1tg000304l_397246-397512:-","EXON2","Not_core","Potential_coding_gene",0,0,2,1,267,0.267,62,232.209737827715,0.0268243530393719,8656.67617358322,9.06620162531391,"AW"
"AW_366494","Heart","AW_366494_hap1_h1tg000304l_395825-396102:-_AW_366494_hap1_h1tg000304l_397246-397512:-","EXON3","Not_core","Potential_coding_gene",0,0,2,1,278,0.278,62,223.021582733813,0.0268243530393719,8314.14582139108,9.02583392862191,"AW"
"AW_366494","Heart","AW_366494_hap1_h1tg000304l_435155-435431:-","EXON3","Not_core","Potential_pseudogene",2,1,NA,NA,277,0.277,31,111.913357400722,0.0268243530393719,4172.08039412765,8.33640974571335,"AW"
"AW_366494","Heart","AW_366494_hap1_h1tg000562l_104739-105016:-_AW_366494_hap1_h1tg000562l_106660-106926:-","EXON2","Core","Potential_coding_gene",0,0,1,0,267,0.267,131,490.63670411985,0.0268243530393719,18290.7190119258,9.81420372340509,"AW"
"AW_366494","Heart","AW_366494_hap1_h1tg000562l_104739-105016:-_AW_366494_hap1_h1tg000562l_106660-106926:-","EXON3","Core","Potential_coding_gene",0,0,1,0,278,0.278,131,471.223021582734,0.0268243530393719,17566.9855258424,9.77383352041561,"AW"
"AW_366494","Heart","AW_366494_hap1_h1tg000562l_123841-124118:-_AW_366494_hap1_h1tg000562l_126074-126340:-","EXON2","Core","Potential_coding_gene",0,0,2,0,267,0.267,108,404.494382022472,0.0268243530393719,15079.371399145,9.62114926984918,"AW"
"AW_366494","Heart","AW_366494_hap1_h1tg000562l_123841-124118:-_AW_366494_hap1_h1tg000562l_126074-126340:-","EXON3","Core","Potential_coding_gene",0,0,2,0,278,0.278,108,388.489208633093,0.0268243530393719,14482.7056243587,9.58077954648393,"AW"
"AW_366494","Heart","AW_366494_hap1_h1tg000562l_145314-145591:-_AW_366494_hap1_h1tg000562l_146637-146903:-","EXON2","Core","Potential_coding_gene",0,0,0,0,267,0.267,165,617.977528089888,0.0268243530393719,23037.9285264715,10.044940608801,"AW"
"AW_366494","Heart","AW_366494_hap1_h1tg000562l_145314-145591:-_AW_366494_hap1_h1tg000562l_146637-146903:-","EXON3","Core","Potential_coding_gene",0,0,0,0,278,0.278,165,593.525179856115,0.0268243530393719,22126.3558149924,10.0045699417216,"AW"
"AW_366494","Heart","AW_366494_hap1_h1tg000562l_164459-164736:-_AW_366494_hap1_h1tg000562l_165674-165940:-","EXON2","Core","Potential_coding_gene",0,0,0,0,267,0.267,185,692.883895131086,0.0268243530393719,25830.4047114983,10.1593462675573,"AW"
"AW_366494","Heart","AW_366494_hap1_h1tg000562l_164459-164736:-_AW_366494_hap1_h1tg000562l_165674-165940:-","EXON3","Core","Potential_coding_gene",0,0,0,0,278,0.278,185,665.467625899281,0.0268243530393719,24808.3383380218,10.1189754071654,"AW"
"AW_366494","Heart","AW_366494_hap1_h1tg000562l_21418-21684:._AW_366494_hap1_h1tg000562l_22600-22877:.","EXON2","Core","Potential_coding_gene",0,0,0,0,267,0.267,435,1629.21348314607,0.0268243530393719,60736.3570243339,11.0143142247181,"AW"
"AW_366494","Heart","AW_366494_hap1_h1tg000562l_21418-21684:._AW_366494_hap1_h1tg000562l_22600-22877:.","EXON3","Core","Potential_coding_gene",0,0,0,0,278,0.278,435,1564.74820143885,0.0268243530393719,58333.119875889,10.9739424477333,"AW"
"AW_366494","Heart","AW_366494_hap1_h1tg000562l_41209-41486:-","EXON3","Core","Potential_coding_gene",0,0,0,0,278,0.278,7,25.1798561151079,0.0268243530393719,938.693883060283,6.84555416590767,"AW"
"AW_366494","Heart","AW_366494_hap1_h1tg000562l_44642-44908:-","EXON2","Core","Potential_coding_gene",0,0,0,0,267,0.267,49,183.520599250936,0.0268243530393719,6841.56665331577,8.83091818194386,"AW"
"AW_366494","Heart","AW_366494_hap1_h1tg000562l_7865-8131:._AW_366494_hap1_h1tg000562l_9549-9826:.","EXON2","Core","Potential_coding_gene",0,0,0,0,267,0.267,604,2262.17228464419,0.0268243530393719,84332.7807878107,11.3425377848118,"AW"
"AW_366494","Heart","AW_366494_hap1_h1tg000562l_7865-8131:._AW_366494_hap1_h1tg000562l_9549-9826:.","EXON3","Core","Potential_coding_gene",0,0,0,0,278,0.278,604,2172.6618705036,0.0268243530393719,80995.8721954873,11.3021658180385,"AW"
"AW_366494","Heart","AW_366494_hap1_h1tg001243l_19595-19872:-_AW_366494_hap1_h1tg001243l_21038-21304:-","EXON2","Not_core","Potential_coding_gene",0,0,0,0,267,0.267,2,7.49063670411985,0.0268243530393719,279.247618502685,5.63567356415589,"AW"
"AW_366494","Heart","AW_366494_hap1_h1tg001243l_19595-19872:-_AW_366494_hap1_h1tg001243l_21038-21304:-","EXON3","Not_core","Potential_coding_gene",0,0,0,0,278,0.278,2,7.19424460431655,0.0268243530393719,268.198252302938,5.5954481055613,"AW"
"AW_366494","Heart","AW_366494_hap2_h2tg000302l_188076-188352:-_AW_366494_hap2_h2tg000302l_188607-188866:-","EXON2","Not_core","Potential_pseudogene",0,0,NA,NA,260,0.26,8,30.7692307692308,0.0268243530393719,1147.06329446487,7.04583170991094,"AW"
"AW_366494","Heart","AW_366494_hap2_h2tg000302l_188076-188352:-_AW_366494_hap2_h2tg000302l_188607-188866:-","EXON3","Not_core","Potential_pseudogene",2,1,NA,NA,277,0.277,8,28.8808664259928,0.0268243530393719,1076.66590816198,6.98255278521728,"AW"
"AW_366494","Heart","AW_366494_hap2_h2tg000302l_411957-412233:.","EXON3","Not_core","Potential_pseudogene",2,1,NA,NA,277,0.277,3,10.8303249097473,0.0268243530393719,403.749715560741,6.00326888980454,"AW"
"AW_366494","Heart","AW_366494_hap2_h2tg000302l_441393-441659:._AW_366494_hap2_h2tg000302l_442803-443080:.","EXON2","Not_core","Potential_coding_gene",0,0,NA,NA,267,0.267,6,22.4719101123595,0.0268243530393719,837.742855508054,6.73190417022643,"AW"
"AW_366494","Heart","AW_366494_hap2_h2tg000302l_441393-441659:._AW_366494_hap2_h2tg000302l_442803-443080:.","EXON3","Not_core","Potential_coding_gene",0,0,0,0,278,0.278,6,21.5827338129496,0.0268243530393719,804.594756908814,6.69158083307733,"AW"
"AW_366494","Heart","AW_366494_hap2_h2tg000302l_449364-449604:.","EXON2","Not_core","Potential_coding_gene",0,0,NA,NA,241,0.241,3,12.448132780083,0.0268243530393719,464.060876391391,6.14216831398921,"AW"
"AW_366494","Heart","AW_366494_hap2_h2tg000302l_554341-554617:.","EXON3","Not_core","Potential_pseudogene",2,1,NA,NA,277,0.277,8,28.8808664259928,0.0268243530393719,1076.66590816198,6.98255278521728,"AW"
"AW_366494","Heart","AW_366494_hap2_h2tg000530l_119019-119285:._AW_366494_hap2_h2tg000530l_120725-121002:.","EXON2","Core","Potential_coding_gene",0,0,0,0,267,0.267,255,955.056179775281,0.0268243530393719,35604.0713590923,10.4802433606016,"AW"
"AW_366494","Heart","AW_366494_hap2_h2tg000530l_119019-119285:._AW_366494_hap2_h2tg000530l_120725-121002:.","EXON3","Core","Potential_coding_gene",0,0,0,0,278,0.278,255,917.26618705036,0.0268243530393719,34195.2771686246,10.439872062407,"AW"
"AW_366494","Heart","AW_366494_hap2_h2tg000530l_142287-142564:-_AW_366494_hap2_h2tg000530l_143760-144026:-","EXON2","Core","Potential_coding_gene",0,0,0,0,267,0.267,88,329.588014981273,0.0268243530393719,12286.8952141181,9.4163699278542,"AW"
"AW_366494","Heart","AW_366494_hap2_h2tg000530l_142287-142564:-_AW_366494_hap2_h2tg000530l_143760-144026:-","EXON3","Core","Potential_coding_gene",0,0,0,0,278,0.278,88,316.546762589928,0.0268243530393719,11800.7231013293,9.37600082532945,"AW"
"AW_366494","Heart","AW_366494_hap2_h2tg000530l_183812-184089:-_AW_366494_hap2_h2tg000530l_185005-185271:-","EXON2","Core","Potential_coding_gene",0,0,1,0,267,0.267,346,1295.88014981273,0.0268243530393719,48309.8380009644,10.7854112037231,"AW"
"AW_366494","Heart","AW_366494_hap2_h2tg000530l_183812-184089:-_AW_366494_hap2_h2tg000530l_185005-185271:-","EXON3","Core","Potential_coding_gene",0,0,1,0,278,0.278,346,1244.60431654676,0.0268243530393719,46398.2976484083,10.745039601212,"AW"
"AW_366494","Heart","AW_366494_hap2_h2tg000530l_197009-197286:-_AW_366494_hap2_h2tg000530l_198512-198778:-","EXON2","Core","Potential_coding_gene",0,0,0,0,267,0.267,698,2614.23220973783,0.0268243530393719,97457.4188574369,11.4871810927633,"AW"
"AW_366494","Heart","AW_366494_hap2_h2tg000530l_197009-197286:-_AW_366494_hap2_h2tg000530l_198512-198778:-","EXON3","Core","Potential_coding_gene",0,0,0,0,278,0.278,698,2510.79136690647,0.0268243530393719,93601.1900537254,11.4468090602018,"AW"
"AW_366494","Heart","AW_366494_hap2_h2tg000530l_239803-240080:-_AW_366494_hap2_h2tg000530l_241300-241566:-","EXON2","Core","Potential_coding_gene",0,0,0,0,267,0.267,125,468.164794007491,0.0268243530393719,17452.9761564178,9.76732276164107,"AW"
"AW_366494","Heart","AW_366494_hap2_h2tg000530l_239803-240080:-_AW_366494_hap2_h2tg000530l_241300-241566:-","EXON3","Core","Potential_coding_gene",0,0,0,0,278,0.278,125,449.640287769784,0.0268243530393719,16762.3907689336,9.72695266675572,"AW"
"AW_366494","Heart","AW_366494_hap2_h2tg000530l_270569-270846:-_AW_366494_hap2_h2tg000530l_272130-272396:-","EXON2","Core","Potential_coding_gene",0,0,NA,NA,267,0.267,53,198.501872659176,0.0268243530393719,7400.06189032114,8.90937876758935,"AW"
"AW_366494","Heart","AW_366494_hap2_h2tg000530l_270569-270846:-_AW_366494_hap2_h2tg000530l_272130-272396:-","EXON3","Core","Potential_coding_gene",0,0,NA,NA,278,0.278,53,190.647482014388,0.0268243530393719,7107.25368602786,8.8690118788498,"AW"
"AW_366494","Heart","AW_366494_hap2_h2tg000530l_290946-291223:-_AW_366494_hap2_h2tg000530l_292235-292501:-","EXON2","Core","Potential_coding_gene",0,0,0,0,267,0.267,112,419.475655430712,0.0268243530393719,15637.8666361503,9.65751454575425,"AW"
"AW_366494","Heart","AW_366494_hap2_h2tg000530l_290946-291223:-_AW_366494_hap2_h2tg000530l_292235-292501:-","EXON3","Core","Potential_coding_gene",0,0,0,0,278,0.278,112,402.877697841727,0.0268243530393719,15019.1021289645,9.6171447248266,"AW"
"AW_366494","Heart","AW_366494_hap2_h2tg000530l_303578-303855:-_AW_366494_hap2_h2tg000530l_304968-305234:-","EXON2","Core","Potential_coding_gene",0,0,2,0,267,0.267,88,329.588014981273,0.0268243530393719,12286.8952141181,9.4163699278542,"AW"
"AW_366494","Heart","AW_366494_hap2_h2tg000530l_303578-303855:-_AW_366494_hap2_h2tg000530l_304968-305234:-","EXON3","Core","Potential_coding_gene",0,0,2,0,278,0.278,88,316.546762589928,0.0268243530393719,11800.7231013293,9.37600082532945,"AW"
"AW_366494","Heart","AW_366494_hap2_h2tg000530l_46961-47227:._AW_366494_hap2_h2tg000530l_48780-49057:.","EXON2","Core","Potential_coding_gene",0,0,0,0,267,0.267,42,157.303370786517,0.0268243530393719,5864.19998855637,8.67679185915182,"AW"
"AW_366494","Heart","AW_366494_hap2_h2tg000530l_46961-47227:._AW_366494_hap2_h2tg000530l_48780-49057:.","EXON3","Core","Potential_coding_gene",0,0,0,0,278,0.278,42,151.079136690647,0.0268243530393719,5632.1632983617,8.63642642806474,"AW"
"AW_366494","Heart","AW_366494_hap2_h2tg000530l_68424-68690:._AW_366494_hap2_h2tg000530l_70078-70355:.","EXON2","Core","Potential_coding_gene",0,0,0,0,267,0.267,67,250.936329588015,0.0268243530393719,9354.79521983993,9.14375123988864,"AW"
"AW_366494","Heart","AW_366494_hap2_h2tg000530l_68424-68690:._AW_366494_hap2_h2tg000530l_70078-70355:.","EXON3","Core","Potential_coding_gene",0,0,0,0,278,0.278,67,241.007194244604,0.0268243530393719,8984.64145214842,9.10338318811609,"AW"
"AW_366494","Liver","AW_366494_hap1_h1tg000304l_285007-285283:-","EXON3","Not_core","Potential_pseudogene",2,1,NA,NA,277,0.277,32,115.523465703971,0.0448414138327186,2576.26724560766,7.85448490943055,"AW"
"AW_366494","Liver","AW_366494_hap1_h1tg000304l_389303-389543:-","EXON2","Not_core","Potential_coding_gene",0,0,NA,NA,241,0.241,63,261.410788381743,0.0448414138327186,5829.67319801598,8.67088774403604,"AW"
"AW_366494","Liver","AW_366494_hap1_h1tg000304l_395825-396102:-_AW_366494_hap1_h1tg000304l_397246-397512:-","EXON2","Not_core","Potential_coding_gene",0,0,2,1,267,0.267,126,471.910112359551,0.0448414138327186,10523.9793312498,9.26150669477191,"AW"
"AW_366494","Liver","AW_366494_hap1_h1tg000304l_395825-396102:-_AW_366494_hap1_h1tg000304l_397246-397512:-","EXON3","Not_core","Potential_coding_gene",0,0,2,1,278,0.278,126,453.237410071942,0.0448414138327186,10107.562882891,9.22113815382852,"AW"
"AW_366494","Liver","AW_366494_hap1_h1tg000304l_435155-435431:-","EXON3","Not_core","Potential_pseudogene",2,1,NA,NA,277,0.277,65,234.657039711191,0.0448414138327186,5233.04284264055,8.56293926850568,"AW"
"AW_366494","Liver","AW_366494_hap1_h1tg000562l_104739-105016:-_AW_366494_hap1_h1tg000562l_106660-106926:-","EXON2","Core","Potential_coding_gene",0,0,1,0,267,0.267,221,827.715355805243,0.0448414138327186,18458.7256524302,9.82334664621457,"AW"
"AW_366494","Liver","AW_366494_hap1_h1tg000562l_104739-105016:-_AW_366494_hap1_h1tg000562l_106660-106926:-","EXON3","Core","Potential_coding_gene",0,0,1,0,278,0.278,221,794.964028776978,0.0448414138327186,17728.3444215787,9.78297642272636,"AW"
"AW_366494","Liver","AW_366494_hap1_h1tg000562l_123841-124118:-_AW_366494_hap1_h1tg000562l_126074-126340:-","EXON2","Core","Potential_coding_gene",0,0,2,0,267,0.267,286,1071.16104868914,0.0448414138327186,23887.7626090274,10.0811634436259,"AW"
"AW_366494","Liver","AW_366494_hap1_h1tg000562l_123841-124118:-_AW_366494_hap1_h1tg000562l_126074-126340:-","EXON3","Core","Potential_coding_gene",0,0,2,0,278,0.278,286,1028.77697841727,0.0448414138327186,22942.5633691018,10.0407927129316,"AW"
"AW_366494","Liver","AW_366494_hap1_h1tg000562l_145314-145591:-_AW_366494_hap1_h1tg000562l_146637-146903:-","EXON2","Core","Potential_coding_gene",0,0,0,0,267,0.267,268,1003.74531835206,0.0448414138327186,22384.3369902774,10.0161614248516,"AW"
"AW_366494","Liver","AW_366494_hap1_h1tg000562l_145314-145591:-_AW_366494_hap1_h1tg000562l_146637-146903:-","EXON3","Core","Potential_coding_gene",0,0,0,0,278,0.278,268,964.028776978417,0.0448414138327186,21498.6258144031,9.97579080998305,"AW"
"AW_366494","Liver","AW_366494_hap1_h1tg000562l_164459-164736:-_AW_366494_hap1_h1tg000562l_165674-165940:-","EXON2","Core","Potential_coding_gene",0,0,0,0,267,0.267,268,1003.74531835206,0.0448414138327186,22384.3369902774,10.0161614248516,"AW"
"AW_366494","Liver","AW_366494_hap1_h1tg000562l_164459-164736:-_AW_366494_hap1_h1tg000562l_165674-165940:-","EXON3","Core","Potential_coding_gene",0,0,0,0,278,0.278,268,964.028776978417,0.0448414138327186,21498.6258144031,9.97579080998305,"AW"
"AW_366494","Liver","AW_366494_hap1_h1tg000562l_21418-21684:._AW_366494_hap1_h1tg000562l_22600-22877:.","EXON2","Core","Potential_coding_gene",0,0,0,0,267,0.267,648,2426.96629213483,0.0448414138327186,54123.3222749991,10.8990389437483,"AW"
"AW_366494","Liver","AW_366494_hap1_h1tg000562l_21418-21684:._AW_366494_hap1_h1tg000562l_22600-22877:.","EXON3","Core","Potential_coding_gene",0,0,0,0,278,0.278,648,2330.93525179856,0.0448414138327186,51981.7519691538,10.8586672496404,"AW"
"AW_366494","Liver","AW_366494_hap1_h1tg000562l_41209-41486:-","EXON3","Core","Potential_coding_gene",0,0,0,0,278,0.278,18,64.7482014388489,0.0448414138327186,1443.93755469872,7.27582138487138,"AW"
"AW_366494","Liver","AW_366494_hap1_h1tg000562l_44642-44908:-","EXON2","Core","Potential_coding_gene",0,0,0,0,267,0.267,85,318.352059925094,0.0448414138327186,7099.50986631932,8.86792187260869,"AW"
"AW_366494","Liver","AW_366494_hap1_h1tg000562l_7865-8131:._AW_366494_hap1_h1tg000562l_9549-9826:.","EXON2","Core","Potential_coding_gene",0,0,0,0,267,0.267,1011,3786.51685393258,0.0448414138327186,84442.4055864569,11.343836832585,"AW"
"AW_366494","Liver","AW_366494_hap1_h1tg000562l_7865-8131:._AW_366494_hap1_h1tg000562l_9549-9826:.","EXON3","Core","Potential_coding_gene",0,0,0,0,278,0.278,1011,3636.69064748201,0.0448414138327186,81101.1593222445,11.3034648651775,"AW"
"AW_366494","Liver","AW_366494_hap1_h1tg001243l_19595-19872:-_AW_366494_hap1_h1tg001243l_21038-21304:-","EXON2","Not_core","Potential_coding_gene",0,0,0,0,267,0.267,3,11.2359550561798,0.0448414138327186,250.570936458329,5.52772500328242,"AW"
"AW_366494","Liver","AW_366494_hap1_h1tg001243l_19595-19872:-_AW_366494_hap1_h1tg001243l_21038-21304:-","EXON3","Not_core","Potential_coding_gene",0,0,0,0,278,0.278,3,10.7913669064748,0.0448414138327186,240.656259116453,5.48751629953419,"AW"
"AW_366494","Liver","AW_366494_hap2_h2tg000302l_188076-188352:-_AW_366494_hap2_h2tg000302l_188607-188866:-","EXON2","Not_core","Potential_pseudogene",0,0,NA,NA,260,0.26,14,53.8461538461538,0.0448414138327186,1200.81302625799,7.09158655079765,"AW"
"AW_366494","Liver","AW_366494_hap2_h2tg000302l_188076-188352:-_AW_366494_hap2_h2tg000302l_188607-188866:-","EXON3","Not_core","Potential_pseudogene",2,1,NA,NA,277,0.277,14,50.5415162454874,0.0448414138327186,1127.11691995335,7.02830507912737,"AW"
"AW_366494","Liver","AW_366494_hap2_h2tg000302l_411957-412233:.","EXON3","Not_core","Potential_pseudogene",2,1,NA,NA,277,0.277,18,64.9819494584838,0.0448414138327186,1449.15032565431,7.279422502906,"AW"
"AW_366494","Liver","AW_366494_hap2_h2tg000302l_441393-441659:._AW_366494_hap2_h2tg000302l_442803-443080:.","EXON2","Not_core","Potential_coding_gene",0,0,NA,NA,267,0.267,24,89.8876404494382,0.0448414138327186,2004.56749166663,7.60368233793063,"AW"
"AW_366494","Liver","AW_366494_hap2_h2tg000302l_441393-441659:._AW_366494_hap2_h2tg000302l_442803-443080:.","EXON3","Not_core","Potential_coding_gene",0,0,0,0,278,0.278,24,86.3309352517986,0.0448414138327186,1925.25007293162,7.5633304244963,"AW"
"AW_366494","Liver","AW_366494_hap2_h2tg000302l_449364-449604:.","EXON2","Not_core","Potential_coding_gene",0,0,NA,NA,241,0.241,12,49.792531120332,0.0448414138327186,1110.41394247923,7.01338830573675,"AW"
"AW_366494","Liver","AW_366494_hap2_h2tg000302l_554341-554617:.","EXON3","Not_core","Potential_pseudogene",2,1,NA,NA,277,0.277,20,72.2021660649819,0.0448414138327186,1610.16702850479,7.38471405781796,"AW"
"AW_366494","Liver","AW_366494_hap2_h2tg000530l_119019-119285:._AW_366494_hap2_h2tg000530l_120725-121002:.","EXON2","Core","Potential_coding_gene",0,0,0,0,267,0.267,362,1355.80524344569,0.0448414138327186,30235.5596659717,10.3168070561618,"AW"
"AW_366494","Liver","AW_366494_hap2_h2tg000530l_119019-119285:._AW_366494_hap2_h2tg000530l_120725-121002:.","EXON3","Core","Potential_coding_gene",0,0,0,0,278,0.278,362,1302.15827338129,0.0448414138327186,29039.1886000519,10.2764359634098,"AW"
"AW_366494","Liver","AW_366494_hap2_h2tg000530l_142287-142564:-_AW_366494_hap2_h2tg000530l_143760-144026:-","EXON2","Core","Potential_coding_gene",0,0,0,0,267,0.267,97,363.295880149813,0.0448414138327186,8101.79361215264,8.99996417158873,"AW"
"AW_366494","Liver","AW_366494_hap2_h2tg000530l_142287-142564:-_AW_366494_hap2_h2tg000530l_143760-144026:-","EXON3","Core","Potential_coding_gene",0,0,0,0,278,0.278,97,348.920863309353,0.0448414138327186,7781.2190447653,8.95959680076662,"AW"
"AW_366494","Liver","AW_366494_hap2_h2tg000530l_183812-184089:-_AW_366494_hap2_h2tg000530l_185005-185271:-","EXON2","Core","Potential_coding_gene",0,0,1,0,267,0.267,519,1943.8202247191,0.0448414138327186,43348.7720072909,10.6770567228475,"AW"
"AW_366494","Liver","AW_366494_hap2_h2tg000530l_183812-184089:-_AW_366494_hap2_h2tg000530l_185005-185271:-","EXON3","Core","Potential_coding_gene",0,0,1,0,278,0.278,519,1866.90647482014,0.0448414138327186,41633.5328271463,10.6366852179308,"AW"
"AW_366494","Liver","AW_366494_hap2_h2tg000530l_197009-197286:-_AW_366494_hap2_h2tg000530l_198512-198778:-","EXON2","Core","Potential_coding_gene",0,0,0,0,267,0.267,1227,4595.50561797753,0.0448414138327186,102483.513011457,11.5374669735738,"AW"
"AW_366494","Liver","AW_366494_hap2_h2tg000530l_197009-197286:-_AW_366494_hap2_h2tg000530l_198512-198778:-","EXON3","Core","Potential_coding_gene",0,0,0,0,278,0.278,1227,4413.6690647482,0.0448414138327186,98428.4099786291,11.4970949202807,"AW"
"AW_366494","Liver","AW_366494_hap2_h2tg000530l_239803-240080:-_AW_366494_hap2_h2tg000530l_241300-241566:-","EXON2","Core","Potential_coding_gene",0,0,0,0,267,0.267,188,704.119850187266,0.0448414138327186,15702.4453513886,9.66163541639399,"AW"
"AW_366494","Liver","AW_366494_hap2_h2tg000530l_239803-240080:-_AW_366494_hap2_h2tg000530l_241300-241566:-","EXON3","Core","Potential_coding_gene",0,0,0,0,278,0.278,188,676.258992805755,0.0448414138327186,15081.1255712977,9.62126558463283,"AW"
"AW_366494","Liver","AW_366494_hap2_h2tg000530l_270569-270846:-_AW_366494_hap2_h2tg000530l_272130-272396:-","EXON2","Core","Potential_coding_gene",0,0,NA,NA,267,0.267,103,385.767790262172,0.0448414138327186,8602.93548506929,9.05997499211094,"AW"
"AW_366494","Liver","AW_366494_hap2_h2tg000530l_270569-270846:-_AW_366494_hap2_h2tg000530l_272130-272396:-","EXON3","Core","Potential_coding_gene",0,0,NA,NA,278,0.278,103,370.503597122302,0.0448414138327186,8262.53156299821,9.01960732514135,"AW"
"AW_366494","Liver","AW_366494_hap2_h2tg000530l_290946-291223:-_AW_366494_hap2_h2tg000530l_292235-292501:-","EXON2","Core","Potential_coding_gene",0,0,0,0,267,0.267,170,636.704119850187,0.0448414138327186,14199.0197326386,9.56099863321083,"AW"
"AW_366494","Liver","AW_366494_hap2_h2tg000530l_290946-291223:-_AW_366494_hap2_h2tg000530l_292235-292501:-","EXON3","Core","Potential_coding_gene",0,0,0,0,278,0.278,170,611.510791366906,0.0448414138327186,13637.188016599,9.52062907921515,"AW"
"AW_366494","Liver","AW_366494_hap2_h2tg000530l_303578-303855:-_AW_366494_hap2_h2tg000530l_304968-305234:-","EXON2","Core","Potential_coding_gene",0,0,2,0,267,0.267,207,775.280898876404,0.0448414138327186,17289.3946156247,9.75790640176129,"AW"
"AW_366494","Liver","AW_366494_hap2_h2tg000530l_303578-303855:-_AW_366494_hap2_h2tg000530l_304968-305234:-","EXON3","Core","Potential_coding_gene",0,0,2,0,278,0.278,207,744.604316546763,0.0448414138327186,16605.2818790352,9.71753632920731,"AW"
"AW_366494","Liver","AW_366494_hap2_h2tg000530l_46961-47227:._AW_366494_hap2_h2tg000530l_48780-49057:.","EXON2","Core","Potential_coding_gene",0,0,0,0,267,0.267,56,209.737827715356,0.0448414138327186,4677.32414722214,8.4506952365824,"AW"
"AW_366494","Liver","AW_366494_hap2_h2tg000530l_46961-47227:._AW_366494_hap2_h2tg000530l_48780-49057:.","EXON3","Core","Potential_coding_gene",0,0,0,0,278,0.278,56,201.438848920863,0.0448414138327186,4492.25017017378,8.41033158750535,"AW"
"AW_366494","Liver","AW_366494_hap2_h2tg000530l_68424-68690:._AW_366494_hap2_h2tg000530l_70078-70355:.","EXON2","Core","Potential_coding_gene",0,0,0,0,267,0.267,148,554.307116104869,0.0448414138327186,12361.4995319442,9.42242293807004,"AW"
"AW_366494","Liver","AW_366494_hap2_h2tg000530l_68424-68690:._AW_366494_hap2_h2tg000530l_70078-70355:.","EXON3","Core","Potential_coding_gene",0,0,0,0,278,0.278,148,532.374100719424,0.0448414138327186,11872.375449745,9.38205381531229,"AW"
"AW_366497","Brain","AW_366497_hap1_h1tg000225l_2402929-2403205:-_AW_366497_hap1_h1tg000225l_2403460-2403719:-","EXON2","Not_core","Potential_pseudogene",0,0,NA,NA,260,0.26,36,138.461538461538,0.0229177302101418,6041.67765271383,8.70660251267732,"AW"
"AW_366497","Brain","AW_366497_hap1_h1tg000225l_2402929-2403205:-_AW_366497_hap1_h1tg000225l_2403460-2403719:-","EXON3","Not_core","Potential_pseudogene",2,1,NA,NA,277,0.277,36,129.963898916968,0.0229177302101418,5670.88877150035,8.64327745791749,"AW"
"AW_366497","Brain","AW_366497_hap1_h1tg000225l_2598114-2598390:.","EXON3","Not_core","Potential_pseudogene",2,1,NA,NA,277,0.277,46,166.064981949458,0.0229177302101418,7246.13565247267,8.88836158736554,"AW"
"AW_366497","Brain","AW_366497_hap1_h1tg000225l_2636931-2637197:._AW_366497_hap1_h1tg000225l_2638341-2638618:.","EXON2","Not_core","Potential_coding_gene",0,0,0,0,267,0.267,72,269.662921348315,0.0229177302101418,11766.5632187685,9.37310214558026,"AW"
"AW_366497","Brain","AW_366497_hap1_h1tg000225l_2636931-2637197:._AW_366497_hap1_h1tg000225l_2638341-2638618:.","EXON3","Not_core","Potential_coding_gene",0,0,0,0,278,0.278,72,258.992805755396,0.0229177302101418,11300.9797820547,9.3327331913061,"AW"
"AW_366497","Brain","AW_366497_hap1_h1tg000225l_2644904-2645144:.","EXON2","Not_core","Potential_coding_gene",0,0,NA,NA,241,0.241,33,136.929460580913,0.0229177302101418,5974.82644770455,8.69547768484217,"AW"
"AW_366497","Brain","AW_366497_hap1_h1tg000225l_2749147-2749423:.","EXON3","Not_core","Potential_pseudogene",2,1,NA,NA,277,0.277,43,155.234657039711,0.0229177302101418,6773.56158818097,8.82092993342251,"AW"
"AW_366497","Brain","AW_366497_hap1_h1tg001027l_120863-121129:._AW_366497_hap1_h1tg001027l_122102-122379:.","EXON2","Core","Potential_coding_gene",0,0,0,0,267,0.267,64,239.700374531835,0.0229177302101418,10459.167305572,9.25532973228756,"AW"
"AW_366497","Brain","AW_366497_hap1_h1tg001027l_120863-121129:._AW_366497_hap1_h1tg001027l_122102-122379:.","EXON3","Core","Potential_coding_gene",0,0,0,0,278,0.278,64,230.215827338129,0.0229177302101418,10045.3153618264,9.21496121559772,"AW"
"AW_366497","Brain","AW_366497_hap1_h1tg001027l_141679-141956:-_AW_366497_hap1_h1tg001027l_143062-143328:-","EXON2","Core","Potential_coding_gene",0,0,0,0,267,0.267,87,325.842696629213,0.0229177302101418,14217.930556012,9.56232949349753,"AW"
"AW_366497","Brain","AW_366497_hap1_h1tg001027l_141679-141956:-_AW_366497_hap1_h1tg001027l_143062-143328:-","EXON3","Core","Potential_coding_gene",0,0,0,0,278,0.278,87,312.94964028777,0.0229177302101418,13655.3505699827,9.52195993564321,"AW"
"AW_366497","Brain","AW_366497_hap1_h1tg001027l_161639-161916:-_AW_366497_hap1_h1tg001027l_162766-163032:-","EXON2","Core","Potential_coding_gene",0,0,0,0,267,0.267,118,441.947565543071,0.0229177302101418,19284.0897196484,9.86708752293373,"AW"
"AW_366497","Brain","AW_366497_hap1_h1tg001027l_161639-161916:-_AW_366497_hap1_h1tg001027l_162766-163032:-","EXON3","Core","Potential_coding_gene",0,0,0,0,278,0.278,118,424.460431654676,0.0229177302101418,18521.0501983673,9.82671720392886,"AW"
"AW_366497","Brain","AW_366497_hap1_h1tg001027l_197811-198088:-_AW_366497_hap1_h1tg001027l_199076-199342:-","EXON2","Core","Potential_coding_gene",0,0,0,0,267,0.267,171,640.449438202247,0.0229177302101418,27945.5876445752,10.2380503832793,"AW"
"AW_366497","Brain","AW_366497_hap1_h1tg001027l_197811-198088:-_AW_366497_hap1_h1tg001027l_199076-199342:-","EXON3","Core","Potential_coding_gene",0,0,0,0,278,0.278,171,615.107913669065,0.0229177302101418,26839.8269823798,10.197679402175,"AW"
"AW_366497","Brain","AW_366497_hap1_h1tg001027l_231083-231360:-_AW_366497_hap1_h1tg001027l_232358-232624:-","EXON2","Core","Potential_coding_gene",0,0,0,0,267,0.267,131,490.63670411985,0.0229177302101418,21408.6080785927,9.97159507588571,"AW"
"AW_366497","Brain","AW_366497_hap1_h1tg001027l_231083-231360:-_AW_366497_hap1_h1tg001027l_232358-232624:-","EXON3","Core","Potential_coding_gene",0,0,0,0,278,0.278,131,471.223021582734,0.0229177302101418,20561.5048812383,9.93122454489315,"AW"
"AW_366497","Brain","AW_366497_hap1_h1tg001027l_242798-243075:-_AW_366497_hap1_h1tg001027l_244247-244513:-","EXON2","Core","Potential_coding_gene",0,0,0,0,267,0.267,99,370.786516853933,0.0229177302101418,16179.0244258067,9.69153270024093,"AW"
"AW_366497","Brain","AW_366497_hap1_h1tg001027l_242798-243075:-_AW_366497_hap1_h1tg001027l_244247-244513:-","EXON3","Core","Potential_coding_gene",0,0,0,0,278,0.278,99,356.115107913669,0.0229177302101418,15538.8472003251,9.65116279120439,"AW"
"AW_366497","Brain","AW_366497_hap1_h1tg001027l_78317-78583:._AW_366497_hap1_h1tg001027l_79769-80046:.","EXON2","Core","Potential_coding_gene",0,0,0,0,267,0.267,127,475.65543071161,0.0229177302101418,20754.9101219945,9.94058631026022,"AW"
"AW_366497","Brain","AW_366497_hap1_h1tg001027l_78317-78583:._AW_366497_hap1_h1tg001027l_79769-80046:.","EXON3","Core","Potential_coding_gene",0,0,0,0,278,0.278,127,456.834532374101,0.0229177302101418,19933.6726711242,9.90021583987248,"AW"
"AW_366497","Brain","AW_366497_hap1_h1tg001027l_97520-97786:._AW_366497_hap1_h1tg001027l_99052-99327:.","EXON2","Core","Potential_coding_gene",0,0,0,0,267,0.267,300,1123.59550561798,0.0229177302101418,49027.3467448688,10.8001539148206,"AW"
"AW_366497","Brain","AW_366497_hap1_h1tg001027l_97520-97786:._AW_366497_hap1_h1tg001027l_99052-99327:.","EXON3","Core","Potential_coding_gene",0,0,0,0,276,0.276,300,1086.95652173913,0.0229177302101418,47428.6289162318,10.7670023950213,"AW"
"AW_366497","Brain","AW_366497_hap2_h2tg000351l_166675-166915:-","EXON2","Not_core","Potential_coding_gene",0,0,NA,NA,241,0.241,70,290.45643153527,0.0229177302101418,12673.8742830097,9.44737690990997,"AW"
"AW_366497","Brain","AW_366497_hap2_h2tg000351l_172842-173119:-_AW_366497_hap2_h2tg000351l_174263-174529:-","EXON2","Not_core","Potential_coding_gene",0,0,1,0,267,0.267,140,524.344569288389,0.0229177302101418,22879.4284809388,10.0380371726321,"AW"
"AW_366497","Brain","AW_366497_hap2_h2tg000351l_172842-173119:-_AW_366497_hap2_h2tg000351l_174263-174529:-","EXON3","Not_core","Potential_coding_gene",0,0,1,0,278,0.278,140,503.597122302158,0.0229177302101418,21974.1273539952,9.99766651794023,"AW"
"AW_366497","Brain","AW_366497_hap2_h2tg000351l_212150-212426:-","EXON3","Not_core","Potential_pseudogene",2,1,NA,NA,277,0.277,56,202.166064981949,0.0229177302101418,8821.38253344499,9.0850472410312,"AW"
"AW_366497","Brain","AW_366497_hap2_h2tg000351l_435628-435887:._AW_366497_hap2_h2tg000351l_436142-436418:.","EXON2","Not_core","Potential_pseudogene",0,0,NA,NA,260,0.26,2,7.69230769230769,0.0229177302101418,335.648758484102,5.81904012713094,"AW"
"AW_366497","Brain","AW_366497_hap2_h2tg000351l_435628-435887:._AW_366497_hap2_h2tg000351l_436142-436418:.","EXON3","Not_core","Potential_pseudogene",2,1,NA,NA,277,0.277,2,7.22021660649819,0.0229177302101418,315.049376194464,5.75589845516051,"AW"
"AW_366497","Brain","AW_366497_hap2_h2tg000351l_61693-61969:-","EXON3","Not_core","Potential_pseudogene",2,1,NA,NA,277,0.277,78,281.58844765343,0.0229177302101418,12286.9256715841,9.41637240650719,"AW"
"AW_366497","Brain","AW_366497_hap2_h2tg000553l_105849-106126:-_AW_366497_hap2_h2tg000553l_107565-107831:-","EXON2","Core","Potential_coding_gene",0,0,0,0,267,0.267,325,1217.22846441948,0.0229177302101418,53112.9589736079,10.8801950535418,"AW"
"AW_366497","Brain","AW_366497_hap2_h2tg000553l_105849-106126:-_AW_366497_hap2_h2tg000553l_107565-107831:-","EXON3","Core","Potential_coding_gene",0,0,0,0,278,0.278,325,1169.06474820144,0.0229177302101418,51011.3670717745,10.8398233739135,"AW"
"AW_366497","Brain","AW_366497_hap2_h2tg000553l_131816-132091:-_AW_366497_hap2_h2tg000553l_133369-133635:-","EXON2","Core","Potential_coding_gene",0,0,0,0,267,0.267,339,1269.66292134831,0.0229177302101418,55400.9018217018,10.9223692010577,"AW"
"AW_366497","Brain","AW_366497_hap2_h2tg000553l_131816-132091:-_AW_366497_hap2_h2tg000553l_133369-133635:-","EXON3","Core","Potential_coding_gene",0,0,0,0,276,0.276,339,1228.26086956522,0.0229177302101418,53594.3506753419,10.889217602165,"AW"
"AW_366497","Brain","AW_366497_hap2_h2tg000553l_18392-18658:._AW_366497_hap2_h2tg000553l_19988-20263:.","EXON2","Core","Potential_coding_gene",0,0,0,0,267,0.267,246,921.348314606741,0.0229177302101418,40202.4243307924,10.6017074533373,"AW"
"AW_366497","Brain","AW_366497_hap2_h2tg000553l_18392-18658:._AW_366497_hap2_h2tg000553l_19988-20263:.","EXON3","Core","Potential_coding_gene",0,0,0,0,276,0.276,246,891.304347826087,0.0229177302101418,38891.4757113101,10.5685560844528,"AW"
"AW_366497","Brain","AW_366497_hap2_h2tg000553l_53040-53317:-_AW_366497_hap2_h2tg000553l_54290-54556:-","EXON2","Core","Potential_coding_gene",0,0,0,0,267,0.267,216,808.988764044944,0.0229177302101418,35299.6896563055,10.4716577797364,"AW"
"AW_366497","Brain","AW_366497_hap2_h2tg000553l_53040-53317:-_AW_366497_hap2_h2tg000553l_54290-54556:-","EXON3","Core","Potential_coding_gene",0,0,0,0,278,0.278,216,776.978417266187,0.0229177302101418,33902.939346164,10.4312864915189,"AW"
"AW_366497","Brain","AW_366497_hap2_h2tg000553l_82302-82577:-_AW_366497_hap2_h2tg000553l_83747-84013:-","EXON2","Core","Potential_coding_gene",0,0,0,0,267,0.267,475,1779.02621722846,0.0229177302101418,77626.6323460423,11.2596787297209,"AW"
"AW_366497","Brain","AW_366497_hap2_h2tg000553l_82302-82577:-_AW_366497_hap2_h2tg000553l_83747-84013:-","EXON3","Core","Potential_coding_gene",0,0,0,0,276,0.276,475,1721.01449275362,0.0229177302101418,75095.329117367,11.226526956629,"AW"
"AW_366497","Gonad","AW_366497_hap1_h1tg000225l_2402929-2403205:-_AW_366497_hap1_h1tg000225l_2403460-2403719:-","EXON2","Not_core","Potential_pseudogene",0,0,NA,NA,260,0.26,44,169.230769230769,0.233893703918908,723.537087126732,6.58553295041156,"AW"
"AW_366497","Gonad","AW_366497_hap1_h1tg000225l_2402929-2403205:-_AW_366497_hap1_h1tg000225l_2403460-2403719:-","EXON3","Not_core","Potential_pseudogene",2,1,NA,NA,277,0.277,44,158.84476534296,0.233893703918908,679.132283945669,6.52228731446485,"AW"
"AW_366497","Gonad","AW_366497_hap1_h1tg000225l_2598114-2598390:.","EXON3","Not_core","Potential_pseudogene",2,1,NA,NA,277,0.277,57,205.776173285199,0.233893703918908,879.785004202344,6.78081356006184,"AW"
"AW_366497","Gonad","AW_366497_hap1_h1tg000225l_2636931-2637197:._AW_366497_hap1_h1tg000225l_2638341-2638618:.","EXON2","Not_core","Potential_coding_gene",0,0,0,0,267,0.267,34,127.340823970037,0.233893703918908,544.438870463084,6.30159073751455,"AW"
"AW_366497","Gonad","AW_366497_hap1_h1tg000225l_2636931-2637197:._AW_366497_hap1_h1tg000225l_2638341-2638618:.","EXON3","Not_core","Potential_coding_gene",0,0,0,0,278,0.278,34,122.302158273381,0.233893703918908,522.896325228934,6.26129381212909,"AW"
"AW_366497","Gonad","AW_366497_hap1_h1tg000225l_2644904-2645144:.","EXON2","Not_core","Potential_coding_gene",0,0,NA,NA,241,0.241,14,58.0912863070539,0.233893703918908,248.366182303028,5.51892242783312,"AW"
"AW_366497","Gonad","AW_366497_hap1_h1tg000225l_2749147-2749423:.","EXON3","Not_core","Potential_pseudogene",2,1,NA,NA,277,0.277,92,332.129963898917,0.233893703918908,1420.00386643185,7.25911884901659,"AW"
"AW_366497","Gonad","AW_366497_hap1_h1tg001027l_120863-121129:._AW_366497_hap1_h1tg001027l_122102-122379:.","EXON2","Core","Potential_coding_gene",0,0,0,0,267,0.267,876,3280.89887640449,0.233893703918908,14027.3073684018,9.54883252208374,"AW"
"AW_366497","Gonad","AW_366497_hap1_h1tg001027l_120863-121129:._AW_366497_hap1_h1tg001027l_122102-122379:.","EXON3","Core","Potential_coding_gene",0,0,0,0,278,0.278,876,3151.07913669065,0.233893703918908,13472.2700264866,9.50846300360107,"AW"
"AW_366497","Gonad","AW_366497_hap1_h1tg001027l_141679-141956:-_AW_366497_hap1_h1tg001027l_143062-143328:-","EXON2","Core","Potential_coding_gene",0,0,0,0,267,0.267,1462,5475.65543071161,0.233893703918908,23410.8714299126,10.0609984987641,"AW"
"AW_366497","Gonad","AW_366497_hap1_h1tg001027l_141679-141956:-_AW_366497_hap1_h1tg001027l_143062-143328:-","EXON3","Core","Potential_coding_gene",0,0,0,0,278,0.278,1462,5258.9928057554,0.233893703918908,22484.5419848441,10.0206278031991,"AW"
"AW_366497","Gonad","AW_366497_hap1_h1tg001027l_161639-161916:-_AW_366497_hap1_h1tg001027l_162766-163032:-","EXON2","Core","Potential_coding_gene",0,0,0,0,267,0.267,925,3464.41947565543,0.233893703918908,14811.9398581869,9.60325639250406,"AW"
"AW_366497","Gonad","AW_366497_hap1_h1tg001027l_161639-161916:-_AW_366497_hap1_h1tg001027l_162766-163032:-","EXON3","Core","Potential_coding_gene",0,0,0,0,278,0.278,925,3327.3381294964,0.233893703918908,14225.8559069636,9.56288671846068,"AW"
"AW_366497","Gonad","AW_366497_hap1_h1tg001027l_197811-198088:-_AW_366497_hap1_h1tg001027l_199076-199342:-","EXON2","Core","Potential_coding_gene",0,0,0,0,267,0.267,246,921.348314606741,0.233893703918908,3939.17535687996,8.27898050812391,"AW"
"AW_366497","Gonad","AW_366497_hap1_h1tg001027l_197811-198088:-_AW_366497_hap1_h1tg001027l_199076-199342:-","EXON3","Core","Potential_coding_gene",0,0,0,0,278,0.278,246,884.892086330935,0.233893703918908,3783.30870606817,8.23861850878605,"AW"
"AW_366497","Gonad","AW_366497_hap1_h1tg001027l_231083-231360:-_AW_366497_hap1_h1tg001027l_232358-232624:-","EXON2","Core","Potential_coding_gene",0,0,0,0,267,0.267,455,1704.11985018727,0.233893703918908,7285.87311943245,8.89382980561152,"AW"
"AW_366497","Gonad","AW_366497_hap1_h1tg001027l_231083-231360:-_AW_366497_hap1_h1tg001027l_232358-232624:-","EXON3","Core","Potential_coding_gene",0,0,0,0,278,0.278,455,1636.69064748201,0.233893703918908,6997.58317585779,8.85346300410222,"AW"
"AW_366497","Gonad","AW_366497_hap1_h1tg001027l_242798-243075:-_AW_366497_hap1_h1tg001027l_244247-244513:-","EXON2","Core","Potential_coding_gene",0,0,0,0,267,0.267,2321,8692.88389513109,0.233893703918908,37165.9593630829,10.5231754564231,"AW"
"AW_366497","Gonad","AW_366497_hap1_h1tg001027l_242798-243075:-_AW_366497_hap1_h1tg001027l_244247-244513:-","EXON3","Core","Potential_coding_gene",0,0,0,0,278,0.278,2321,8348.92086330935,0.233893703918908,35695.3638487163,10.4828041096032,"AW"
"AW_366497","Gonad","AW_366497_hap1_h1tg001027l_78317-78583:._AW_366497_hap1_h1tg001027l_79769-80046:.","EXON2","Core","Potential_coding_gene",0,0,0,0,267,0.267,2729,10220.9737827715,0.233893703918908,43699.2258086399,10.6851085483161,"AW"
"AW_366497","Gonad","AW_366497_hap1_h1tg001027l_78317-78583:._AW_366497_hap1_h1tg001027l_79769-80046:.","EXON3","Core","Potential_coding_gene",0,0,0,0,278,0.278,2729,9816.54676258993,0.233893703918908,41970.1197514635,10.6447370357779,"AW"
"AW_366497","Gonad","AW_366497_hap1_h1tg001027l_97520-97786:._AW_366497_hap1_h1tg001027l_99052-99327:.","EXON2","Core","Potential_coding_gene",0,0,0,0,267,0.267,4920,18426.9662921348,0.233893703918908,78783.5071375993,11.2744716465868,"AW"
"AW_366497","Gonad","AW_366497_hap1_h1tg001027l_97520-97786:._AW_366497_hap1_h1tg001027l_99052-99327:.","EXON3","Core","Potential_coding_gene",0,0,0,0,276,0.276,4920,17826.0869565217,0.233893703918908,76214.4797309384,11.2413198671187,"AW"
"AW_366497","Gonad","AW_366497_hap2_h2tg000351l_166675-166915:-","EXON2","Not_core","Potential_coding_gene",0,0,NA,NA,241,0.241,41,170.124481327801,0.233893703918908,727.35810531601,6.59079283015872,"AW"
"AW_366497","Gonad","AW_366497_hap2_h2tg000351l_172842-173119:-_AW_366497_hap2_h2tg000351l_174263-174529:-","EXON2","Not_core","Potential_coding_gene",0,0,1,0,267,0.267,87,325.842696629213,0.233893703918908,1393.1229920673,7.24002081703198,"AW"
"AW_366497","Gonad","AW_366497_hap2_h2tg000351l_172842-173119:-_AW_366497_hap2_h2tg000351l_174263-174529:-","EXON3","Not_core","Potential_coding_gene",0,0,1,0,278,0.278,87,312.94964028777,0.233893703918908,1337.99942043874,7.19967791285967,"AW"
"AW_366497","Gonad","AW_366497_hap2_h2tg000351l_212150-212426:-","EXON3","Not_core","Potential_pseudogene",2,1,NA,NA,277,0.277,65,234.657039711191,0.233893703918908,1003.26360128338,6.91200981687023,"AW"
"AW_366497","Gonad","AW_366497_hap2_h2tg000351l_435628-435887:._AW_366497_hap2_h2tg000351l_436142-436418:.","EXON2","Not_core","Potential_pseudogene",0,0,NA,NA,260,0.26,0,0,0.233893703918908,0,0,"AW"
"AW_366497","Gonad","AW_366497_hap2_h2tg000351l_435628-435887:._AW_366497_hap2_h2tg000351l_436142-436418:.","EXON3","Not_core","Potential_pseudogene",2,1,NA,NA,277,0.277,0,0,0.233893703918908,0,0,"AW"
"AW_366497","Gonad","AW_366497_hap2_h2tg000351l_61693-61969:-","EXON3","Not_core","Potential_pseudogene",2,1,NA,NA,277,0.277,111,400.72202166065,0.233893703918908,1713.2655344993,7.44674000810347,"AW"
"AW_366497","Gonad","AW_366497_hap2_h2tg000553l_105849-106126:-_AW_366497_hap2_h2tg000553l_107565-107831:-","EXON2","Core","Potential_coding_gene",0,0,0,0,267,0.267,1805,6760.29962546816,0.233893703918908,28903.2988584079,10.2717456124643,"AW"
"AW_366497","Gonad","AW_366497_hap2_h2tg000553l_105849-106126:-_AW_366497_hap2_h2tg000553l_107565-107831:-","EXON3","Core","Potential_coding_gene",0,0,0,0,278,0.278,1805,6492.80575539568,0.233893703918908,27759.6431481831,10.2313745825146,"AW"
"AW_366497","Gonad","AW_366497_hap2_h2tg000553l_131816-132091:-_AW_366497_hap2_h2tg000553l_133369-133635:-","EXON2","Core","Potential_coding_gene",0,0,0,0,267,0.267,2283,8550.56179775281,0.233893703918908,36557.4688608006,10.5066681445161,"AW"
"AW_366497","Gonad","AW_366497_hap2_h2tg000553l_131816-132091:-_AW_366497_hap2_h2tg000553l_133369-133635:-","EXON3","Core","Potential_coding_gene",0,0,0,0,276,0.276,2283,8271.73913043478,0.233893703918908,35365.377484905,10.4735168592249,"AW"
"AW_366497","Gonad","AW_366497_hap2_h2tg000553l_18392-18658:._AW_366497_hap2_h2tg000553l_19988-20263:.","EXON2","Core","Potential_coding_gene",0,0,0,0,267,0.267,5583,20910.1123595506,0.233893703918908,89400.0651116294,11.400887875091,"AW"
"AW_366497","Gonad","AW_366497_hap2_h2tg000553l_18392-18658:._AW_366497_hap2_h2tg000553l_19988-20263:.","EXON3","Core","Potential_coding_gene",0,0,0,0,276,0.276,5583,20228.2608695652,0.233893703918908,86484.8455971198,11.367736044815,"AW"
"AW_366497","Gonad","AW_366497_hap2_h2tg000553l_53040-53317:-_AW_366497_hap2_h2tg000553l_54290-54556:-","EXON2","Core","Potential_coding_gene",0,0,0,0,267,0.267,2453,9187.265917603,0.233893703918908,39279.6632131161,10.5784876465702,"AW"
"AW_366497","Gonad","AW_366497_hap2_h2tg000553l_53040-53317:-_AW_366497_hap2_h2tg000553l_54290-54556:-","EXON3","Core","Potential_coding_gene",0,0,0,0,278,0.278,2453,8823.74100719424,0.233893703918908,37725.4319348992,10.5381162401032,"AW"
"AW_366497","Gonad","AW_366497_hap2_h2tg000553l_82302-82577:-_AW_366497_hap2_h2tg000553l_83747-84013:-","EXON2","Core","Potential_coding_gene",0,0,0,0,267,0.267,5376,20134.8314606742,0.233893703918908,86085.3931649865,11.3631066426771,"AW"
"AW_366497","Gonad","AW_366497_hap2_h2tg000553l_82302-82577:-_AW_366497_hap2_h2tg000553l_83747-84013:-","EXON3","Core","Potential_coding_gene",0,0,0,0,276,0.276,5376,19478.2608695652,0.233893703918908,83278.2607791717,11.3299548269187,"AW"
"AW_366497","Heart","AW_366497_hap1_h1tg000225l_2402929-2403205:-_AW_366497_hap1_h1tg000225l_2403460-2403719:-","EXON2","Not_core","Potential_pseudogene",0,0,NA,NA,260,0.26,24,92.3076923076923,0.0407892252337173,2263.04107956894,7.72490658384439,"AW"
"AW_366497","Heart","AW_366497_hap1_h1tg000225l_2402929-2403205:-_AW_366497_hap1_h1tg000225l_2403460-2403719:-","EXON3","Not_core","Potential_pseudogene",2,1,NA,NA,277,0.277,24,86.6425992779783,0.0407892252337173,2124.15408190586,7.66159958786203,"AW"
"AW_366497","Heart","AW_366497_hap1_h1tg000225l_2598114-2598390:.","EXON3","Not_core","Potential_pseudogene",2,1,NA,NA,277,0.277,21,75.812274368231,0.0407892252337173,1858.63482166763,7.52813541499475,"AW"
"AW_366497","Heart","AW_366497_hap1_h1tg000225l_2636931-2637197:._AW_366497_hap1_h1tg000225l_2638341-2638618:.","EXON2","Not_core","Potential_coding_gene",0,0,0,0,267,0.267,26,97.378277153558,0.0407892252337173,2387.35294910831,7.77835926472511,"AW"
"AW_366497","Heart","AW_366497_hap1_h1tg000225l_2636931-2637197:._AW_366497_hap1_h1tg000225l_2638341-2638618:.","EXON3","Not_core","Potential_coding_gene",0,0,0,0,278,0.278,26,93.5251798561151,0.0407892252337173,2292.88934320834,7.73800405904038,"AW"
"AW_366497","Heart","AW_366497_hap1_h1tg000225l_2644904-2645144:.","EXON2","Not_core","Potential_coding_gene",0,0,NA,NA,241,0.241,13,53.9419087136929,0.0407892252337173,1322.45484940232,7.18800090654223,"AW"
"AW_366497","Heart","AW_366497_hap1_h1tg000225l_2749147-2749423:.","EXON3","Not_core","Potential_pseudogene",2,1,NA,NA,277,0.277,4,14.4404332129964,0.0407892252337173,354.025680317644,5.87219012578202,"AW"
"AW_366497","Heart","AW_366497_hap1_h1tg001027l_120863-121129:._AW_366497_hap1_h1tg001027l_122102-122379:.","EXON2","Core","Potential_coding_gene",0,0,0,0,267,0.267,226,846.441947565543,0.0407892252337173,20751.6064037876,9.94042712759168,"AW"
"AW_366497","Heart","AW_366497_hap1_h1tg001027l_120863-121129:._AW_366497_hap1_h1tg001027l_122102-122379:.","EXON3","Core","Potential_coding_gene",0,0,0,0,278,0.278,226,812.94964028777,0.0407892252337173,19930.4996755802,9.90005665751993,"AW"
"AW_366497","Heart","AW_366497_hap1_h1tg001027l_141679-141956:-_AW_366497_hap1_h1tg001027l_143062-143328:-","EXON2","Core","Potential_coding_gene",0,0,0,0,267,0.267,190,711.610486891386,0.0407892252337173,17446.0407819453,9.76692533055326,"AW"
"AW_366497","Heart","AW_366497_hap1_h1tg001027l_141679-141956:-_AW_366497_hap1_h1tg001027l_143062-143328:-","EXON3","Core","Potential_coding_gene",0,0,0,0,278,0.278,190,683.453237410072,0.0407892252337173,16755.7298157532,9.72655523660619,"AW"
"AW_366497","Heart","AW_366497_hap1_h1tg001027l_161639-161916:-_AW_366497_hap1_h1tg001027l_162766-163032:-","EXON2","Core","Potential_coding_gene",0,0,0,0,267,0.267,243,910.112359550562,0.0407892252337173,22312.5679474353,10.012950200567,"AW"
"AW_366497","Heart","AW_366497_hap1_h1tg001027l_161639-161916:-_AW_366497_hap1_h1tg001027l_162766-163032:-","EXON3","Core","Potential_coding_gene",0,0,0,0,278,0.278,243,874.10071942446,0.0407892252337173,21429.6965538318,9.97257959161796,"AW"
"AW_366497","Heart","AW_366497_hap1_h1tg001027l_197811-198088:-_AW_366497_hap1_h1tg001027l_199076-199342:-","EXON2","Core","Potential_coding_gene",0,0,0,0,267,0.267,194,726.591760299625,0.0407892252337173,17813.3258510389,9.78775823567581,"AW"
"AW_366497","Heart","AW_366497_hap1_h1tg001027l_197811-198088:-_AW_366497_hap1_h1tg001027l_199076-199342:-","EXON3","Core","Potential_coding_gene",0,0,0,0,278,0.278,194,697.841726618705,0.0407892252337173,17108.4820224007,9.74738809304404,"AW"
"AW_366497","Heart","AW_366497_hap1_h1tg001027l_231083-231360:-_AW_366497_hap1_h1tg001027l_232358-232624:-","EXON2","Core","Potential_coding_gene",0,0,0,0,267,0.267,189,707.865168539326,0.0407892252337173,17354.2195146719,9.76164857671327,"AW"
"AW_366497","Heart","AW_366497_hap1_h1tg001027l_231083-231360:-_AW_366497_hap1_h1tg001027l_232358-232624:-","EXON3","Core","Potential_coding_gene",0,0,0,0,278,0.278,189,679.856115107914,0.0407892252337173,16667.5417640914,9.72127849525935,"AW"
"AW_366497","Heart","AW_366497_hap1_h1tg001027l_242798-243075:-_AW_366497_hap1_h1tg001027l_244247-244513:-","EXON2","Core","Potential_coding_gene",0,0,0,0,267,0.267,327,1224.7191011236,0.0407892252337173,30025.5543984006,10.3098374157464,"AW"
"AW_366497","Heart","AW_366497_hap1_h1tg001027l_242798-243075:-_AW_366497_hap1_h1tg001027l_244247-244513:-","EXON3","Core","Potential_coding_gene",0,0,0,0,278,0.278,327,1176.25899280576,0.0407892252337173,28837.4928934279,10.269466332524,"AW"
"AW_366497","Heart","AW_366497_hap1_h1tg001027l_78317-78583:._AW_366497_hap1_h1tg001027l_79769-80046:.","EXON2","Core","Potential_coding_gene",0,0,0,0,267,0.267,303,1134.83146067416,0.0407892252337173,27821.8439838391,10.2336126882841,"AW"
"AW_366497","Heart","AW_366497_hap1_h1tg001027l_78317-78583:._AW_366497_hap1_h1tg001027l_79769-80046:.","EXON3","Core","Potential_coding_gene",0,0,0,0,278,0.278,303,1089.92805755396,0.0407892252337173,26720.9796535433,10.1932417137364,"AW"
"AW_366497","Heart","AW_366497_hap1_h1tg001027l_97520-97786:._AW_366497_hap1_h1tg001027l_99052-99327:.","EXON2","Core","Potential_coding_gene",0,0,0,0,267,0.267,552,2067.41573033708,0.0407892252337173,50685.3395349148,10.8334117160934,"AW"
"AW_366497","Heart","AW_366497_hap1_h1tg001027l_97520-97786:._AW_366497_hap1_h1tg001027l_99052-99327:.","EXON3","Core","Potential_coding_gene",0,0,0,0,276,0.276,552,2000,0.0407892252337173,49032.5567239937,10.8002601738049,"AW"
"AW_366497","Heart","AW_366497_hap2_h2tg000351l_166675-166915:-","EXON2","Not_core","Potential_coding_gene",0,0,NA,NA,241,0.241,22,91.2863070539419,0.0407892252337173,2238.00051437316,7.71378484633216,"AW"
"AW_366497","Heart","AW_366497_hap2_h2tg000351l_172842-173119:-_AW_366497_hap2_h2tg000351l_174263-174529:-","EXON2","Not_core","Potential_coding_gene",0,0,1,0,267,0.267,44,164.794007490637,0.0407892252337173,4040.13576002944,8.30428106016608,"AW"
"AW_366497","Heart","AW_366497_hap2_h2tg000351l_172842-173119:-_AW_366497_hap2_h2tg000351l_174263-174529:-","EXON3","Not_core","Potential_coding_gene",0,0,1,0,278,0.278,44,158.273381294964,0.0407892252337173,3880.2742731218,8.26391879960666,"AW"
"AW_366497","Heart","AW_366497_hap2_h2tg000351l_212150-212426:-","EXON3","Not_core","Potential_pseudogene",2,1,NA,NA,277,0.277,27,97.4729241877256,0.0407892252337173,2389.6733421441,7.77933033836092,"AW"
"AW_366497","Heart","AW_366497_hap2_h2tg000351l_435628-435887:._AW_366497_hap2_h2tg000351l_436142-436418:.","EXON2","Not_core","Potential_pseudogene",0,0,NA,NA,260,0.26,0,0,0.0407892252337173,0,0,"AW"
"AW_366497","Heart","AW_366497_hap2_h2tg000351l_435628-435887:._AW_366497_hap2_h2tg000351l_436142-436418:.","EXON3","Not_core","Potential_pseudogene",2,1,NA,NA,277,0.277,0,0,0.0407892252337173,0,0,"AW"
"AW_366497","Heart","AW_366497_hap2_h2tg000351l_61693-61969:-","EXON3","Not_core","Potential_pseudogene",2,1,NA,NA,277,0.277,6,21.6606498194946,0.0407892252337173,531.038520476466,6.27671589363104,"AW"
"AW_366497","Heart","AW_366497_hap2_h2tg000553l_105849-106126:-_AW_366497_hap2_h2tg000553l_107565-107831:-","EXON2","Core","Potential_coding_gene",0,0,0,0,267,0.267,514,1925.0936329588,0.0407892252337173,47196.1313785258,10.762088393848,"AW"
"AW_366497","Heart","AW_366497_hap2_h2tg000553l_105849-106126:-_AW_366497_hap2_h2tg000553l_107565-107831:-","EXON3","Core","Potential_coding_gene",0,0,0,0,278,0.278,514,1848.92086330935,0.0407892252337173,45328.6585541956,10.7217168114599,"AW"
"AW_366497","Heart","AW_366497_hap2_h2tg000553l_131816-132091:-_AW_366497_hap2_h2tg000553l_133369-133635:-","EXON2","Core","Potential_coding_gene",0,0,0,0,267,0.267,597,2235.95505617978,0.0407892252337173,54817.2965622176,10.9117792960835,"AW"
"AW_366497","Heart","AW_366497_hap2_h2tg000553l_131816-132091:-_AW_366497_hap2_h2tg000553l_133369-133635:-","EXON3","Core","Potential_coding_gene",0,0,0,0,276,0.276,597,2163.04347826087,0.0407892252337173,53029.7760221453,10.8786277036682,"AW"
"AW_366497","Heart","AW_366497_hap2_h2tg000553l_18392-18658:._AW_366497_hap2_h2tg000553l_19988-20263:.","EXON2","Core","Potential_coding_gene",0,0,0,0,267,0.267,644,2411.98501872659,0.0407892252337173,59132.8961240673,10.9875595774622,"AW"
"AW_366497","Heart","AW_366497_hap2_h2tg000553l_18392-18658:._AW_366497_hap2_h2tg000553l_19988-20263:.","EXON3","Core","Potential_coding_gene",0,0,0,0,276,0.276,644,2333.33333333333,0.0407892252337173,57204.649511326,10.9544079401712,"AW"
"AW_366497","Heart","AW_366497_hap2_h2tg000553l_53040-53317:-_AW_366497_hap2_h2tg000553l_54290-54556:-","EXON2","Core","Potential_coding_gene",0,0,0,0,267,0.267,513,1921.34831460674,0.0407892252337173,47104.3101112524,10.7601410148652,"AW"
"AW_366497","Heart","AW_366497_hap2_h2tg000553l_53040-53317:-_AW_366497_hap2_h2tg000553l_54290-54556:-","EXON3","Core","Potential_coding_gene",0,0,0,0,278,0.278,513,1845.32374100719,0.0407892252337173,45240.4705025337,10.7197694341787,"AW"
"AW_366497","Heart","AW_366497_hap2_h2tg000553l_82302-82577:-_AW_366497_hap2_h2tg000553l_83747-84013:-","EXON2","Core","Potential_coding_gene",0,0,0,0,267,0.267,911,3411.98501872659,0.0407892252337173,83649.1744860641,11.3343987923191,"AW"
"AW_366497","Heart","AW_366497_hap2_h2tg000553l_82302-82577:-_AW_366497_hap2_h2tg000553l_83747-84013:-","EXON3","Core","Potential_coding_gene",0,0,0,0,276,0.276,911,3300.72463768116,0.0407892252337173,80921.4840136925,11.3012469879644,"AW"
"AW_366497","Liver","AW_366497_hap1_h1tg000225l_2402929-2403205:-_AW_366497_hap1_h1tg000225l_2403460-2403719:-","EXON2","Not_core","Potential_pseudogene",0,0,NA,NA,260,0.26,12,46.1538461538462,0.0875876277223303,526.944813486247,6.26899175833126,"AW"
"AW_366497","Liver","AW_366497_hap1_h1tg000225l_2402929-2403205:-_AW_366497_hap1_h1tg000225l_2403460-2403719:-","EXON3","Not_core","Potential_pseudogene",2,1,NA,NA,277,0.277,12,43.3212996389892,0.0875876277223303,494.605240095394,6.20577972293435,"AW"
"AW_366497","Liver","AW_366497_hap1_h1tg000225l_2598114-2598390:.","EXON3","Not_core","Potential_pseudogene",2,1,NA,NA,277,0.277,16,57.7617328519856,0.0875876277223303,659.473653460525,6.49295723438637,"AW"
"AW_366497","Liver","AW_366497_hap1_h1tg000225l_2636931-2637197:._AW_366497_hap1_h1tg000225l_2638341-2638618:.","EXON2","Not_core","Potential_coding_gene",0,0,0,0,267,0.267,10,37.4531835205992,0.0875876277223303,427.608150769114,6.06054310005211,"AW"
"AW_366497","Liver","AW_366497_hap1_h1tg000225l_2636931-2637197:._AW_366497_hap1_h1tg000225l_2638341-2638618:.","EXON3","Not_core","Potential_coding_gene",0,0,0,0,278,0.278,10,35.9712230215827,0.0875876277223303,410.688403796235,6.02026676174384,"AW"
"AW_366497","Liver","AW_366497_hap1_h1tg000225l_2644904-2645144:.","EXON2","Not_core","Potential_coding_gene",0,0,NA,NA,241,0.241,5,20.746887966805,0.0875876277223303,236.870075218576,5.47172462216953,"AW"
"AW_366497","Liver","AW_366497_hap1_h1tg000225l_2749147-2749423:.","EXON3","Not_core","Potential_pseudogene",2,1,NA,NA,277,0.277,21,75.812274368231,0.0875876277223303,865.559170166939,6.7645303932258,"AW"
"AW_366497","Liver","AW_366497_hap1_h1tg001027l_120863-121129:._AW_366497_hap1_h1tg001027l_122102-122379:.","EXON2","Core","Potential_coding_gene",0,0,0,0,267,0.267,369,1382.02247191011,0.0875876277223303,15778.7407633803,9.66648216608877,"AW"
"AW_366497","Liver","AW_366497_hap1_h1tg001027l_120863-121129:._AW_366497_hap1_h1tg001027l_122102-122379:.","EXON3","Core","Potential_coding_gene",0,0,0,0,278,0.278,369,1327.3381294964,0.0875876277223303,15154.4021000811,9.6261123216428,"AW"
"AW_366497","Liver","AW_366497_hap1_h1tg001027l_141679-141956:-_AW_366497_hap1_h1tg001027l_143062-143328:-","EXON2","Core","Potential_coding_gene",0,0,0,0,267,0.267,315,1179.77528089888,0.0875876277223303,13469.6567492271,9.50826902465439,"AW"
"AW_366497","Liver","AW_366497_hap1_h1tg001027l_141679-141956:-_AW_366497_hap1_h1tg001027l_143062-143328:-","EXON3","Core","Potential_coding_gene",0,0,0,0,278,0.278,315,1133.09352517986,0.0875876277223303,12936.6847195814,9.46789962774784,"AW"
"AW_366497","Liver","AW_366497_hap1_h1tg001027l_161639-161916:-_AW_366497_hap1_h1tg001027l_162766-163032:-","EXON2","Core","Potential_coding_gene",0,0,0,0,267,0.267,289,1082.39700374532,0.0875876277223303,12357.8755572274,9.42212975253891,"AW"
"AW_366497","Liver","AW_366497_hap1_h1tg001027l_161639-161916:-_AW_366497_hap1_h1tg001027l_162766-163032:-","EXON3","Core","Potential_coding_gene",0,0,0,0,278,0.278,289,1039.56834532374,0.0875876277223303,11868.8948697112,9.38176063075836,"AW"
"AW_366497","Liver","AW_366497_hap1_h1tg001027l_197811-198088:-_AW_366497_hap1_h1tg001027l_199076-199342:-","EXON2","Core","Potential_coding_gene",0,0,0,0,267,0.267,240,898.876404494382,0.0875876277223303,10262.5956184587,9.23635850747363,"AW"
"AW_366497","Liver","AW_366497_hap1_h1tg001027l_197811-198088:-_AW_366497_hap1_h1tg001027l_199076-199342:-","EXON3","Core","Potential_coding_gene",0,0,0,0,278,0.278,240,863.309352517986,0.0875876277223303,9856.52169110965,9.19599006621699,"AW"
"AW_366497","Liver","AW_366497_hap1_h1tg001027l_231083-231360:-_AW_366497_hap1_h1tg001027l_232358-232624:-","EXON2","Core","Potential_coding_gene",0,0,0,0,267,0.267,180,674.157303370787,0.0875876277223303,7696.94671384405,8.9487089117418,"AW"
"AW_366497","Liver","AW_366497_hap1_h1tg001027l_231083-231360:-_AW_366497_hap1_h1tg001027l_232358-232624:-","EXON3","Core","Potential_coding_gene",0,0,0,0,278,0.278,180,647.482014388489,0.0875876277223303,7392.39126833223,8.90834180831901,"AW"
"AW_366497","Liver","AW_366497_hap1_h1tg001027l_242798-243075:-_AW_366497_hap1_h1tg001027l_244247-244513:-","EXON2","Core","Potential_coding_gene",0,0,0,0,267,0.267,842,3153.55805243446,0.0875876277223303,36004.6062947594,10.4914299357235,"AW"
"AW_366497","Liver","AW_366497_hap1_h1tg001027l_242798-243075:-_AW_366497_hap1_h1tg001027l_244247-244513:-","EXON3","Core","Potential_coding_gene",0,0,0,0,278,0.278,842,3028.77697841727,0.0875876277223303,34579.963599643,10.4510586246571,"AW"
"AW_366497","Liver","AW_366497_hap1_h1tg001027l_78317-78583:._AW_366497_hap1_h1tg001027l_79769-80046:.","EXON2","Core","Potential_coding_gene",0,0,0,0,267,0.267,1089,4078.65168539326,0.0875876277223303,46566.5276187565,10.7486587449978,"AW"
"AW_366497","Liver","AW_366497_hap1_h1tg001027l_78317-78583:._AW_366497_hap1_h1tg001027l_79769-80046:.","EXON3","Core","Potential_coding_gene",0,0,0,0,278,0.278,1089,3917.26618705036,0.0875876277223303,44723.96717341,10.7082871744115,"AW"
"AW_366497","Liver","AW_366497_hap1_h1tg001027l_97520-97786:._AW_366497_hap1_h1tg001027l_99052-99327:.","EXON2","Core","Potential_coding_gene",0,0,0,0,267,0.267,1408,5273.40823970037,0.0875876277223303,60207.2276282912,11.0055642935245,"AW"
"AW_366497","Liver","AW_366497_hap1_h1tg001027l_97520-97786:._AW_366497_hap1_h1tg001027l_99052-99327:.","EXON3","Core","Potential_coding_gene",0,0,0,0,276,0.276,1408,5101.44927536232,0.0875876277223303,58243.9484664991,10.9724126460622,"AW"
"AW_366497","Liver","AW_366497_hap2_h2tg000351l_166675-166915:-","EXON2","Not_core","Potential_coding_gene",0,0,NA,NA,241,0.241,21,87.1369294605809,0.0875876277223303,994.854315918017,6.9036009777276,"AW"
"AW_366497","Liver","AW_366497_hap2_h2tg000351l_172842-173119:-_AW_366497_hap2_h2tg000351l_174263-174529:-","EXON2","Not_core","Potential_coding_gene",0,0,1,0,267,0.267,42,157.303370786517,0.0875876277223303,1795.95423323028,7.49384841802867,"AW"
"AW_366497","Liver","AW_366497_hap2_h2tg000351l_172842-173119:-_AW_366497_hap2_h2tg000351l_174263-174529:-","EXON3","Not_core","Potential_coding_gene",0,0,1,0,278,0.278,42,151.079136690647,0.0875876277223303,1724.89129594419,7.45349888932642,"AW"
"AW_366497","Liver","AW_366497_hap2_h2tg000351l_212150-212426:-","EXON3","Not_core","Potential_pseudogene",2,1,NA,NA,277,0.277,17,61.3718411552347,0.0875876277223303,700.690756801808,6.55349278959318,"AW"
"AW_366497","Liver","AW_366497_hap2_h2tg000351l_435628-435887:._AW_366497_hap2_h2tg000351l_436142-436418:.","EXON2","Not_core","Potential_pseudogene",0,0,NA,NA,260,0.26,2,7.69230769230769,0.0875876277223303,87.8241355810411,4.48665841015178,"AW"
"AW_366497","Liver","AW_366497_hap2_h2tg000351l_435628-435887:._AW_366497_hap2_h2tg000351l_436142-436418:.","EXON3","Not_core","Potential_pseudogene",2,1,NA,NA,277,0.277,2,7.22021660649819,0.0875876277223303,82.4342066825656,4.42405837734447,"AW"
"AW_366497","Liver","AW_366497_hap2_h2tg000351l_61693-61969:-","EXON3","Not_core","Potential_pseudogene",2,1,NA,NA,277,0.277,28,101.083032490975,0.0875876277223303,1154.07889355592,7.05192392673216,"AW"
"AW_366497","Liver","AW_366497_hap2_h2tg000553l_105849-106126:-_AW_366497_hap2_h2tg000553l_107565-107831:-","EXON2","Core","Potential_coding_gene",0,0,0,0,267,0.267,655,2453.18352059925,0.0875876277223303,28008.333875377,10.2402930862997,"AW"
"AW_366497","Liver","AW_366497_hap2_h2tg000553l_105849-106126:-_AW_366497_hap2_h2tg000553l_107565-107831:-","EXON3","Core","Potential_coding_gene",0,0,0,0,278,0.278,655,2356.11510791367,0.0875876277223303,26900.0904486534,10.199922101893,"AW"
"AW_366497","Liver","AW_366497_hap2_h2tg000553l_131816-132091:-_AW_366497_hap2_h2tg000553l_133369-133635:-","EXON2","Core","Potential_coding_gene",0,0,0,0,267,0.267,902,3378.27715355805,0.0875876277223303,38570.2551993741,10.5602625940841,"AW"
"AW_366497","Liver","AW_366497_hap2_h2tg000553l_131816-132091:-_AW_366497_hap2_h2tg000553l_133369-133635:-","EXON3","Core","Potential_coding_gene",0,0,0,0,276,0.276,902,3268.11594202899,0.0875876277223303,37312.529486351,10.5271112606783,"AW"
"AW_366497","Liver","AW_366497_hap2_h2tg000553l_18392-18658:._AW_366497_hap2_h2tg000553l_19988-20263:.","EXON2","Core","Potential_coding_gene",0,0,0,0,267,0.267,2648,9917.60299625468,0.0875876277223303,113230.638323661,11.6371908961927,"AW"
"AW_366497","Liver","AW_366497_hap2_h2tg000553l_18392-18658:._AW_366497_hap2_h2tg000553l_19988-20263:.","EXON3","Core","Potential_coding_gene",0,0,0,0,276,0.276,2648,9594.20289855072,0.0875876277223303,109538.334900064,11.6040389865653,"AW"
"AW_366497","Liver","AW_366497_hap2_h2tg000553l_53040-53317:-_AW_366497_hap2_h2tg000553l_54290-54556:-","EXON2","Core","Potential_coding_gene",0,0,0,0,267,0.267,1122,4202.24719101124,0.0875876277223303,47977.6345162946,10.7785110765534,"AW"
"AW_366497","Liver","AW_366497_hap2_h2tg000553l_53040-53317:-_AW_366497_hap2_h2tg000553l_54290-54556:-","EXON3","Core","Potential_coding_gene",0,0,0,0,278,0.278,1122,4035.97122302158,0.0875876277223303,46079.2389059376,10.738139479947,"AW"
"AW_366497","Liver","AW_366497_hap2_h2tg000553l_82302-82577:-_AW_366497_hap2_h2tg000553l_83747-84013:-","EXON2","Core","Potential_coding_gene",0,0,0,0,267,0.267,1725,6460.67415730337,0.0875876277223303,73762.4060076722,11.208618034058,"AW"
"AW_366497","Liver","AW_366497_hap2_h2tg000553l_82302-82577:-_AW_366497_hap2_h2tg000553l_83747-84013:-","EXON3","Core","Potential_coding_gene",0,0,0,0,276,0.276,1725,6250,0.0875876277223303,71357.1101595959,11.1754662837137,"AW"
"AW_366498","Brain","AW_366498_hap1_h1tg000173l_2464298-2464574:-_AW_366498_hap1_h1tg000173l_2464829-2465088:-","EXON2","Not_core","Potential_pseudogene",0,0,NA,NA,260,0.26,28,107.692307692308,0.0166506262123219,6467.76321317048,8.77474021206142,"AW"
"AW_366498","Brain","AW_366498_hap1_h1tg000173l_2464298-2464574:-_AW_366498_hap1_h1tg000173l_2464829-2465088:-","EXON3","Not_core","Potential_pseudogene",2,1,NA,NA,277,0.277,28,101.083032490975,0.0166506262123219,6070.82467662211,8.71141444458451,"AW"
"AW_366498","Brain","AW_366498_hap1_h1tg000173l_2688080-2688356:.","EXON3","Not_core","Potential_pseudogene",2,1,NA,NA,277,0.277,46,166.064981949458,0.0166506262123219,9973.49768302204,9.2077868828983,"AW"
"AW_366498","Brain","AW_366498_hap1_h1tg000173l_2726938-2727204:._AW_366498_hap1_h1tg000173l_2728347-2728624:.","EXON2","Not_core","Potential_coding_gene",0,0,0,0,267,0.267,36,134.831460674157,0.0166506262123219,8097.68106945903,8.99945649647115,"AW"
"AW_366498","Brain","AW_366498_hap1_h1tg000173l_2726938-2727204:._AW_366498_hap1_h1tg000173l_2728347-2728624:.","EXON3","Not_core","Potential_coding_gene",0,0,0,0,278,0.278,36,129.496402877698,0.0166506262123219,7777.26922858116,8.95908912823096,"AW"
"AW_366498","Brain","AW_366498_hap1_h1tg000173l_2734910-2735150:.","EXON2","Not_core","Potential_coding_gene",0,0,NA,NA,241,0.241,11,45.643153526971,0.0166506262123219,2741.22744363776,7.91652580476313,"AW"
"AW_366498","Brain","AW_366498_hap1_h1tg000173l_2849462-2849738:.","EXON3","Not_core","Potential_pseudogene",2,1,NA,NA,277,0.277,32,115.523465703971,0.0166506262123219,6938.08534471099,8.84492525010493,"AW"
"AW_366498","Brain","AW_366498_hap1_h1tg000701l_109717-109983:._AW_366498_hap1_h1tg000701l_111155-111432:.","EXON2","Core","Potential_coding_gene",0,0,0,0,267,0.267,112,419.475655430712,0.0166506262123219,25192.7855494281,10.134352637906,"AW"
"AW_366498","Brain","AW_366498_hap1_h1tg000701l_109717-109983:._AW_366498_hap1_h1tg000701l_111155-111432:.","EXON3","Core","Potential_coding_gene",0,0,0,0,278,0.278,112,402.877697841727,0.0166506262123219,24195.9487111414,10.0939818178788,"AW"
"AW_366498","Brain","AW_366498_hap1_h1tg000701l_141686-141952:._AW_366498_hap1_h1tg000701l_142776-143053:.","EXON2","Core","Potential_coding_gene",0,0,0,0,267,0.267,78,292.134831460674,0.0166506262123219,17544.9756504946,9.77257989493486,"AW"
"AW_366498","Brain","AW_366498_hap1_h1tg000701l_141686-141952:._AW_366498_hap1_h1tg000701l_142776-143053:.","EXON3","Core","Potential_coding_gene",0,0,0,0,278,0.278,78,280.575539568345,0.0166506262123219,16850.7499952592,9.73220978767312,"AW"
"AW_366498","Brain","AW_366498_hap1_h1tg000701l_149331-149597:._AW_366498_hap1_h1tg000701l_150733-151010:.","EXON2","Core","Potential_coding_gene",0,0,0,0,267,0.267,62,232.209737827715,0.0166506262123219,13946.0062862906,9.54302016108567,"AW"
"AW_366498","Brain","AW_366498_hap1_h1tg000701l_149331-149597:._AW_366498_hap1_h1tg000701l_150733-151010:.","EXON3","Core","Potential_coding_gene",0,0,0,0,278,0.278,62,223.021582733813,0.0166506262123219,13394.1858936675,9.50265065972247,"AW"
"AW_366498","Brain","AW_366498_hap1_h1tg000701l_190734-191011:-_AW_366498_hap1_h1tg000701l_192475-192741:-","EXON2","Core","Potential_coding_gene",0,0,0,0,267,0.267,67,250.936329588015,0.0166506262123219,15070.6842126043,9.62057304467284,"AW"
"AW_366498","Brain","AW_366498_hap1_h1tg000701l_190734-191011:-_AW_366498_hap1_h1tg000701l_192475-192741:-","EXON3","Core","Potential_coding_gene",0,0,0,0,278,0.278,67,241.007194244604,0.0166506262123219,14474.3621754149,9.58020332288224,"AW"
"AW_366498","Brain","AW_366498_hap1_h1tg000701l_209597-209874:-_AW_366498_hap1_h1tg000701l_211242-211508:-","EXON2","Core","Potential_coding_gene",0,0,0,0,267,0.267,73,273.408239700375,0.0166506262123219,16420.2977241808,9.70633441302481,"AW"
"AW_366498","Brain","AW_366498_hap1_h1tg000701l_209597-209874:-_AW_366498_hap1_h1tg000701l_211242-211508:-","EXON3","Core","Potential_coding_gene",0,0,0,0,278,0.278,73,262.589928057554,0.0166506262123219,15770.5737135118,9.66596446657695,"AW"
"AW_366498","Brain","AW_366498_hap1_h1tg000701l_224672-224949:-_AW_366498_hap1_h1tg000701l_226061-226327:-","EXON2","Core","Potential_coding_gene",0,0,0,0,267,0.267,92,344.569288389513,0.0166506262123219,20694.0738441731,9.93765097238971,"AW"
"AW_366498","Brain","AW_366498_hap1_h1tg000701l_224672-224949:-_AW_366498_hap1_h1tg000701l_226061-226327:-","EXON3","Core","Potential_coding_gene",0,0,0,0,278,0.278,92,330.935251798561,0.0166506262123219,19875.2435841518,9.89728050783689,"AW"
"AW_366498","Brain","AW_366498_hap1_h1tg000701l_266795-267072:-_AW_366498_hap1_h1tg000701l_268547-268813:-","EXON2","Core","Potential_coding_gene",0,0,0,0,267,0.267,121,453.183520599251,0.0166506262123219,27217.2058167929,10.2116413598814,"AW"
"AW_366498","Brain","AW_366498_hap1_h1tg000701l_266795-267072:-_AW_366498_hap1_h1tg000701l_268547-268813:-","EXON3","Core","Potential_coding_gene",0,0,0,0,278,0.278,121,435.251798561151,0.0166506262123219,26140.2660182867,10.1712704182275,"AW"
"AW_366498","Brain","AW_366498_hap1_h1tg000701l_291817-292094:-_AW_366498_hap1_h1tg000701l_293435-293701:-","EXON2","Core","Potential_coding_gene",0,0,NA,NA,267,0.267,66,247.191011235955,0.0166506262123219,14845.7486273416,9.60553617260454,"AW"
"AW_366498","Brain","AW_366498_hap1_h1tg000701l_291817-292094:-_AW_366498_hap1_h1tg000701l_293435-293701:-","EXON3","Core","Potential_coding_gene",0,0,NA,NA,278,0.278,66,237.410071942446,0.0166506262123219,14258.3269190655,9.56516649222776,"AW"
"AW_366498","Brain","AW_366498_hap1_h1tg000701l_311169-311446:-_AW_366498_hap1_h1tg000701l_313069-313335:-","EXON2","Core","Potential_coding_gene",0,0,0,0,267,0.267,81,303.370786516854,0.0166506262123219,18219.7824062828,9.81031811205897,"AW"
"AW_366498","Brain","AW_366498_hap1_h1tg000701l_311169-311446:-_AW_366498_hap1_h1tg000701l_313069-313335:-","EXON3","Core","Potential_coding_gene",0,0,0,0,278,0.278,81,291.36690647482,0.0166506262123219,17498.8557643076,9.76994791783807,"AW"
"AW_366498","Brain","AW_366498_hap1_h1tg000701l_55047-55313:._AW_366498_hap1_h1tg000701l_56428-56705:.","EXON2","Core","Potential_coding_gene",0,0,NA,NA,267,0.267,113,423.220973782772,0.0166506262123219,25417.7211346909,10.1432412340637,"AW"
"AW_366498","Brain","AW_366498_hap1_h1tg000701l_55047-55313:._AW_366498_hap1_h1tg000701l_56428-56705:.","EXON3","Core","Potential_coding_gene",0,0,0,0,278,0.278,113,406.474820143885,0.0166506262123219,24411.9839674909,10.1028703995656,"AW"
"AW_366498","Brain","AW_366498_hap1_h1tg000701l_94658-94900:._AW_366498_hap1_h1tg000701l_95960-96237:.","EXON2","Core","Potential_coding_gene",0,0,1,0,243,0.243,50,205.761316872428,0.0166506262123219,12357.5722767808,9.42210521275239,"AW"
"AW_366498","Brain","AW_366498_hap1_h1tg000701l_94658-94900:._AW_366498_hap1_h1tg000701l_95960-96237:.","EXON3","Core","Potential_coding_gene",0,0,1,0,278,0.278,50,179.856115107914,0.0166506262123219,10801.7628174738,9.28755719682963,"AW"
"AW_366498","Brain","AW_366498_hap2_h2tg000331l_172636-172912:-","EXON3","Not_core","Potential_pseudogene",2,1,NA,NA,277,0.277,37,133.574007220217,0.0166506262123219,8022.16117982208,8.99008778527168,"AW"
"AW_366498","Brain","AW_366498_hap2_h2tg000331l_277626-277866:-","EXON2","Not_core","Potential_coding_gene",0,0,NA,NA,241,0.241,30,124.48132780083,0.0166506262123219,7476.07484628479,8.91959693115241,"AW"
"AW_366498","Brain","AW_366498_hap2_h2tg000331l_284149-284426:-_AW_366498_hap2_h2tg000331l_285558-285824:-","EXON2","Not_core","Potential_coding_gene",0,0,1,0,267,0.267,72,269.662921348315,0.0166506262123219,16195.3621389181,9.69254193667721,"AW"
"AW_366498","Brain","AW_366498_hap2_h2tg000331l_284149-284426:-_AW_366498_hap2_h2tg000331l_285558-285824:-","EXON3","Not_core","Potential_coding_gene",0,0,1,0,278,0.278,72,258.992805755396,0.0166506262123219,15554.5384571623,9.6521720250722,"AW"
"AW_366498","Brain","AW_366498_hap2_h2tg000331l_323465-323741:-","EXON3","Not_core","Potential_pseudogene",2,1,NA,NA,277,0.277,52,187.725631768953,0.0166506262123219,11274.3886851554,9.3303776369612,"AW"
"AW_366498","Brain","AW_366498_hap2_h2tg000331l_551028-551287:.","EXON2","Not_core","Potential_coding_gene",0,0,NA,NA,260,0.26,0,0,0.0166506262123219,0,0,"AW"
"AW_366498","Brain","AW_366498_hap2_h2tg000493l_107511-107777:._AW_366498_hap2_h2tg000493l_109227-109504:.","EXON2","Core","Potential_coding_gene",0,0,0,0,267,0.267,123,460.674157303371,0.0166506262123219,27667.0769873184,10.2280345722567,"AW"
"AW_366498","Brain","AW_366498_hap2_h2tg000493l_107511-107777:._AW_366498_hap2_h2tg000493l_109227-109504:.","EXON3","Core","Potential_coding_gene",0,0,0,0,278,0.278,123,442.446043165468,0.0166506262123219,26572.3365309856,10.1876636059917,"AW"
"AW_366498","Brain","AW_366498_hap2_h2tg000493l_120876-121142:._AW_366498_hap2_h2tg000493l_123023-123300:.","EXON2","Core","Potential_coding_gene",0,0,0,0,267,0.267,170,636.704119850187,0.0166506262123219,38239.0494946676,10.5516386614811,"AW"
"AW_366498","Brain","AW_366498_hap2_h2tg000493l_120876-121142:._AW_366498_hap2_h2tg000493l_123023-123300:.","EXON3","Core","Potential_coding_gene",0,0,0,0,278,0.278,170,611.510791366906,0.0166506262123219,36725.993579411,10.5112672835554,"AW"
"AW_366498","Brain","AW_366498_hap2_h2tg000493l_160587-160853:._AW_366498_hap2_h2tg000493l_161750-162027:.","EXON2","Core","Potential_coding_gene",0,0,0,0,267,0.267,151,565.543071161049,0.0166506262123219,33965.2733746754,10.4331233517124,"AW"
"AW_366498","Brain","AW_366498_hap2_h2tg000493l_160587-160853:._AW_366498_hap2_h2tg000493l_161750-162027:.","EXON3","Core","Potential_coding_gene",0,0,0,0,278,0.278,151,543.165467625899,0.0166506262123219,32621.323708771,10.3927521093451,"AW"
"AW_366498","Brain","AW_366498_hap2_h2tg000493l_186854-187120:._AW_366498_hap2_h2tg000493l_188510-188787:.","EXON2","Core","Potential_coding_gene",0,0,0,0,267,0.267,112,419.475655430712,0.0166506262123219,25192.7855494281,10.134352637906,"AW"
"AW_366498","Brain","AW_366498_hap2_h2tg000493l_186854-187120:._AW_366498_hap2_h2tg000493l_188510-188787:.","EXON3","Core","Potential_coding_gene",0,0,0,0,278,0.278,112,402.877697841727,0.0166506262123219,24195.9487111414,10.0939818178788,"AW"
"AW_366498","Brain","AW_366498_hap2_h2tg000493l_206785-207051:._AW_366498_hap2_h2tg000493l_208968-209245:.","EXON2","Core","Potential_coding_gene",0,0,0,0,267,0.267,80,299.625468164794,0.0166506262123219,17994.8468210201,9.79789627808999,"AW"
"AW_366498","Brain","AW_366498_hap2_h2tg000493l_206785-207051:._AW_366498_hap2_h2tg000493l_208968-209245:.","EXON3","Core","Potential_coding_gene",0,0,0,0,278,0.278,80,287.769784172662,0.0166506262123219,17282.8205079581,9.75752611213086,"AW"
"AW_366498","Brain","AW_366498_hap2_h2tg000493l_235341-235607:._AW_366498_hap2_h2tg000493l_236981-237258:.","EXON2","Core","Potential_coding_gene",0,0,0,0,267,0.267,123,460.674157303371,0.0166506262123219,27667.0769873184,10.2280345722567,"AW"
"AW_366498","Brain","AW_366498_hap2_h2tg000493l_235341-235607:._AW_366498_hap2_h2tg000493l_236981-237258:.","EXON3","Core","Potential_coding_gene",0,0,0,0,278,0.278,123,442.446043165468,0.0166506262123219,26572.3365309856,10.1876636059917,"AW"
"AW_366498","Brain","AW_366498_hap2_h2tg000493l_269171-269448:-_AW_366498_hap2_h2tg000493l_270644-270887:-","EXON2","Core","Potential_coding_gene",0,0,1,0,244,0.244,31,127.049180327869,0.0166506262123219,7630.29442303192,8.940012759042,"AW"
"AW_366498","Brain","AW_366498_hap2_h2tg000493l_269171-269448:-_AW_366498_hap2_h2tg000493l_270644-270887:-","EXON3","Core","Potential_coding_gene",0,0,1,0,278,0.278,31,111.510791366906,0.0166506262123219,6697.09294683377,8.80957813006195,"AW"
"AW_366498","Brain","AW_366498_hap2_h2tg000493l_289046-289323:-_AW_366498_hap2_h2tg000493l_290583-290849:-","EXON2","Core","Potential_coding_gene",0,0,0,0,267,0.267,99,370.786516853933,0.0166506262123219,22268.6229410123,10.0109788288558,"AW"
"AW_366498","Brain","AW_366498_hap2_h2tg000493l_289046-289323:-_AW_366498_hap2_h2tg000493l_290583-290849:-","EXON3","Core","Potential_coding_gene",0,0,0,0,278,0.278,99,356.115107913669,0.0166506262123219,21387.4903785982,9.97060822355023,"AW"
"AW_366498","Brain","AW_366498_hap2_h2tg000493l_33082-33348:._AW_366498_hap2_h2tg000493l_34496-34773:.","EXON2","Core","Potential_coding_gene",0,0,0,0,267,0.267,56,209.737827715356,0.0166506262123219,12596.392774714,9.44124514888638,"AW"
"AW_366498","Brain","AW_366498_hap2_h2tg000493l_33082-33348:._AW_366498_hap2_h2tg000493l_34496-34773:.","EXON3","Core","Potential_coding_gene",0,0,0,0,278,0.278,56,201.438848920863,0.0166506262123219,12097.9743555707,9.40087596398974,"AW"
"AW_366498","Brain","AW_366498_hap2_h2tg000493l_51999-52265:._AW_366498_hap2_h2tg000493l_53197-53474:.","EXON2","Core","Potential_coding_gene",0,0,0,0,267,0.267,82,307.116104868914,0.0166506262123219,18444.7179915456,9.82258753535317,"AW"
"AW_366498","Brain","AW_366498_hap2_h2tg000493l_51999-52265:._AW_366498_hap2_h2tg000493l_53197-53474:.","EXON3","Core","Potential_coding_gene",0,0,0,0,278,0.278,82,294.964028776978,0.0166506262123219,17714.8910206571,9.78221731355979,"AW"
"AW_366498","Brain","AW_366498_hap2_h2tg000493l_83650-83916:._AW_366498_hap2_h2tg000493l_84856-85133:.","EXON2","Core","Potential_coding_gene",0,0,0,0,267,0.267,80,299.625468164794,0.0166506262123219,17994.8468210201,9.79789627808999,"AW"
"AW_366498","Brain","AW_366498_hap2_h2tg000493l_83650-83916:._AW_366498_hap2_h2tg000493l_84856-85133:.","EXON3","Core","Potential_coding_gene",0,0,0,0,278,0.278,80,287.769784172662,0.0166506262123219,17282.8205079581,9.75752611213086,"AW"
"AW_366498","Heart","AW_366498_hap1_h1tg000173l_2464298-2464574:-_AW_366498_hap1_h1tg000173l_2464829-2465088:-","EXON2","Not_core","Potential_pseudogene",0,0,NA,NA,260,0.26,26,100,0.0460963170422731,2169.37070934092,7.68265326574173,"AW"
"AW_366498","Heart","AW_366498_hap1_h1tg000173l_2464298-2464574:-_AW_366498_hap1_h1tg000173l_2464829-2465088:-","EXON3","Not_core","Potential_pseudogene",2,1,NA,NA,277,0.277,26,93.8628158844765,0.0460963170422731,2036.23243476043,7.61934751612877,"AW"
"AW_366498","Heart","AW_366498_hap1_h1tg000173l_2688080-2688356:.","EXON3","Not_core","Potential_pseudogene",2,1,NA,NA,277,0.277,23,83.0324909747292,0.0460963170422731,1801.28253844192,7.49680921746596,"AW"
"AW_366498","Heart","AW_366498_hap1_h1tg000173l_2726938-2727204:._AW_366498_hap1_h1tg000173l_2728347-2728624:.","EXON2","Not_core","Potential_coding_gene",0,0,0,0,267,0.267,30,112.359550561798,0.0460963170422731,2437.49517903474,7.79913639812734,"AW"
"AW_366498","Heart","AW_366498_hap1_h1tg000173l_2726938-2727204:._AW_366498_hap1_h1tg000173l_2728347-2728624:.","EXON3","Not_core","Potential_coding_gene",0,0,0,0,278,0.278,30,107.913669064748,0.0460963170422731,2341.04752806574,7.75878083774583,"AW"
"AW_366498","Heart","AW_366498_hap1_h1tg000173l_2734910-2735150:.","EXON2","Not_core","Potential_coding_gene",0,0,NA,NA,241,0.241,15,62.2406639004149,0.0460963170422731,1350.23073195493,7.20877110942894,"AW"
"AW_366498","Heart","AW_366498_hap1_h1tg000173l_2849462-2849738:.","EXON3","Not_core","Potential_pseudogene",2,1,NA,NA,277,0.277,13,46.9314079422383,0.0460963170422731,1018.11621738022,6.92669107714166,"AW"
"AW_366498","Heart","AW_366498_hap1_h1tg000701l_109717-109983:._AW_366498_hap1_h1tg000701l_111155-111432:.","EXON2","Core","Potential_coding_gene",0,0,0,0,267,0.267,323,1209.73782771536,0.0460963170422731,26243.6980942741,10.1752192702586,"AW"
"AW_366498","Heart","AW_366498_hap1_h1tg000701l_109717-109983:._AW_366498_hap1_h1tg000701l_111155-111432:.","EXON3","Core","Potential_coding_gene",0,0,0,0,278,0.278,323,1161.87050359712,0.0460963170422731,25205.2783855078,10.1348483847508,"AW"
"AW_366498","Heart","AW_366498_hap1_h1tg000701l_141686-141952:._AW_366498_hap1_h1tg000701l_142776-143053:.","EXON2","Core","Potential_coding_gene",0,0,0,0,267,0.267,233,872.659176029963,0.0460963170422731,18931.2125571698,9.84862011836486,"AW"
"AW_366498","Heart","AW_366498_hap1_h1tg000701l_141686-141952:._AW_366498_hap1_h1tg000701l_142776-143053:.","EXON3","Core","Potential_coding_gene",0,0,0,0,278,0.278,233,838.129496402878,0.0460963170422731,18182.1358013106,9.80824983917813,"AW"
"AW_366498","Heart","AW_366498_hap1_h1tg000701l_149331-149597:._AW_366498_hap1_h1tg000701l_150733-151010:.","EXON2","Core","Potential_coding_gene",0,0,0,0,267,0.267,109,408.239700374532,0.0460963170422731,8856.23248382623,9.08898963406239,"AW"
"AW_366498","Heart","AW_366498_hap1_h1tg000701l_149331-149597:._AW_366498_hap1_h1tg000701l_150733-151010:.","EXON3","Core","Potential_coding_gene",0,0,0,0,278,0.278,109,392.086330935252,0.0460963170422731,8505.80601863886,9.04862183015788,"AW"
"AW_366498","Heart","AW_366498_hap1_h1tg000701l_190734-191011:-_AW_366498_hap1_h1tg000701l_192475-192741:-","EXON2","Core","Potential_coding_gene",0,0,0,0,267,0.267,220,823.970037453184,0.0460963170422731,17874.9646462548,9.79121233233013,"AW"
"AW_366498","Heart","AW_366498_hap1_h1tg000701l_190734-191011:-_AW_366498_hap1_h1tg000701l_192475-192741:-","EXON3","Core","Potential_coding_gene",0,0,0,0,278,0.278,220,791.36690647482,0.0460963170422731,17167.6818724821,9.750842181724,"AW"
"AW_366498","Heart","AW_366498_hap1_h1tg000701l_209597-209874:-_AW_366498_hap1_h1tg000701l_211242-211508:-","EXON2","Core","Potential_coding_gene",0,0,0,0,267,0.267,145,543.071161048689,0.0460963170422731,11781.2266986679,9.37434746299888,"AW"
"AW_366498","Heart","AW_366498_hap1_h1tg000701l_209597-209874:-_AW_366498_hap1_h1tg000701l_211242-211508:-","EXON3","Core","Potential_coding_gene",0,0,0,0,278,0.278,145,521.58273381295,0.0460963170422731,11315.0630523178,9.33397850436756,"AW"
"AW_366498","Heart","AW_366498_hap1_h1tg000701l_224672-224949:-_AW_366498_hap1_h1tg000701l_226061-226327:-","EXON2","Core","Potential_coding_gene",0,0,0,0,267,0.267,251,940.074906367041,0.0460963170422731,20393.7096645907,9.9230308160333,"AW"
"AW_366498","Heart","AW_366498_hap1_h1tg000701l_224672-224949:-_AW_366498_hap1_h1tg000701l_226061-226327:-","EXON3","Core","Potential_coding_gene",0,0,0,0,278,0.278,251,902.877697841727,0.0460963170422731,19586.76431815,9.88266038079914,"AW"
"AW_366498","Heart","AW_366498_hap1_h1tg000701l_266795-267072:-_AW_366498_hap1_h1tg000701l_268547-268813:-","EXON2","Core","Potential_coding_gene",0,0,0,0,267,0.267,283,1059.92509363296,0.0460963170422731,22993.7045222277,10.0430192302384,"AW"
"AW_366498","Heart","AW_366498_hap1_h1tg000701l_266795-267072:-_AW_366498_hap1_h1tg000701l_268547-268813:-","EXON3","Core","Potential_coding_gene",0,0,0,0,278,0.278,283,1017.98561151079,0.0460963170422731,22083.8816814202,10.0026485665981,"AW"
"AW_366498","Heart","AW_366498_hap1_h1tg000701l_291817-292094:-_AW_366498_hap1_h1tg000701l_293435-293701:-","EXON2","Core","Potential_coding_gene",0,0,NA,NA,267,0.267,221,827.715355805243,0.0460963170422731,17956.2144855559,9.79574723436862,"AW"
"AW_366498","Heart","AW_366498_hap1_h1tg000701l_291817-292094:-_AW_366498_hap1_h1tg000701l_293435-293701:-","EXON3","Core","Potential_coding_gene",0,0,NA,NA,278,0.278,221,794.964028776978,0.0460963170422731,17245.7167900843,9.75537707333465,"AW"
"AW_366498","Heart","AW_366498_hap1_h1tg000701l_311169-311446:-_AW_366498_hap1_h1tg000701l_313069-313335:-","EXON2","Core","Potential_coding_gene",0,0,0,0,267,0.267,232,868.913857677903,0.0460963170422731,18849.9627178687,9.84431926413798,"AW"
"AW_366498","Heart","AW_366498_hap1_h1tg000701l_311169-311446:-_AW_366498_hap1_h1tg000701l_313069-313335:-","EXON3","Core","Potential_coding_gene",0,0,0,0,278,0.278,232,834.532374100719,0.0460963170422731,18104.1008837084,9.8039489943305,"AW"
"AW_366498","Heart","AW_366498_hap1_h1tg000701l_55047-55313:._AW_366498_hap1_h1tg000701l_56428-56705:.","EXON2","Core","Potential_coding_gene",0,0,NA,NA,267,0.267,325,1217.22846441948,0.0460963170422731,26406.1977728764,10.1813918948861,"AW"
"AW_366498","Heart","AW_366498_hap1_h1tg000701l_55047-55313:._AW_366498_hap1_h1tg000701l_56428-56705:.","EXON3","Core","Potential_coding_gene",0,0,0,0,278,0.278,325,1169.06474820144,0.0460963170422731,25361.3482207122,10.1410209997184,"AW"
"AW_366498","Heart","AW_366498_hap1_h1tg000701l_94658-94900:._AW_366498_hap1_h1tg000701l_95960-96237:.","EXON2","Core","Potential_coding_gene",0,0,1,0,243,0.243,98,403.292181069959,0.0460963170422731,8748.90244919384,9.07679783062595,"AW"
"AW_366498","Heart","AW_366498_hap1_h1tg000701l_94658-94900:._AW_366498_hap1_h1tg000701l_95960-96237:.","EXON3","Core","Potential_coding_gene",0,0,1,0,278,0.278,98,352.517985611511,0.0460963170422731,7647.42192501476,8.94225462122925,"AW"
"AW_366498","Heart","AW_366498_hap2_h2tg000331l_172636-172912:-","EXON3","Not_core","Potential_pseudogene",2,1,NA,NA,277,0.277,16,57.7617328519856,0.0460963170422731,1253.06611369873,7.13414644205089,"AW"
"AW_366498","Heart","AW_366498_hap2_h2tg000331l_277626-277866:-","EXON2","Not_core","Potential_coding_gene",0,0,NA,NA,241,0.241,23,95.4356846473029,0.0460963170422731,2070.35378899756,7.63595767683842,"AW"
"AW_366498","Heart","AW_366498_hap2_h2tg000331l_284149-284426:-_AW_366498_hap2_h2tg000331l_285558-285824:-","EXON2","Not_core","Potential_coding_gene",0,0,1,0,267,0.267,44,164.794007490637,0.0460963170422731,3574.99292925096,8.18199815901263,"AW"
"AW_366498","Heart","AW_366498_hap2_h2tg000331l_284149-284426:-_AW_366498_hap2_h2tg000331l_285558-285824:-","EXON3","Not_core","Potential_coding_gene",0,0,1,0,278,0.278,44,158.273381294964,0.0460963170422731,3433.53637449642,8.14163722451252,"AW"
"AW_366498","Heart","AW_366498_hap2_h2tg000331l_323465-323741:-","EXON3","Not_core","Potential_pseudogene",2,1,NA,NA,277,0.277,14,50.5415162454874,0.0460963170422731,1096.43284948639,7.00072895809921,"AW"
"AW_366498","Heart","AW_366498_hap2_h2tg000331l_551028-551287:.","EXON2","Not_core","Potential_coding_gene",0,0,NA,NA,260,0.26,0,0,0.0460963170422731,0,0,"AW"
"AW_366498","Heart","AW_366498_hap2_h2tg000493l_107511-107777:._AW_366498_hap2_h2tg000493l_109227-109504:.","EXON2","Core","Potential_coding_gene",0,0,0,0,267,0.267,323,1209.73782771536,0.0460963170422731,26243.6980942741,10.1752192702586,"AW"
"AW_366498","Heart","AW_366498_hap2_h2tg000493l_107511-107777:._AW_366498_hap2_h2tg000493l_109227-109504:.","EXON3","Core","Potential_coding_gene",0,0,0,0,278,0.278,323,1161.87050359712,0.0460963170422731,25205.2783855078,10.1348483847508,"AW"
"AW_366498","Heart","AW_366498_hap2_h2tg000493l_120876-121142:._AW_366498_hap2_h2tg000493l_123023-123300:.","EXON2","Core","Potential_coding_gene",0,0,0,0,267,0.267,372,1393.25842696629,0.0460963170422731,30224.9402200308,10.3164557823616,"AW"
"AW_366498","Heart","AW_366498_hap2_h2tg000493l_120876-121142:._AW_366498_hap2_h2tg000493l_123023-123300:.","EXON3","Core","Potential_coding_gene",0,0,0,0,278,0.278,372,1338.12949640288,0.0460963170422731,29028.9893480152,10.2760846900884,"AW"
"AW_366498","Heart","AW_366498_hap2_h2tg000493l_160587-160853:._AW_366498_hap2_h2tg000493l_161750-162027:.","EXON2","Core","Potential_coding_gene",0,0,0,0,267,0.267,482,1805.24344569288,0.0460963170422731,39162.4225431582,10.5754984917824,"AW"
"AW_366498","Heart","AW_366498_hap2_h2tg000493l_160587-160853:._AW_366498_hap2_h2tg000493l_161750-162027:.","EXON3","Core","Potential_coding_gene",0,0,0,0,278,0.278,482,1733.81294964029,0.0460963170422731,37612.8302842563,10.5351270884553,"AW"
"AW_366498","Heart","AW_366498_hap2_h2tg000493l_186854-187120:._AW_366498_hap2_h2tg000493l_188510-188787:.","EXON2","Core","Potential_coding_gene",0,0,0,0,267,0.267,395,1479.40074906367,0.0460963170422731,32093.6865239575,10.376445766568,"AW"
"AW_366498","Heart","AW_366498_hap2_h2tg000493l_186854-187120:._AW_366498_hap2_h2tg000493l_188510-188787:.","EXON3","Core","Potential_coding_gene",0,0,0,0,278,0.278,395,1420.86330935252,0.0460963170422731,30823.7924528656,10.3360745949317,"AW"
"AW_366498","Heart","AW_366498_hap2_h2tg000493l_206785-207051:._AW_366498_hap2_h2tg000493l_208968-209245:.","EXON2","Core","Potential_coding_gene",0,0,0,0,267,0.267,347,1299.62546816479,0.0460963170422731,28193.6942375019,10.2468890916179,"AW"
"AW_366498","Heart","AW_366498_hap2_h2tg000493l_206785-207051:._AW_366498_hap2_h2tg000493l_208968-209245:.","EXON3","Core","Potential_coding_gene",0,0,0,0,278,0.278,347,1248.20143884892,0.0460963170422731,27078.1164079604,10.2065180975412,"AW"
"AW_366498","Heart","AW_366498_hap2_h2tg000493l_235341-235607:._AW_366498_hap2_h2tg000493l_236981-237258:.","EXON2","Core","Potential_coding_gene",0,0,0,0,267,0.267,536,2007.49063670412,0.0460963170422731,43549.9138654207,10.6816859663411,"AW"
"AW_366498","Heart","AW_366498_hap2_h2tg000493l_235341-235607:._AW_366498_hap2_h2tg000493l_236981-237258:.","EXON3","Core","Potential_coding_gene",0,0,0,0,278,0.278,536,1928.05755395683,0.0460963170422731,41826.7158347746,10.641314457035,"AW"
"AW_366498","Heart","AW_366498_hap2_h2tg000493l_269171-269448:-_AW_366498_hap2_h2tg000493l_270644-270887:-","EXON2","Core","Potential_coding_gene",0,0,1,0,244,0.244,183,750,0.0460963170422731,16270.2803200569,9.69715688919182,"AW"
"AW_366498","Heart","AW_366498_hap2_h2tg000493l_269171-269448:-_AW_366498_hap2_h2tg000493l_270644-270887:-","EXON3","Core","Potential_coding_gene",0,0,1,0,278,0.278,183,658.273381294964,0.0460963170422731,14280.389921201,9.56671256457443,"AW"
"AW_366498","Heart","AW_366498_hap2_h2tg000493l_289046-289323:-_AW_366498_hap2_h2tg000493l_290583-290849:-","EXON2","Core","Potential_coding_gene",0,0,0,0,267,0.267,310,1161.04868913858,0.0460963170422731,25187.450183359,10.1341408423788,"AW"
"AW_366498","Heart","AW_366498_hap2_h2tg000493l_289046-289323:-_AW_366498_hap2_h2tg000493l_290583-290849:-","EXON3","Core","Potential_coding_gene",0,0,0,0,278,0.278,310,1115.10791366906,0.0460963170422731,24190.8244566793,10.0937700226979,"AW"
"AW_366498","Heart","AW_366498_hap2_h2tg000493l_33082-33348:._AW_366498_hap2_h2tg000493l_34496-34773:.","EXON2","Core","Potential_coding_gene",0,0,0,0,267,0.267,246,921.348314606741,0.0460963170422731,19987.4604680849,9.90291040942532,"AW"
"AW_366498","Heart","AW_366498_hap2_h2tg000493l_33082-33348:._AW_366498_hap2_h2tg000493l_34496-34773:.","EXON3","Core","Potential_coding_gene",0,0,0,0,278,0.278,246,884.892086330935,0.0460963170422731,19196.5897301391,9.86254001524712,"AW"
"AW_366498","Heart","AW_366498_hap2_h2tg000493l_51999-52265:._AW_366498_hap2_h2tg000493l_53197-53474:.","EXON2","Core","Potential_coding_gene",0,0,0,0,267,0.267,241,902.621722846442,0.0460963170422731,19581.2112715791,9.88237684492634,"AW"
"AW_366498","Heart","AW_366498_hap2_h2tg000493l_51999-52265:._AW_366498_hap2_h2tg000493l_53197-53474:.","EXON3","Core","Potential_coding_gene",0,0,0,0,278,0.278,241,866.906474820144,0.0460963170422731,18806.4151421281,9.84200649350758,"AW"
"AW_366498","Heart","AW_366498_hap2_h2tg000493l_83650-83916:._AW_366498_hap2_h2tg000493l_84856-85133:.","EXON2","Core","Potential_coding_gene",0,0,0,0,267,0.267,235,880.149812734082,0.0460963170422731,19093.7122357722,9.85716672941106,"AW"
"AW_366498","Heart","AW_366498_hap2_h2tg000493l_83650-83916:._AW_366498_hap2_h2tg000493l_84856-85133:.","EXON3","Core","Potential_coding_gene",0,0,0,0,278,0.278,235,845.323741007194,0.0460963170422731,18338.205636515,9.81679643170529,"AW"
"AW_366498","Liver","AW_366498_hap1_h1tg000173l_2464298-2464574:-_AW_366498_hap1_h1tg000173l_2464829-2465088:-","EXON2","Not_core","Potential_pseudogene",0,0,NA,NA,260,0.26,12,46.1538461538462,0.117243630811432,393.657598578444,5.97801854993699,"AW"
"AW_366498","Liver","AW_366498_hap1_h1tg000173l_2464298-2464574:-_AW_366498_hap1_h1tg000173l_2464829-2465088:-","EXON3","Not_core","Potential_pseudogene",2,1,NA,NA,277,0.277,12,43.3212996389892,0.117243630811432,369.498106968937,5.91484833532751,"AW"
"AW_366498","Liver","AW_366498_hap1_h1tg000173l_2688080-2688356:.","EXON3","Not_core","Potential_pseudogene",2,1,NA,NA,277,0.277,17,61.3718411552347,0.117243630811432,523.455651539327,6.26236087047564,"AW"
"AW_366498","Liver","AW_366498_hap1_h1tg000173l_2726938-2727204:._AW_366498_hap1_h1tg000173l_2728347-2728624:.","EXON2","Not_core","Potential_coding_gene",0,0,0,0,267,0.267,18,67.4157303370786,0.117243630811432,575.005481069637,6.35611717639651,"AW"
"AW_366498","Liver","AW_366498_hap1_h1tg000173l_2726938-2727204:._AW_366498_hap1_h1tg000173l_2728347-2728624:.","EXON3","Not_core","Potential_coding_gene",0,0,0,0,278,0.278,18,64.7482014388489,0.117243630811432,552.25346563163,6.31581624304463,"AW"
"AW_366498","Liver","AW_366498_hap1_h1tg000173l_2734910-2735150:.","EXON2","Not_core","Potential_coding_gene",0,0,NA,NA,241,0.241,7,29.045643153527,0.117243630811432,247.737492881317,5.51639809490052,"AW"
"AW_366498","Liver","AW_366498_hap1_h1tg000173l_2849462-2849738:.","EXON3","Not_core","Potential_pseudogene",2,1,NA,NA,277,0.277,26,93.8628158844765,0.117243630811432,800.579231766029,6.68658382151946,"AW"
"AW_366498","Liver","AW_366498_hap1_h1tg000701l_109717-109983:._AW_366498_hap1_h1tg000701l_111155-111432:.","EXON2","Core","Potential_coding_gene",0,0,0,0,267,0.267,1226,4591.76029962547,0.117243630811432,39164.262210632,10.5755454648034,"AW"
"AW_366498","Liver","AW_366498_hap1_h1tg000701l_109717-109983:._AW_366498_hap1_h1tg000701l_111155-111432:.","EXON3","Core","Potential_coding_gene",0,0,0,0,278,0.278,1226,4410.07194244604,0.117243630811432,37614.5971591321,10.5351740614268,"AW"
"AW_366498","Liver","AW_366498_hap1_h1tg000701l_141686-141952:._AW_366498_hap1_h1tg000701l_142776-143053:.","EXON2","Core","Potential_coding_gene",0,0,0,0,267,0.267,458,1715.35580524345,0.117243630811432,14630.6950183274,9.59094534638214,"AW"
"AW_366498","Liver","AW_366498_hap1_h1tg000701l_141686-141952:._AW_366498_hap1_h1tg000701l_142776-143053:.","EXON3","Core","Potential_coding_gene",0,0,0,0,278,0.278,458,1647.48201438849,0.117243630811432,14051.7826255159,9.5505757067904,"AW"
"AW_366498","Liver","AW_366498_hap1_h1tg000701l_149331-149597:._AW_366498_hap1_h1tg000701l_150733-151010:.","EXON2","Core","Potential_coding_gene",0,0,0,0,267,0.267,324,1213.48314606742,0.117243630811432,10350.0986592535,9.24484794371244,"AW"
"AW_366498","Liver","AW_366498_hap1_h1tg000701l_149331-149597:._AW_366498_hap1_h1tg000701l_150733-151010:.","EXON3","Core","Potential_coding_gene",0,0,0,0,278,0.278,324,1165.46762589928,0.117243630811432,9940.56238136934,9.20447946852322,"AW"
"AW_366498","Liver","AW_366498_hap1_h1tg000701l_190734-191011:-_AW_366498_hap1_h1tg000701l_192475-192741:-","EXON2","Core","Potential_coding_gene",0,0,0,0,267,0.267,334,1250.93632958801,0.117243630811432,10669.5461487366,9.27524252843447,"AW"
"AW_366498","Liver","AW_366498_hap1_h1tg000701l_190734-191011:-_AW_366498_hap1_h1tg000701l_192475-192741:-","EXON3","Core","Potential_coding_gene",0,0,0,0,278,0.278,334,1201.43884892086,0.117243630811432,10247.3698622758,9.23487393409195,"AW"
"AW_366498","Liver","AW_366498_hap1_h1tg000701l_209597-209874:-_AW_366498_hap1_h1tg000701l_211242-211508:-","EXON2","Core","Potential_coding_gene",0,0,0,0,267,0.267,352,1318.35205992509,0.117243630811432,11244.5516298062,9.32772791875326,"AW"
"AW_366498","Liver","AW_366498_hap1_h1tg000701l_209597-209874:-_AW_366498_hap1_h1tg000701l_211242-211508:-","EXON3","Core","Potential_coding_gene",0,0,0,0,278,0.278,352,1266.18705035971,0.117243630811432,10799.6233279074,9.28735912699382,"AW"
"AW_366498","Liver","AW_366498_hap1_h1tg000701l_224672-224949:-_AW_366498_hap1_h1tg000701l_226061-226327:-","EXON2","Core","Potential_coding_gene",0,0,0,0,267,0.267,407,1524.34456928839,0.117243630811432,13001.5128219635,9.47289791176199,"AW"
"AW_366498","Liver","AW_366498_hap1_h1tg000701l_224672-224949:-_AW_366498_hap1_h1tg000701l_226061-226327:-","EXON3","Core","Potential_coding_gene",0,0,0,0,278,0.278,407,1464.02877697842,0.117243630811432,12487.064472893,9.43252862496965,"AW"
"AW_366498","Liver","AW_366498_hap1_h1tg000701l_266795-267072:-_AW_366498_hap1_h1tg000701l_268547-268813:-","EXON2","Core","Potential_coding_gene",0,0,0,0,267,0.267,325,1217.22846441948,0.117243630811432,10382.0434082018,9.24792931299411,"AW"
"AW_366498","Liver","AW_366498_hap1_h1tg000701l_266795-267072:-_AW_366498_hap1_h1tg000701l_268547-268813:-","EXON3","Core","Potential_coding_gene",0,0,0,0,278,0.278,325,1169.06474820144,0.117243630811432,9971.24312945999,9.20756082555963,"AW"
"AW_366498","Liver","AW_366498_hap1_h1tg000701l_291817-292094:-_AW_366498_hap1_h1tg000701l_293435-293701:-","EXON2","Core","Potential_coding_gene",0,0,NA,NA,267,0.267,237,887.640449438202,0.117243630811432,7570.90550075022,8.93220003216024,"AW"
"AW_366498","Liver","AW_366498_hap1_h1tg000701l_291817-292094:-_AW_366498_hap1_h1tg000701l_293435-293701:-","EXON3","Core","Potential_coding_gene",0,0,NA,NA,278,0.278,237,852.517985611511,0.117243630811432,7271.33729748313,8.89183301782389,"AW"
"AW_366498","Liver","AW_366498_hap1_h1tg000701l_311169-311446:-_AW_366498_hap1_h1tg000701l_313069-313335:-","EXON2","Core","Potential_coding_gene",0,0,0,0,267,0.267,227,850.187265917603,0.117243630811432,7251.45801126709,8.88909572642583,"AW"
"AW_366498","Liver","AW_366498_hap1_h1tg000701l_311169-311446:-_AW_366498_hap1_h1tg000701l_313069-313335:-","EXON3","Core","Potential_coding_gene",0,0,0,0,278,0.278,227,816.546762589928,0.117243630811432,6964.52981657667,8.84872895174535,"AW"
"AW_366498","Liver","AW_366498_hap1_h1tg000701l_55047-55313:._AW_366498_hap1_h1tg000701l_56428-56705:.","EXON2","Core","Potential_coding_gene",0,0,NA,NA,267,0.267,1756,6576.77902621723,0.117243630811432,56094.9791532379,10.9348194160944,"AW"
"AW_366498","Liver","AW_366498_hap1_h1tg000701l_55047-55313:._AW_366498_hap1_h1tg000701l_56428-56705:.","EXON3","Core","Potential_coding_gene",0,0,0,0,278,0.278,1756,6316.54676258993,0.117243630811432,53875.3936471746,10.8944476952325,"AW"
"AW_366498","Liver","AW_366498_hap1_h1tg000701l_94658-94900:._AW_366498_hap1_h1tg000701l_95960-96237:.","EXON2","Core","Potential_coding_gene",0,0,1,0,243,0.243,209,860.082304526749,0.117243630811432,7335.8552492293,8.90066558964236,"AW"
"AW_366498","Liver","AW_366498_hap1_h1tg000701l_94658-94900:._AW_366498_hap1_h1tg000701l_95960-96237:.","EXON3","Core","Potential_coding_gene",0,0,1,0,278,0.278,209,751.798561151079,0.117243630811432,6412.27635094504,8.76612555052434,"AW"
"AW_366498","Liver","AW_366498_hap2_h2tg000331l_172636-172912:-","EXON3","Not_core","Potential_pseudogene",2,1,NA,NA,277,0.277,23,83.0324909747292,0.117243630811432,708.204705023795,6.56414420844736,"AW"
"AW_366498","Liver","AW_366498_hap2_h2tg000331l_277626-277866:-","EXON2","Not_core","Potential_coding_gene",0,0,NA,NA,241,0.241,4,16.597510373444,0.117243630811432,141.564281646467,4.95979299726747,"AW"
"AW_366498","Liver","AW_366498_hap2_h2tg000331l_284149-284426:-_AW_366498_hap2_h2tg000331l_285558-285824:-","EXON2","Not_core","Potential_coding_gene",0,0,1,0,267,0.267,8,29.9625468164794,0.117243630811432,255.557991586505,5.54735472711332,"AW"
"AW_366498","Liver","AW_366498_hap2_h2tg000331l_284149-284426:-_AW_366498_hap2_h2tg000331l_285558-285824:-","EXON3","Not_core","Potential_coding_gene",0,0,1,0,278,0.278,8,28.7769784172662,0.117243630811432,245.445984725169,5.50714284056652,"AW"
"AW_366498","Liver","AW_366498_hap2_h2tg000331l_323465-323741:-","EXON3","Not_core","Potential_pseudogene",2,1,NA,NA,277,0.277,19,68.5920577617328,0.117243630811432,585.038669367483,6.37338577608157,"AW"
"AW_366498","Liver","AW_366498_hap2_h2tg000331l_551028-551287:.","EXON2","Not_core","Potential_coding_gene",0,0,NA,NA,260,0.26,0,0,0.117243630811432,0,0,"AW"
"AW_366498","Liver","AW_366498_hap2_h2tg000493l_107511-107777:._AW_366498_hap2_h2tg000493l_109227-109504:.","EXON2","Core","Potential_coding_gene",0,0,0,0,267,0.267,929,3479.40074906367,0.117243630811432,29676.6717729829,10.2981502498979,"AW"
"AW_366498","Liver","AW_366498_hap2_h2tg000493l_107511-107777:._AW_366498_hap2_h2tg000493l_109227-109504:.","EXON3","Core","Potential_coding_gene",0,0,0,0,278,0.278,929,3341.72661870504,0.117243630811432,28502.4149762102,10.2577791828051,"AW"
"AW_366498","Liver","AW_366498_hap2_h2tg000493l_120876-121142:._AW_366498_hap2_h2tg000493l_123023-123300:.","EXON2","Core","Potential_coding_gene",0,0,0,0,267,0.267,997,3734.08239700374,0.117243630811432,31848.9147014682,10.3687899828639,"AW"
"AW_366498","Liver","AW_366498_hap2_h2tg000493l_120876-121142:._AW_366498_hap2_h2tg000493l_123023-123300:.","EXON3","Core","Potential_coding_gene",0,0,0,0,278,0.278,997,3586.3309352518,0.117243630811432,30588.7058463742,10.3284188210926,"AW"
"AW_366498","Liver","AW_366498_hap2_h2tg000493l_160587-160853:._AW_366498_hap2_h2tg000493l_161750-162027:.","EXON2","Core","Potential_coding_gene",0,0,0,0,267,0.267,1535,5749.06367041198,0.117243630811432,49035.1896356607,10.8003138684817,"AW"
"AW_366498","Liver","AW_366498_hap2_h2tg000493l_160587-160853:._AW_366498_hap2_h2tg000493l_161750-162027:.","EXON3","Core","Potential_coding_gene",0,0,0,0,278,0.278,1535,5521.58273381295,0.117243630811432,47094.9483191418,10.7599422533562,"AW"
"AW_366498","Liver","AW_366498_hap2_h2tg000493l_186854-187120:._AW_366498_hap2_h2tg000493l_188510-188787:.","EXON2","Core","Potential_coding_gene",0,0,0,0,267,0.267,1099,4116.10486891386,0.117243630811432,35107.2790941962,10.4661922532701,"AW"
"AW_366498","Liver","AW_366498_hap2_h2tg000493l_186854-187120:._AW_366498_hap2_h2tg000493l_188510-188787:.","EXON3","Core","Potential_coding_gene",0,0,0,0,278,0.278,1099,3953.23741007194,0.117243630811432,33718.1421516201,10.4258209714488,"AW"
"AW_366498","Liver","AW_366498_hap2_h2tg000493l_206785-207051:._AW_366498_hap2_h2tg000493l_208968-209245:.","EXON2","Core","Potential_coding_gene",0,0,0,0,267,0.267,1070,4007.49063670412,0.117243630811432,34180.8813746951,10.4394509982997,"AW"
"AW_366498","Liver","AW_366498_hap2_h2tg000493l_206785-207051:._AW_366498_hap2_h2tg000493l_208968-209245:.","EXON3","Core","Potential_coding_gene",0,0,0,0,278,0.278,1070,3848.92086330935,0.117243630811432,32828.4004569913,10.3990797482817,"AW"
"AW_366498","Liver","AW_366498_hap2_h2tg000493l_235341-235607:._AW_366498_hap2_h2tg000493l_236981-237258:.","EXON2","Core","Potential_coding_gene",0,0,0,0,267,0.267,1724,6456.92883895131,0.117243630811432,55072.7471868919,10.9164284240109,"AW"
"AW_366498","Liver","AW_366498_hap2_h2tg000493l_235341-235607:._AW_366498_hap2_h2tg000493l_236981-237258:.","EXON3","Core","Potential_coding_gene",0,0,0,0,278,0.278,1724,6201.43884892086,0.117243630811432,52893.6097082739,10.8760567167808,"AW"
"AW_366498","Liver","AW_366498_hap2_h2tg000493l_269171-269448:-_AW_366498_hap2_h2tg000493l_270644-270887:-","EXON2","Core","Potential_coding_gene",0,0,1,0,244,0.244,254,1040.98360655738,0.117243630811432,8878.8073121996,9.09153513667417,"AW"
"AW_366498","Liver","AW_366498_hap2_h2tg000493l_269171-269448:-_AW_366498_hap2_h2tg000493l_270644-270887:-","EXON3","Core","Potential_coding_gene",0,0,1,0,278,0.278,254,913.669064748201,0.117243630811432,7792.91001502411,8.96109794041555,"AW"
"AW_366498","Liver","AW_366498_hap2_h2tg000493l_289046-289323:-_AW_366498_hap2_h2tg000493l_290583-290849:-","EXON2","Core","Potential_coding_gene",0,0,0,0,267,0.267,532,1992.50936329588,0.117243630811432,16994.6064405026,9.74071014495946,"AW"
"AW_366498","Liver","AW_366498_hap2_h2tg000493l_289046-289323:-_AW_366498_hap2_h2tg000493l_290583-290849:-","EXON3","Core","Potential_coding_gene",0,0,0,0,278,0.278,532,1913.6690647482,0.117243630811432,16322.1579842237,9.7003401137339,"AW"
"AW_366498","Liver","AW_366498_hap2_h2tg000493l_33082-33348:._AW_366498_hap2_h2tg000493l_34496-34773:.","EXON2","Core","Potential_coding_gene",0,0,0,0,267,0.267,1099,4116.10486891386,0.117243630811432,35107.2790941962,10.4661922532701,"AW"
"AW_366498","Liver","AW_366498_hap2_h2tg000493l_33082-33348:._AW_366498_hap2_h2tg000493l_34496-34773:.","EXON3","Core","Potential_coding_gene",0,0,0,0,278,0.278,1099,3953.23741007194,0.117243630811432,33718.1421516201,10.4258209714488,"AW"
"AW_366498","Liver","AW_366498_hap2_h2tg000493l_51999-52265:._AW_366498_hap2_h2tg000493l_53197-53474:.","EXON2","Core","Potential_coding_gene",0,0,0,0,267,0.267,371,1389.51310861423,0.117243630811432,11851.5018598242,9.38029425169035,"AW"
"AW_366498","Liver","AW_366498_hap2_h2tg000493l_51999-52265:._AW_366498_hap2_h2tg000493l_53197-53474:.","EXON3","Core","Potential_coding_gene",0,0,0,0,278,0.278,371,1334.53237410072,0.117243630811432,11382.5575416297,9.33992527232688,"AW"
"AW_366498","Liver","AW_366498_hap2_h2tg000493l_83650-83916:._AW_366498_hap2_h2tg000493l_84856-85133:.","EXON2","Core","Potential_coding_gene",0,0,0,0,267,0.267,394,1475.65543071161,0.117243630811432,12586.2310856354,9.44043817319467,"AW"
"AW_366498","Liver","AW_366498_hap2_h2tg000493l_83650-83916:._AW_366498_hap2_h2tg000493l_84856-85133:.","EXON3","Core","Potential_coding_gene",0,0,0,0,278,0.278,394,1417.26618705036,0.117243630811432,12088.2147477146,9.40006899093822,"AW"
"AW_366499","Brain","AW_366499_hap1_h1tg000874l_102489-102766:-_AW_366499_hap1_h1tg000874l_104302-104568:-","EXON2","Core","Potential_coding_gene",0,0,0,0,267,0.267,0,0,0.00778186719309281,0,0,"AW"
"AW_366499","Brain","AW_366499_hap1_h1tg000874l_102489-102766:-_AW_366499_hap1_h1tg000874l_104302-104568:-","EXON3","Core","Potential_coding_gene",0,0,0,0,278,0.278,0,0,0.00778186719309281,0,0,"AW"
"AW_366499","Brain","AW_366499_hap1_h1tg000874l_134221-134498:-_AW_366499_hap1_h1tg000874l_135240-135506:-","EXON2","Core","Potential_coding_gene",0,0,0,0,267,0.267,0,0,0.00778186719309281,0,0,"AW"
"AW_366499","Brain","AW_366499_hap1_h1tg000874l_134221-134498:-_AW_366499_hap1_h1tg000874l_135240-135506:-","EXON3","Core","Potential_coding_gene",0,0,0,0,278,0.278,0,0,0.00778186719309281,0,0,"AW"
"AW_366499","Brain","AW_366499_hap1_h1tg000874l_163545-163822:-_AW_366499_hap1_h1tg000874l_164847-165113:-","EXON2","Core","Potential_coding_gene",0,0,0,0,267,0.267,0,0,0.00778186719309281,0,0,"AW"
"AW_366499","Brain","AW_366499_hap1_h1tg000874l_163545-163822:-_AW_366499_hap1_h1tg000874l_164847-165113:-","EXON3","Core","Potential_coding_gene",0,0,0,0,278,0.278,0,0,0.00778186719309281,0,0,"AW"
"AW_366499","Brain","AW_366499_hap1_h1tg000874l_192729-193006:-_AW_366499_hap1_h1tg000874l_194262-194528:-","EXON2","Core","Potential_coding_gene",0,0,0,0,267,0.267,0,0,0.00778186719309281,0,0,"AW"
"AW_366499","Brain","AW_366499_hap1_h1tg000874l_192729-193006:-_AW_366499_hap1_h1tg000874l_194262-194528:-","EXON3","Core","Potential_coding_gene",0,0,0,0,278,0.278,0,0,0.00778186719309281,0,0,"AW"
"AW_366499","Brain","AW_366499_hap1_h1tg000874l_20143-20409:._AW_366499_hap1_h1tg000874l_21585-21862:.","EXON2","Core","Potential_coding_gene",0,0,0,0,267,0.267,0,0,0.00778186719309281,0,0,"AW"
"AW_366499","Brain","AW_366499_hap1_h1tg000874l_20143-20409:._AW_366499_hap1_h1tg000874l_21585-21862:.","EXON3","Core","Potential_coding_gene",0,0,0,0,278,0.278,0,0,0.00778186719309281,0,0,"AW"
"AW_366499","Brain","AW_366499_hap1_h1tg000874l_50867-51144:-_AW_366499_hap1_h1tg000874l_52716-52982:-","EXON2","Core","Potential_coding_gene",0,0,0,0,267,0.267,0,0,0.00778186719309281,0,0,"AW"
"AW_366499","Brain","AW_366499_hap1_h1tg000874l_50867-51144:-_AW_366499_hap1_h1tg000874l_52716-52982:-","EXON3","Core","Potential_coding_gene",0,0,0,0,278,0.278,0,0,0.00778186719309281,0,0,"AW"
"AW_366499","Brain","AW_366499_hap1_h1tg000874l_8010-8275:._AW_366499_hap1_h1tg000874l_9447-9724:.","EXON2","Core","Potential_pseudogene",1,0,1,0,266,0.266,0,0,0.00778186719309281,0,0,"AW"
"AW_366499","Brain","AW_366499_hap1_h1tg000874l_8010-8275:._AW_366499_hap1_h1tg000874l_9447-9724:.","EXON3","Core","Potential_pseudogene",0,0,1,0,278,0.278,0,0,0.00778186719309281,0,0,"AW"
"AW_366499","Brain","AW_366499_hap1_h1tg000874l_83389-83666:-_AW_366499_hap1_h1tg000874l_84876-85142:-","EXON2","Core","Potential_coding_gene",0,0,0,0,267,0.267,0,0,0.00778186719309281,0,0,"AW"
"AW_366499","Brain","AW_366499_hap1_h1tg000874l_83389-83666:-_AW_366499_hap1_h1tg000874l_84876-85142:-","EXON3","Core","Potential_coding_gene",0,0,0,0,278,0.278,0,0,0.00778186719309281,0,0,"AW"
"AW_366499","Brain","AW_366499_hap1_h1tg001114l_150689-150965:-","EXON3","Not_core","Potential_pseudogene",2,1,0,0,277,0.277,0,0,0.00778186719309281,0,0,"AW"
"AW_366499","Brain","AW_366499_hap1_h1tg001114l_255709-255949:-","EXON2","Not_core","Potential_coding_gene",0,0,0,0,241,0.241,0,0,0.00778186719309281,0,0,"AW"
"AW_366499","Brain","AW_366499_hap1_h1tg001114l_262232-262509:-_AW_366499_hap1_h1tg001114l_263655-263921:-","EXON2","Not_core","Potential_coding_gene",0,0,0,0,267,0.267,0,0,0.00778186719309281,0,0,"AW"
"AW_366499","Brain","AW_366499_hap1_h1tg001114l_262232-262509:-_AW_366499_hap1_h1tg001114l_263655-263921:-","EXON3","Not_core","Potential_coding_gene",0,0,0,0,278,0.278,0,0,0.00778186719309281,0,0,"AW"
"AW_366499","Brain","AW_366499_hap1_h1tg001114l_302484-302760:-","EXON3","Not_core","Potential_pseudogene",2,1,NA,NA,277,0.277,0,0,0.00778186719309281,0,0,"AW"
"AW_366499","Brain","AW_366499_hap1_h1tg001114l_528317-528576:._AW_366499_hap1_h1tg001114l_528832-529108:.","EXON2","Not_core","Potential_pseudogene",0,0,NA,NA,260,0.26,0,0,0.00778186719309281,0,0,"AW"
"AW_366499","Brain","AW_366499_hap1_h1tg001114l_528317-528576:._AW_366499_hap1_h1tg001114l_528832-529108:.","EXON3","Not_core","Potential_pseudogene",2,1,NA,NA,277,0.277,0,0,0.00778186719309281,0,0,"AW"
"AW_366499","Brain","AW_366499_hap2_h2tg000337l_1166563-1166839:.","EXON3","Not_core","Potential_pseudogene",2,1,NA,NA,277,0.277,11,39.7111913357401,0.00778186719309281,5103.04151309441,8.53778795843481,"AW"
"AW_366499","Brain","AW_366499_hap2_h2tg000337l_1205376-1205642:._AW_366499_hap2_h2tg000337l_1206785-1207062:.","EXON2","Not_core","Potential_coding_gene",0,0,0,0,267,0.267,20,74.9063670411985,0.00778186719309281,9625.75756981376,9.17230174714176,"AW"
"AW_366499","Brain","AW_366499_hap2_h2tg000337l_1205376-1205642:._AW_366499_hap2_h2tg000337l_1206785-1207062:.","EXON3","Not_core","Potential_coding_gene",0,0,0,0,278,0.278,20,71.9424460431655,0.00778186719309281,9244.88227028876,9.13193357142457,"AW"
"AW_366499","Brain","AW_366499_hap2_h2tg000337l_1213344-1213584:.","EXON2","Not_core","Potential_coding_gene",0,0,NA,NA,241,0.241,7,29.045643153527,0.00778186719309281,3732.47736472654,8.22509534770836,"AW"
"AW_366499","Brain","AW_366499_hap2_h2tg000337l_1318346-1318622:.","EXON3","Not_core","Potential_pseudogene",2,1,NA,NA,277,0.277,10,36.101083032491,0.00778186719309281,4639.12864826764,8.4424973707557,"AW"
"AW_366499","Brain","AW_366499_hap2_h2tg000337l_937825-938101:-_AW_366499_hap2_h2tg000337l_938356-938615:-","EXON2","Not_core","Potential_pseudogene",0,0,NA,NA,260,0.26,36,138.461538461538,0.00778186719309281,17792.8426463557,9.78660775769243,"AW"
"AW_366499","Brain","AW_366499_hap2_h2tg000337l_937825-938101:-_AW_366499_hap2_h2tg000337l_938356-938615:-","EXON3","Not_core","Potential_pseudogene",2,1,NA,NA,277,0.277,36,129.963898916968,0.00778186719309281,16700.8631337635,9.72327555707797,"AW"
"AW_366499","Brain","AW_366499_hap2_h2tg000375l_101365-101631:._AW_366499_hap2_h2tg000375l_102975-103252:.","EXON2","Core","Potential_coding_gene",0,0,0,0,267,0.267,78,292.134831460674,0.00778186719309281,37540.4545222737,10.5332010553215,"AW"
"AW_366499","Brain","AW_366499_hap2_h2tg000375l_101365-101631:._AW_366499_hap2_h2tg000375l_102975-103252:.","EXON3","Core","Potential_coding_gene",0,0,0,0,278,0.278,78,280.575539568345,0.00778186719309281,36055.0408541261,10.4928296974441,"AW"
"AW_366499","Brain","AW_366499_hap2_h2tg000375l_124283-124560:-_AW_366499_hap2_h2tg000375l_125812-126078:-","EXON2","Core","Potential_coding_gene",0,0,0,0,267,0.267,257,962.546816479401,0.00778186719309281,123690.984772107,11.7255497605828,"AW"
"AW_366499","Brain","AW_366499_hap2_h2tg000375l_124283-124560:-_AW_366499_hap2_h2tg000375l_125812-126078:-","EXON3","Core","Potential_coding_gene",0,0,0,0,278,0.278,257,924.460431654676,0.00778186719309281,118796.737173211,11.6851776383657,"AW"
"AW_366499","Brain","AW_366499_hap2_h2tg000375l_149007-149284:-_AW_366499_hap2_h2tg000375l_150474-150740:-","EXON2","Core","Potential_coding_gene",0,0,0,0,267,0.267,251,940.074906367041,0.00778186719309281,120803.257501163,11.7019268080767,"AW"
"AW_366499","Brain","AW_366499_hap2_h2tg000375l_149007-149284:-_AW_366499_hap2_h2tg000375l_150474-150740:-","EXON3","Core","Potential_coding_gene",0,0,0,0,278,0.278,251,902.877697841727,0.00778186719309281,116023.272492124,11.6615546938214,"AW"
"AW_366499","Brain","AW_366499_hap2_h2tg000375l_157567-157845:-_AW_366499_hap2_h2tg000375l_158985-159252:-","EXON2","Core","Potential_coding_gene",0,0,3,0,268,0.268,271,1011.19402985075,0.00778186719309281,129942.339641607,11.7748537855173,"AW"
"AW_366499","Brain","AW_366499_hap2_h2tg000375l_157567-157845:-_AW_366499_hap2_h2tg000375l_158985-159252:-","EXON3","Core","Potential_coding_gene",0,0,3,0,279,0.279,271,971.326164874552,0.00778186719309281,124819.164960397,11.7346293000734,"AW"
"AW_366499","Brain","AW_366499_hap2_h2tg000375l_72197-72463:._AW_366499_hap2_h2tg000375l_73603-73880:.","EXON2","Core","Potential_coding_gene",0,0,0,0,267,0.267,133,498.12734082397,0.00778186719309281,64011.2878392615,11.0668303414011,"AW"
"AW_366499","Brain","AW_366499_hap2_h2tg000375l_72197-72463:._AW_366499_hap2_h2tg000375l_73603-73880:.","EXON3","Core","Potential_coding_gene",0,0,0,0,278,0.278,133,478.41726618705,0.00778186719309281,61478.4670974202,11.0264585297135,"AW"
"AW_366499","Heart","AW_366499_hap1_h1tg000874l_102489-102766:-_AW_366499_hap1_h1tg000874l_104302-104568:-","EXON2","Core","Potential_coding_gene",0,0,0,0,267,0.267,54,202.247191011236,0.0152184151969046,13289.6355102976,9.49481496924705,"AW"
"AW_366499","Heart","AW_366499_hap1_h1tg000874l_102489-102766:-_AW_366499_hap1_h1tg000874l_104302-104568:-","EXON3","Core","Potential_coding_gene",0,0,0,0,278,0.278,54,194.244604316547,0.0152184151969046,12763.7866231995,9.45444561376615,"AW"
"AW_366499","Heart","AW_366499_hap1_h1tg000874l_134221-134498:-_AW_366499_hap1_h1tg000874l_135240-135506:-","EXON2","Core","Potential_coding_gene",0,0,0,0,267,0.267,135,505.61797752809,0.0152184151969046,33224.0887757439,10.4110605555341,"AW"
"AW_366499","Heart","AW_366499_hap1_h1tg000874l_134221-134498:-_AW_366499_hap1_h1tg000874l_135240-135506:-","EXON3","Core","Potential_coding_gene",0,0,0,0,278,0.278,135,485.611510791367,0.0152184151969046,31909.4665579986,10.3706893402246,"AW"
"AW_366499","Heart","AW_366499_hap1_h1tg000874l_163545-163822:-_AW_366499_hap1_h1tg000874l_164847-165113:-","EXON2","Core","Potential_coding_gene",0,0,0,0,267,0.267,81,303.370786516854,0.0152184151969046,19934.4532654463,9.90025499672508,"AW"
"AW_366499","Heart","AW_366499_hap1_h1tg000874l_163545-163822:-_AW_366499_hap1_h1tg000874l_164847-165113:-","EXON3","Core","Potential_coding_gene",0,0,0,0,278,0.278,81,291.36690647482,0.0152184151969046,19145.6799347992,9.85988460802725,"AW"
"AW_366499","Heart","AW_366499_hap1_h1tg000874l_192729-193006:-_AW_366499_hap1_h1tg000874l_194262-194528:-","EXON2","Core","Potential_coding_gene",0,0,0,0,267,0.267,42,157.303370786517,0.0152184151969046,10336.3831746759,9.24352203814846,"AW"
"AW_366499","Heart","AW_366499_hap1_h1tg000874l_192729-193006:-_AW_366499_hap1_h1tg000874l_194262-194528:-","EXON3","Core","Potential_coding_gene",0,0,0,0,278,0.278,42,151.079136690647,0.0152184151969046,9927.3895958218,9.20315356823997,"AW"
"AW_366499","Heart","AW_366499_hap1_h1tg000874l_20143-20409:._AW_366499_hap1_h1tg000874l_21585-21862:.","EXON2","Core","Potential_coding_gene",0,0,0,0,267,0.267,34,127.340823970037,0.0152184151969046,8367.54828426143,9.03223570570002,"AW"
"AW_366499","Heart","AW_366499_hap1_h1tg000874l_20143-20409:._AW_366499_hap1_h1tg000874l_21585-21862:.","EXON3","Core","Potential_coding_gene",0,0,0,0,278,0.278,34,122.302158273381,0.0152184151969046,8036.45824423669,8.99186817341408,"AW"
"AW_366499","Heart","AW_366499_hap1_h1tg000874l_50867-51144:-_AW_366499_hap1_h1tg000874l_52716-52982:-","EXON2","Core","Potential_coding_gene",0,0,0,0,267,0.267,59,220.973782771536,0.0152184151969046,14520.1573168066,9.58336199021674,"AW"
"AW_366499","Heart","AW_366499_hap1_h1tg000874l_50867-51144:-_AW_366499_hap1_h1tg000874l_52716-52982:-","EXON3","Core","Potential_coding_gene",0,0,0,0,278,0.278,59,212.230215827338,0.0152184151969046,13945.6187179401,9.54299237205858,"AW"
"AW_366499","Heart","AW_366499_hap1_h1tg000874l_8010-8275:._AW_366499_hap1_h1tg000874l_9447-9724:.","EXON2","Core","Potential_pseudogene",1,0,1,0,266,0.266,298,1120.3007518797,0.0152184151969046,73614.8105689457,11.2066150991598,"AW"
"AW_366499","Heart","AW_366499_hap1_h1tg000874l_8010-8275:._AW_366499_hap1_h1tg000874l_9447-9724:.","EXON3","Core","Potential_pseudogene",0,0,1,0,278,0.278,298,1071.94244604317,0.0152184151969046,70437.1928465451,11.1624909070645,"AW"
"AW_366499","Heart","AW_366499_hap1_h1tg000874l_83389-83666:-_AW_366499_hap1_h1tg000874l_84876-85142:-","EXON2","Core","Potential_coding_gene",0,0,0,0,267,0.267,381,1426.96629213483,0.0152184151969046,93765.7616559883,11.4485657188487,"AW"
"AW_366499","Heart","AW_366499_hap1_h1tg000874l_83389-83666:-_AW_366499_hap1_h1tg000874l_84876-85142:-","EXON3","Core","Potential_coding_gene",0,0,0,0,278,0.278,381,1370.5035971223,0.0152184151969046,90055.6056192406,11.4081937029303,"AW"
"AW_366499","Heart","AW_366499_hap1_h1tg001114l_150689-150965:-","EXON3","Not_core","Potential_pseudogene",2,1,0,0,277,0.277,5,18.0505415162455,0.0152184151969046,1186.09863659896,7.07926748854477,"AW"
"AW_366499","Heart","AW_366499_hap1_h1tg001114l_255709-255949:-","EXON2","Not_core","Potential_coding_gene",0,0,0,0,241,0.241,9,37.344398340249,0.0152184151969046,2453.89535356117,7.80583941347945,"AW"
"AW_366499","Heart","AW_366499_hap1_h1tg001114l_262232-262509:-_AW_366499_hap1_h1tg001114l_263655-263921:-","EXON2","Not_core","Potential_coding_gene",0,0,0,0,267,0.267,18,67.4157303370786,0.0152184151969046,4429.87850343252,8.39635315115137,"AW"
"AW_366499","Heart","AW_366499_hap1_h1tg001114l_262232-262509:-_AW_366499_hap1_h1tg001114l_263655-263921:-","EXON3","Not_core","Potential_coding_gene",0,0,0,0,278,0.278,18,64.7482014388489,0.0152184151969046,4254.59554106648,8.35598999386144,"AW"
"AW_366499","Heart","AW_366499_hap1_h1tg001114l_302484-302760:-","EXON3","Not_core","Potential_pseudogene",2,1,NA,NA,277,0.277,5,18.0505415162455,0.0152184151969046,1186.09863659896,7.07926748854477,"AW"
"AW_366499","Heart","AW_366499_hap1_h1tg001114l_528317-528576:._AW_366499_hap1_h1tg001114l_528832-529108:.","EXON2","Not_core","Potential_pseudogene",0,0,NA,NA,260,0.26,0,0,0.0152184151969046,0,0,"AW"
"AW_366499","Heart","AW_366499_hap1_h1tg001114l_528317-528576:._AW_366499_hap1_h1tg001114l_528832-529108:.","EXON3","Not_core","Potential_pseudogene",2,1,NA,NA,277,0.277,0,0,0.0152184151969046,0,0,"AW"
"AW_366499","Heart","AW_366499_hap2_h2tg000337l_1166563-1166839:.","EXON3","Not_core","Potential_pseudogene",2,1,NA,NA,277,0.277,2,7.22021660649819,0.0152184151969046,474.439454639584,6.1642395439931,"AW"
"AW_366499","Heart","AW_366499_hap2_h2tg000337l_1205376-1205642:._AW_366499_hap2_h2tg000337l_1206785-1207062:.","EXON2","Not_core","Potential_coding_gene",0,0,0,0,267,0.267,6,22.4719101123595,0.0152184151969046,1476.62616781084,7.29819213839987,"AW"
"AW_366499","Heart","AW_366499_hap2_h2tg000337l_1205376-1205642:._AW_366499_hap2_h2tg000337l_1206785-1207062:.","EXON3","Not_core","Potential_coding_gene",0,0,0,0,278,0.278,6,21.5827338129496,0.0152184151969046,1418.19851368883,7.25784756426674,"AW"
"AW_366499","Heart","AW_366499_hap2_h2tg000337l_1213344-1213584:.","EXON2","Not_core","Potential_coding_gene",0,0,NA,NA,241,0.241,2,8.29875518672199,0.0152184151969046,545.310078569148,6.30318672401266,"AW"
"AW_366499","Heart","AW_366499_hap2_h2tg000337l_1318346-1318622:.","EXON3","Not_core","Potential_pseudogene",2,1,NA,NA,277,0.277,2,7.22021660649819,0.0152184151969046,474.439454639584,6.1642395439931,"AW"
"AW_366499","Heart","AW_366499_hap2_h2tg000337l_937825-938101:-_AW_366499_hap2_h2tg000337l_938356-938615:-","EXON2","Not_core","Potential_pseudogene",0,0,NA,NA,260,0.26,12,46.1538461538462,0.0152184151969046,3032.76297542688,8.01755903405742,"AW"
"AW_366499","Heart","AW_366499_hap2_h2tg000337l_937825-938101:-_AW_366499_hap2_h2tg000337l_938356-938615:-","EXON3","Not_core","Potential_pseudogene",2,1,NA,NA,277,0.277,12,43.3212996389892,0.0152184151969046,2846.6367278375,7.95424471096839,"AW"
"AW_366499","Heart","AW_366499_hap2_h2tg000375l_101365-101631:._AW_366499_hap2_h2tg000375l_102975-103252:.","EXON2","Core","Potential_coding_gene",0,0,0,0,267,0.267,42,157.303370786517,0.0152184151969046,10336.3831746759,9.24352203814846,"AW"
"AW_366499","Heart","AW_366499_hap2_h2tg000375l_101365-101631:._AW_366499_hap2_h2tg000375l_102975-103252:.","EXON3","Core","Potential_coding_gene",0,0,0,0,278,0.278,42,151.079136690647,0.0152184151969046,9927.3895958218,9.20315356823997,"AW"
"AW_366499","Heart","AW_366499_hap2_h2tg000375l_124283-124560:-_AW_366499_hap2_h2tg000375l_125812-126078:-","EXON2","Core","Potential_coding_gene",0,0,0,0,267,0.267,189,707.865168539326,0.0152184151969046,46513.7242860415,10.7475241927647,"AW"
"AW_366499","Heart","AW_366499_hap2_h2tg000375l_124283-124560:-_AW_366499_hap2_h2tg000375l_125812-126078:-","EXON3","Core","Potential_coding_gene",0,0,0,0,278,0.278,189,679.856115107914,0.0152184151969046,44673.2531811981,10.7071526231828,"AW"
"AW_366499","Heart","AW_366499_hap2_h2tg000375l_149007-149284:-_AW_366499_hap2_h2tg000375l_150474-150740:-","EXON2","Core","Potential_coding_gene",0,0,0,0,267,0.267,305,1142.32209737828,0.0152184151969046,75061.830197051,11.2260807777742,"AW"
"AW_366499","Heart","AW_366499_hap2_h2tg000375l_149007-149284:-_AW_366499_hap2_h2tg000375l_150474-150740:-","EXON3","Core","Potential_coding_gene",0,0,0,0,278,0.278,305,1097.12230215827,0.0152184151969046,72091.7577791821,11.1857088713372,"AW"
"AW_366499","Heart","AW_366499_hap2_h2tg000375l_157567-157845:-_AW_366499_hap2_h2tg000375l_158985-159252:-","EXON2","Core","Potential_coding_gene",0,0,3,0,268,0.268,326,1216.41791044776,0.0152184151969046,79930.6560314622,11.2889272489274,"AW"
"AW_366499","Heart","AW_366499_hap2_h2tg000375l_157567-157845:-_AW_366499_hap2_h2tg000375l_158985-159252:-","EXON3","Core","Potential_coding_gene",0,0,3,0,279,0.279,326,1168.45878136201,0.0152184151969046,76779.268159254,11.2487029611152,"AW"
"AW_366499","Heart","AW_366499_hap2_h2tg000375l_72197-72463:._AW_366499_hap2_h2tg000375l_73603-73880:.","EXON2","Core","Potential_coding_gene",0,0,0,0,267,0.267,78,292.134831460674,0.0152184151969046,19196.1401815409,9.86251659804381,"AW"
"AW_366499","Heart","AW_366499_hap2_h2tg000375l_72197-72463:._AW_366499_hap2_h2tg000375l_73603-73880:.","EXON3","Core","Potential_coding_gene",0,0,0,0,278,0.278,78,280.575539568345,0.0152184151969046,18436.5806779548,9.82214628882608,"AW"
"AW_366499","Liver","AW_366499_hap1_h1tg000874l_102489-102766:-_AW_366499_hap1_h1tg000874l_104302-104568:-","EXON2","Core","Potential_coding_gene",0,0,0,0,267,0.267,137,513.10861423221,0.0336118807688935,15265.6918474812,9.63342873083114,"AW"
"AW_366499","Liver","AW_366499_hap1_h1tg000874l_102489-102766:-_AW_366499_hap1_h1tg000874l_104302-104568:-","EXON3","Core","Potential_coding_gene",0,0,0,0,278,0.278,137,492.805755395683,0.0336118807688935,14661.6536808543,9.59305897412449,"AW"
"AW_366499","Liver","AW_366499_hap1_h1tg000874l_134221-134498:-_AW_366499_hap1_h1tg000874l_135240-135506:-","EXON2","Core","Potential_coding_gene",0,0,0,0,267,0.267,223,835.205992509363,0.0336118807688935,24848.5349050242,10.120594315254,"AW"
"AW_366499","Liver","AW_366499_hap1_h1tg000874l_134221-134498:-_AW_366499_hap1_h1tg000874l_135240-135506:-","EXON3","Core","Potential_coding_gene",0,0,0,0,278,0.278,223,802.158273381295,0.0336118807688935,23865.3194951132,10.0802235178807,"AW"
"AW_366499","Liver","AW_366499_hap1_h1tg000874l_163545-163822:-_AW_366499_hap1_h1tg000874l_164847-165113:-","EXON2","Core","Potential_coding_gene",0,0,0,0,267,0.267,119,445.692883895131,0.0336118807688935,13259.980509856,9.49258120594241,"AW"
"AW_366499","Liver","AW_366499_hap1_h1tg000874l_163545-163822:-_AW_366499_hap1_h1tg000874l_164847-165113:-","EXON3","Core","Potential_coding_gene",0,0,0,0,278,0.278,119,428.057553956835,0.0336118807688935,12735.3050220559,9.45221185739348,"AW"
"AW_366499","Liver","AW_366499_hap1_h1tg000874l_192729-193006:-_AW_366499_hap1_h1tg000874l_194262-194528:-","EXON2","Core","Potential_coding_gene",0,0,0,0,267,0.267,94,352.059925093633,0.0336118807688935,10474.2703187098,9.25677255053944,"AW"
"AW_366499","Liver","AW_366499_hap1_h1tg000874l_192729-193006:-_AW_366499_hap1_h1tg000874l_194262-194528:-","EXON3","Core","Potential_coding_gene",0,0,0,0,278,0.278,94,338.129496402878,0.0336118807688935,10059.8207737248,9.21640402817103,"AW"
"AW_366499","Liver","AW_366499_hap1_h1tg000874l_20143-20409:._AW_366499_hap1_h1tg000874l_21585-21862:.","EXON2","Core","Potential_coding_gene",0,0,0,0,267,0.267,77,288.389513108614,0.0336118807688935,8579.98738873033,9.05730426613238,"AW"
"AW_366499","Liver","AW_366499_hap1_h1tg000874l_20143-20409:._AW_366499_hap1_h1tg000874l_21585-21862:.","EXON3","Core","Potential_coding_gene",0,0,0,0,278,0.278,77,276.978417266187,0.0336118807688935,8240.49148485971,9.01693661196815,"AW"
"AW_366499","Liver","AW_366499_hap1_h1tg000874l_50867-51144:-_AW_366499_hap1_h1tg000874l_52716-52982:-","EXON2","Core","Potential_coding_gene",0,0,0,0,267,0.267,65,243.445692883895,0.0336118807688935,7242.84649698015,8.88790762841161,"AW"
"AW_366499","Liver","AW_366499_hap1_h1tg000874l_50867-51144:-_AW_366499_hap1_h1tg000874l_52716-52982:-","EXON3","Core","Potential_coding_gene",0,0,0,0,278,0.278,65,233.812949640288,0.0336118807688935,6956.25904566079,8.84754086048424,"AW"
"AW_366499","Liver","AW_366499_hap1_h1tg000874l_8010-8275:._AW_366499_hap1_h1tg000874l_9447-9724:.","EXON2","Core","Potential_pseudogene",1,0,1,0,266,0.266,826,3105.26315789474,0.0336118807688935,92385.8792444764,11.4337402480282,"AW"
"AW_366499","Liver","AW_366499_hap1_h1tg000874l_8010-8275:._AW_366499_hap1_h1tg000874l_9447-9724:.","EXON3","Core","Potential_pseudogene",0,0,1,0,278,0.278,826,2971.22302158273,0.0336118807688935,88397.9995648587,11.3896159314221,"AW"
"AW_366499","Liver","AW_366499_hap1_h1tg000874l_83389-83666:-_AW_366499_hap1_h1tg000874l_84876-85142:-","EXON2","Core","Potential_coding_gene",0,0,0,0,267,0.267,957,3584.26966292135,0.0336118807688935,106636.986117077,11.5771950698006,"AW"
"AW_366499","Liver","AW_366499_hap1_h1tg000874l_83389-83666:-_AW_366499_hap1_h1tg000874l_84876-85142:-","EXON3","Core","Potential_coding_gene",0,0,0,0,278,0.278,957,3442.44604316547,0.0336118807688935,102417.537026113,11.53682300085,"AW"
"AW_366499","Liver","AW_366499_hap1_h1tg001114l_150689-150965:-","EXON3","Not_core","Potential_pseudogene",2,1,0,0,277,0.277,3,10.8303249097473,0.0336118807688935,322.217164347742,5.77832443274837,"AW"
"AW_366499","Liver","AW_366499_hap1_h1tg001114l_255709-255949:-","EXON2","Not_core","Potential_coding_gene",0,0,0,0,241,0.241,4,16.597510373444,0.0336118807688935,493.79891853015,6.20415145484527,"AW"
"AW_366499","Liver","AW_366499_hap1_h1tg001114l_262232-262509:-_AW_366499_hap1_h1tg001114l_263655-263921:-","EXON2","Not_core","Potential_coding_gene",0,0,0,0,267,0.267,8,29.9625468164794,0.0336118807688935,891.427261166788,6.79394501023925,"AW"
"AW_366499","Liver","AW_366499_hap1_h1tg001114l_262232-262509:-_AW_366499_hap1_h1tg001114l_263655-263921:-","EXON3","Not_core","Potential_coding_gene",0,0,0,0,278,0.278,8,28.7769784172662,0.0336118807688935,856.154959465944,6.75361871843214,"AW"
"AW_366499","Liver","AW_366499_hap1_h1tg001114l_302484-302760:-","EXON3","Not_core","Potential_pseudogene",2,1,NA,NA,277,0.277,6,21.6606498194946,0.0336118807688935,644.434328695485,6.46992346800111,"AW"
"AW_366499","Liver","AW_366499_hap1_h1tg001114l_528317-528576:._AW_366499_hap1_h1tg001114l_528832-529108:.","EXON2","Not_core","Potential_pseudogene",0,0,NA,NA,260,0.26,0,0,0.0336118807688935,0,0,"AW"
"AW_366499","Liver","AW_366499_hap1_h1tg001114l_528317-528576:._AW_366499_hap1_h1tg001114l_528832-529108:.","EXON3","Not_core","Potential_pseudogene",2,1,NA,NA,277,0.277,0,0,0.0336118807688935,0,0,"AW"
"AW_366499","Liver","AW_366499_hap2_h2tg000337l_1166563-1166839:.","EXON3","Not_core","Potential_pseudogene",2,1,NA,NA,277,0.277,17,61.3718411552347,0.0336118807688935,1825.89726463721,7.51037432307128,"AW"
"AW_366499","Liver","AW_366499_hap2_h2tg000337l_1205376-1205642:._AW_366499_hap2_h2tg000337l_1206785-1207062:.","EXON2","Not_core","Potential_coding_gene",0,0,0,0,267,0.267,8,29.9625468164794,0.0336118807688935,891.427261166788,6.79394501023925,"AW"
"AW_366499","Liver","AW_366499_hap2_h2tg000337l_1205376-1205642:._AW_366499_hap2_h2tg000337l_1206785-1207062:.","EXON3","Not_core","Potential_coding_gene",0,0,0,0,278,0.278,8,28.7769784172662,0.0336118807688935,856.154959465944,6.75361871843214,"AW"
"AW_366499","Liver","AW_366499_hap2_h2tg000337l_1213344-1213584:.","EXON2","Not_core","Potential_coding_gene",0,0,NA,NA,241,0.241,3,12.448132780083,0.0336118807688935,370.349188897613,5.91714282991368,"AW"
"AW_366499","Liver","AW_366499_hap2_h2tg000337l_1318346-1318622:.","EXON3","Not_core","Potential_pseudogene",2,1,NA,NA,277,0.277,3,10.8303249097473,0.0336118807688935,322.217164347742,5.77832443274837,"AW"
"AW_366499","Liver","AW_366499_hap2_h2tg000337l_937825-938101:-_AW_366499_hap2_h2tg000337l_938356-938615:-","EXON2","Not_core","Potential_pseudogene",0,0,NA,NA,260,0.26,16,61.5384615384615,0.0336118807688935,1830.85445178102,7.51308409436015,"AW"
"AW_366499","Liver","AW_366499_hap2_h2tg000337l_937825-938101:-_AW_366499_hap2_h2tg000337l_938356-938615:-","EXON3","Not_core","Potential_pseudogene",2,1,NA,NA,277,0.277,16,57.7617328519856,0.0336118807688935,1718.49154318796,7.44978391167934,"AW"
"AW_366499","Liver","AW_366499_hap2_h2tg000375l_101365-101631:._AW_366499_hap2_h2tg000375l_102975-103252:.","EXON2","Core","Potential_coding_gene",0,0,0,0,267,0.267,118,441.947565543071,0.0336118807688935,13148.5521022101,9.4841429763574,"AW"
"AW_366499","Liver","AW_366499_hap2_h2tg000375l_101365-101631:._AW_366499_hap2_h2tg000375l_102975-103252:.","EXON3","Core","Potential_coding_gene",0,0,0,0,278,0.278,118,424.460431654676,0.0336118807688935,12628.2856521227,9.44377365413474,"AW"
"AW_366499","Liver","AW_366499_hap2_h2tg000375l_124283-124560:-_AW_366499_hap2_h2tg000375l_125812-126078:-","EXON2","Core","Potential_coding_gene",0,0,0,0,267,0.267,288,1078.65168539326,0.0336118807688935,32091.3814020044,10.3763739414472,"AW"
"AW_366499","Liver","AW_366499_hap2_h2tg000375l_124283-124560:-_AW_366499_hap2_h2tg000375l_125812-126078:-","EXON3","Core","Potential_coding_gene",0,0,0,0,278,0.278,288,1035.97122302158,0.0336118807688935,30821.578540774,10.3360027699031,"AW"
"AW_366499","Liver","AW_366499_hap2_h2tg000375l_149007-149284:-_AW_366499_hap2_h2tg000375l_150474-150740:-","EXON2","Core","Potential_coding_gene",0,0,0,0,267,0.267,612,2292.13483146067,0.0336118807688935,68194.1854792592,11.1301292471939,"AW"
"AW_366499","Liver","AW_366499_hap2_h2tg000375l_149007-149284:-_AW_366499_hap2_h2tg000375l_150474-150740:-","EXON3","Core","Potential_coding_gene",0,0,0,0,278,0.278,612,2201.43884892086,0.0336118807688935,65495.8543991447,11.0897573960296,"AW"
"AW_366499","Liver","AW_366499_hap2_h2tg000375l_157567-157845:-_AW_366499_hap2_h2tg000375l_158985-159252:-","EXON2","Core","Potential_coding_gene",0,0,3,0,268,0.268,900,3358.20895522388,0.0336118807688935,99911.367004841,11.5120487508171,"AW"
"AW_366499","Liver","AW_366499_hap2_h2tg000375l_157567-157845:-_AW_366499_hap2_h2tg000375l_158985-159252:-","EXON3","Core","Potential_coding_gene",0,0,3,0,279,0.279,900,3225.8064516129,0.0336118807688935,95972.2091659404,11.4718243603142,"AW"
"AW_366499","Liver","AW_366499_hap2_h2tg000375l_72197-72463:._AW_366499_hap2_h2tg000375l_73603-73880:.","EXON2","Core","Potential_coding_gene",0,0,0,0,267,0.267,113,423.220973782772,0.0336118807688935,12591.4100639809,9.4408495355638,"AW"
"AW_366499","Liver","AW_366499_hap2_h2tg000375l_72197-72463:._AW_366499_hap2_h2tg000375l_73603-73880:.","EXON3","Core","Potential_coding_gene",0,0,0,0,278,0.278,113,406.474820143885,0.0336118807688935,12093.1888024565,9.40048035196122,"AW"
