"individual_id","tissue","exon_id","EXON","CONTIG_TYPE","GENE_TYPE","FRAMESHIFTS_BLAST","INFRAME_STOPS_BLAST","FRAMESHIFTS_MINIPROT","INFRAME_STOPS_MINIPROT","exon_len_bp","exon_len_kb","count","RPK","scaling_factor","TPM","logTPM1","SPECIES"
"AC_1603_72852","Blood","AC_1603_72852_hap1_h1tg000172l_43405-43665:._AC_1603_72852_hap1_h1tg000172l_43920-44196:.","EXON2","Not_core","Potential_pseudogene",0,0,NA,NA,261,0.261,28,107.27969348659,0.0250809776526099,4277.33300401974,8.36131872766473,"AC"
"AC_1603_72852","Blood","AC_1603_72852_hap1_h1tg000172l_43405-43665:._AC_1603_72852_hap1_h1tg000172l_43920-44196:.","EXON3","Not_core","Potential_pseudogene",2,0,NA,NA,277,0.277,28,101.083032490975,0.0250809776526099,4030.26683772257,8.30183595733476,"AC"
"AC_1603_72852","Blood","AC_1603_72852_hap1_h1tg000172l_473033-473309:.","EXON3","Not_core","Potential_pseudogene",2,1,NA,NA,277,0.277,34,122.743682310469,0.0250809776526099,4893.89544580598,8.49594819535059,"AC"
"AC_1603_72852","Blood","AC_1603_72852_hap1_h1tg000172l_513380-513646:._AC_1603_72852_hap1_h1tg000172l_514789-515066:.","EXON2","Not_core","Potential_coding_gene",0,0,0,0,267,0.267,66,247.191011235955,0.0250809776526099,9855.71673719156,9.19590840402938,"AC"
"AC_1603_72852","Blood","AC_1603_72852_hap1_h1tg000172l_513380-513646:._AC_1603_72852_hap1_h1tg000172l_514789-515066:.","EXON3","Not_core","Potential_coding_gene",0,0,0,0,278,0.278,66,237.410071942446,0.0250809776526099,9465.74233392139,9.15554012846911,"AC"
"AC_1603_72852","Blood","AC_1603_72852_hap1_h1tg000172l_521338-521577:.","EXON2","Not_core","Potential_coding_gene",0,0,NA,NA,240,0.24,33,137.5,0.0250809776526099,5482.2424350628,8.60945189019581,"AC"
"AC_1603_72852","Blood","AC_1603_72852_hap1_h1tg000172l_626743-627019:.","EXON3","Not_core","Potential_pseudogene",2,1,NA,NA,277,0.277,11,39.7111913357401,0.0250809776526099,1583.31911481958,7.36791001345975,"AC"
"AC_1603_72852","Blood","AC_1603_72852_hap1_h1tg000410l_117076-117353:-_AC_1603_72852_hap1_h1tg000410l_118349-118615:-","EXON2","Core","Potential_coding_gene",0,0,0,0,267,0.267,413,1546.81647940075,0.0250809776526099,61672.8941281835,11.0296160106034,"AC"
"AC_1603_72852","Blood","AC_1603_72852_hap1_h1tg000410l_117076-117353:-_AC_1603_72852_hap1_h1tg000410l_118349-118615:-","EXON3","Core","Potential_coding_gene",0,0,0,0,278,0.278,413,1485.61151079137,0.0250809776526099,59232.599756205,10.9892442233183,"AC"
"AC_1603_72852","Blood","AC_1603_72852_hap1_h1tg000410l_145341-145618:-_AC_1603_72852_hap1_h1tg000410l_146562-146828:-","EXON2","Core","Potential_coding_gene",0,0,1,0,267,0.267,262,981.2734082397,0.0250809776526099,39124.208865821,10.5745222662517,"AC"
"AC_1603_72852","Blood","AC_1603_72852_hap1_h1tg000410l_145341-145618:-_AC_1603_72852_hap1_h1tg000410l_146562-146828:-","EXON3","Core","Potential_coding_gene",0,0,1,0,278,0.278,262,942.446043165468,0.0250809776526099,37576.1286589001,10.534150863952,"AC"
"AC_1603_72852","Blood","AC_1603_72852_hap1_h1tg000410l_178066-178343:-_AC_1603_72852_hap1_h1tg000410l_179816-180082:-","EXON2","Core","Potential_coding_gene",0,0,1,0,267,0.267,174,651.685393258427,0.0250809776526099,25983.2532162323,10.1652459879968,"AC"
"AC_1603_72852","Blood","AC_1603_72852_hap1_h1tg000410l_178066-178343:-_AC_1603_72852_hap1_h1tg000410l_179816-180082:-","EXON3","Core","Potential_coding_gene",0,0,1,0,278,0.278,174,625.899280575539,0.0250809776526099,24955.1388803382,10.1248751182231,"AC"
"AC_1603_72852","Blood","AC_1603_72852_hap1_h1tg000410l_60409-60675:._AC_1603_72852_hap1_h1tg000410l_61934-62211:.","EXON2","Core","Potential_coding_gene",0,0,0,0,267,0.267,260,973.78277153558,0.0250809776526099,38825.5507828758,10.5668595901136,"AC"
"AC_1603_72852","Blood","AC_1603_72852_hap1_h1tg000410l_60409-60675:._AC_1603_72852_hap1_h1tg000410l_61934-62211:.","EXON3","Core","Potential_coding_gene",0,0,0,0,278,0.278,260,935.251798561151,0.0250809776526099,37289.2879821146,10.5264881959136,"AC"
"AC_1603_72852","Blood","AC_1603_72852_hap1_h1tg000410l_88578-88855:-_AC_1603_72852_hap1_h1tg000410l_89959-90225:-","EXON2","Core","Potential_coding_gene",0,0,1,0,267,0.267,358,1340.82397003745,0.0250809776526099,53459.7968471906,10.8867038950661,"AC"
"AC_1603_72852","Blood","AC_1603_72852_hap1_h1tg000410l_88578-88855:-_AC_1603_72852_hap1_h1tg000410l_89959-90225:-","EXON3","Core","Potential_coding_gene",0,0,1,0,278,0.278,358,1287.76978417266,0.0250809776526099,51344.4811446039,10.8463322104056,"AC"
"AC_1603_72852","Blood","AC_1603_72852_hap2_h2tg000031l_1069163-1069439:-_AC_1603_72852_hap2_h2tg000031l_1069694-1069954:-","EXON2","Not_core","Potential_pseudogene",0,0,NA,NA,261,0.261,0,0,0.0250809776526099,0,0,"AC"
"AC_1603_72852","Blood","AC_1603_72852_hap2_h2tg000031l_1069163-1069439:-_AC_1603_72852_hap2_h2tg000031l_1069694-1069954:-","EXON3","Not_core","Potential_pseudogene",2,0,NA,NA,277,0.277,0,0,0.0250809776526099,0,0,"AC"
"AC_1603_72852","Blood","AC_1603_72852_hap2_h2tg000031l_1069694-1069954:-_AC_1603_72852_hap2_h2tg000186l_43405-43665:.","EXON2","Not_core","Potential_coding_gene",0,0,NA,NA,261,0.261,2,7.66283524904215,0.0250809776526099,305.52378600141,5.72529535758997,"AC"
"AC_1603_72852","Blood","AC_1603_72852_hap2_h2tg000031l_498556-498832:-","EXON3","Not_core","Potential_pseudogene",2,1,0,0,277,0.277,0,0,0.0250809776526099,0,0,"AC"
"AC_1603_72852","Blood","AC_1603_72852_hap2_h2tg000031l_604610-604849:-","EXON2","Not_core","Potential_coding_gene",0,0,0,0,240,0.24,11,45.8333333333333,0.0250809776526099,1827.41414502093,7.51120428271126,"AC"
"AC_1603_72852","Blood","AC_1603_72852_hap2_h2tg000031l_611121-611398:-_AC_1603_72852_hap2_h2tg000031l_612542-612808:-","EXON2","Not_core","Potential_coding_gene",0,0,0,0,267,0.267,22,82.3970037453183,0.0250809776526099,3285.23891239719,8.09749900210068,"AC"
"AC_1603_72852","Blood","AC_1603_72852_hap2_h2tg000031l_611121-611398:-_AC_1603_72852_hap2_h2tg000031l_612542-612808:-","EXON3","Not_core","Potential_coding_gene",0,0,0,0,278,0.278,22,79.136690647482,0.0250809776526099,3155.24744464046,8.05713908340448,"AC"
"AC_1603_72852","Blood","AC_1603_72852_hap2_h2tg000031l_652877-653153:-","EXON3","Not_core","Potential_pseudogene",2,1,NA,NA,277,0.277,11,39.7111913357401,0.0250809776526099,1583.31911481958,7.36791001345975,"AC"
"AC_1603_72852","Blood","AC_1603_72852_hap2_h2tg000186l_43405-43665:._AC_1603_72852_hap2_h2tg000186l_43920-44196:.","EXON3","Not_core","Potential_pseudogene",2,0,NA,NA,277,0.277,2,7.22021660649819,0.0250809776526099,287.87620269447,5.6659982319592,"AC"
"AC_1603_72852","Blood","AC_1603_72852_hap2_h2tg000186l_473033-473309:.","EXON3","Not_core","Potential_pseudogene",2,1,NA,NA,277,0.277,0,0,0.0250809776526099,0,0,"AC"
"AC_1603_72852","Blood","AC_1603_72852_hap2_h2tg000186l_513380-513646:._AC_1603_72852_hap2_h2tg000186l_514789-515066:.","EXON2","Not_core","Potential_coding_gene",0,0,0,0,267,0.267,0,0,0.0250809776526099,0,0,"AC"
"AC_1603_72852","Blood","AC_1603_72852_hap2_h2tg000186l_513380-513646:._AC_1603_72852_hap2_h2tg000186l_514789-515066:.","EXON3","Not_core","Potential_coding_gene",0,0,0,0,278,0.278,0,0,0.0250809776526099,0,0,"AC"
"AC_1603_72852","Blood","AC_1603_72852_hap2_h2tg000186l_521338-521577:.","EXON2","Not_core","Potential_coding_gene",0,0,NA,NA,240,0.24,0,0,0.0250809776526099,0,0,"AC"
"AC_1603_72852","Blood","AC_1603_72852_hap2_h2tg000186l_626743-627019:.","EXON3","Not_core","Potential_pseudogene",2,1,NA,NA,277,0.277,2,7.22021660649819,0.0250809776526099,287.87620269447,5.6659982319592,"AC"
"AC_1603_72852","Blood","AC_1603_72852_hap2_h2tg000510l_109008-109274:._AC_1603_72852_hap2_h2tg000510l_110618-110895:.","EXON2","Core","Potential_coding_gene",0,0,0,0,267,0.267,153,573.033707865168,0.0250809776526099,22847.3433453077,10.0366338923946,"AC"
"AC_1603_72852","Blood","AC_1603_72852_hap2_h2tg000510l_109008-109274:._AC_1603_72852_hap2_h2tg000510l_110618-110895:.","EXON3","Core","Potential_coding_gene",0,0,0,0,278,0.278,153,550.359712230216,0.0250809776526099,21943.3117740905,9.99626324023117,"AC"
"AC_1603_72852","Blood","AC_1603_72852_hap2_h2tg000510l_152945-153222:-_AC_1603_72852_hap2_h2tg000510l_154218-154484:-","EXON2","Core","Potential_coding_gene",0,0,1,0,267,0.267,161,602.996254681648,0.0250809776526099,24041.9756770885,10.0875981612339,"AC"
"AC_1603_72852","Blood","AC_1603_72852_hap2_h2tg000510l_152945-153222:-_AC_1603_72852_hap2_h2tg000510l_154218-154484:-","EXON3","Core","Potential_coding_gene",0,0,1,0,278,0.278,161,579.136690647482,0.0250809776526099,23090.6744812325,10.047227419478,"AC"
"AC_1603_72852","Blood","AC_1603_72852_hap2_h2tg000510l_159988-160265:-_AC_1603_72852_hap2_h2tg000510l_161281-161547:-","EXON2","Core","Potential_coding_gene",0,0,1,0,267,0.267,293,1097.37827715356,0.0250809776526099,43753.4091514716,10.6863476673128,"AC"
"AC_1603_72852","Blood","AC_1603_72852_hap2_h2tg000510l_159988-160265:-_AC_1603_72852_hap2_h2tg000510l_161281-161547:-","EXON3","Core","Potential_coding_gene",0,0,1,0,278,0.278,293,1053.95683453237,0.0250809776526099,42022.1591490753,10.6459761536071,"AC"
"AC_1603_72852","Blood","AC_1603_72852_hap2_h2tg000510l_167465-167742:-_AC_1603_72852_hap2_h2tg000510l_169100-169366:-","EXON2","Core","Potential_coding_gene",0,0,0,0,267,0.267,160,599.250936329588,0.0250809776526099,23892.6466356159,10.0813678714345,"AC"
"AC_1603_72852","Blood","AC_1603_72852_hap2_h2tg000510l_167465-167742:-_AC_1603_72852_hap2_h2tg000510l_169100-169366:-","EXON3","Core","Potential_coding_gene",0,0,0,0,278,0.278,160,575.539568345324,0.0250809776526099,22947.2541428397,10.0409971403876,"AC"
"AC_1603_72852","Blood","AC_1603_72852_hap2_h2tg000510l_18484-18750:._AC_1603_72852_hap2_h2tg000510l_20164-20441:.","EXON2","Core","Potential_coding_gene",0,0,0,0,267,0.267,1010,3782.77153558052,0.0250809776526099,150822.331887325,11.9238644433262,"AC"
"AC_1603_72852","Blood","AC_1603_72852_hap2_h2tg000510l_18484-18750:._AC_1603_72852_hap2_h2tg000510l_20164-20441:.","EXON3","Core","Potential_coding_gene",0,0,0,0,278,0.278,1010,3633.09352517986,0.0250809776526099,144854.541776676,11.8834922611931,"AC"
"AC_1603_72872","Blood","AC_1603_72872_hap1_h1tg000177l_29475-29735:._AC_1603_72872_hap1_h1tg000177l_29990-30266:.","EXON2","Not_core","Potential_pseudogene",0,0,NA,NA,261,0.261,0,0,0.00517603563508243,0,0,"AC"
"AC_1603_72872","Blood","AC_1603_72872_hap1_h1tg000177l_29475-29735:._AC_1603_72872_hap1_h1tg000177l_29990-30266:.","EXON3","Not_core","Potential_pseudogene",2,0,NA,NA,277,0.277,0,0,0.00517603563508243,0,0,"AC"
"AC_1603_72872","Blood","AC_1603_72872_hap1_h1tg000321l_158454-158693:-","EXON2","Not_core","Potential_coding_gene",0,0,0,0,240,0.24,19,79.1666666666667,0.00517603563508243,15294.8457561007,9.63533655130341,"AC"
"AC_1603_72872","Blood","AC_1603_72872_hap1_h1tg000321l_164955-165232:-_AC_1603_72872_hap1_h1tg000321l_166375-166641:-","EXON2","Not_core","Potential_coding_gene",0,0,0,0,267,0.267,40,149.812734082397,0.00517603563508243,28943.5283379789,10.2731364612682,"AC"
"AC_1603_72872","Blood","AC_1603_72872_hap1_h1tg000321l_164955-165232:-_AC_1603_72872_hap1_h1tg000321l_166375-166641:-","EXON3","Not_core","Potential_coding_gene",0,0,0,0,278,0.278,40,143.884892086331,0.00517603563508243,27798.2808138143,10.2327654293374,"AC"
"AC_1603_72872","Blood","AC_1603_72872_hap1_h1tg000321l_206712-206988:-","EXON3","Not_core","Potential_pseudogene",2,1,NA,NA,277,0.277,15,54.1516245487365,0.00517603563508243,10461.9883568236,9.25559939058521,"AC"
"AC_1603_72872","Blood","AC_1603_72872_hap1_h1tg000321l_53138-53414:-","EXON3","Not_core","Potential_pseudogene",2,1,0,0,277,0.277,14,50.5415162454874,0.00517603563508243,9764.5224663687,9.1866133458599,"AC"
"AC_1603_72872","Blood","AC_1603_72872_hap1_h1tg000708l_105122-105399:-_AC_1603_72872_hap1_h1tg000708l_106623-106889:-","EXON2","Core","Potential_coding_gene",0,0,0,0,267,0.267,186,696.629213483146,0.00517603563508243,134587.406771602,11.8099765615145,"AC"
"AC_1603_72872","Blood","AC_1603_72872_hap1_h1tg000708l_105122-105399:-_AC_1603_72872_hap1_h1tg000708l_106623-106889:-","EXON3","Core","Potential_coding_gene",0,0,0,0,278,0.278,186,669.064748201439,0.00517603563508243,129262.005784236,11.7696044123314,"AC"
"AC_1603_72872","Blood","AC_1603_72872_hap1_h1tg000708l_12873-13139:._AC_1603_72872_hap1_h1tg000708l_14526-14803:.","EXON2","Core","Potential_coding_gene",0,0,0,0,267,0.267,62,232.209737827715,0.00517603563508243,44862.4689238673,10.7113791328569,"AC"
"AC_1603_72872","Blood","AC_1603_72872_hap1_h1tg000708l_12873-13139:._AC_1603_72872_hap1_h1tg000708l_14526-14803:.","EXON3","Core","Potential_coding_gene",0,0,0,0,278,0.278,62,223.021582733813,0.00517603563508243,43087.3352614121,10.6710075958745,"AC"
"AC_1603_72872","Blood","AC_1603_72872_hap1_h1tg000708l_27230-27496:._AC_1603_72872_hap1_h1tg000708l_28958-29235:.","EXON2","Core","Potential_coding_gene",0,0,0,0,267,0.267,12,44.9438202247191,0.00517603563508243,8683.05850139367,9.06924426766292,"AC"
"AC_1603_72872","Blood","AC_1603_72872_hap1_h1tg000708l_27230-27496:._AC_1603_72872_hap1_h1tg000708l_28958-29235:.","EXON3","Core","Potential_coding_gene",0,0,0,0,278,0.278,12,43.1654676258993,0.00517603563508243,8339.48424414428,9.02887655651425,"AC"
"AC_1603_72872","Blood","AC_1603_72872_hap1_h1tg000708l_46835-47101:._AC_1603_72872_hap1_h1tg000708l_48471-48748:.","EXON2","Core","Potential_coding_gene",0,0,0,0,267,0.267,16,59.9250936329588,0.00517603563508243,11577.4113351916,9.35689755131756,"AC"
"AC_1603_72872","Blood","AC_1603_72872_hap1_h1tg000708l_46835-47101:._AC_1603_72872_hap1_h1tg000708l_48471-48748:.","EXON3","Core","Potential_coding_gene",0,0,0,0,278,0.278,16,57.5539568345324,0.00517603563508243,11119.3123255257,9.316528654238,"AC"
"AC_1603_72872","Blood","AC_1603_72872_hap1_h1tg000708l_54470-54736:._AC_1603_72872_hap1_h1tg000708l_55752-56029:.","EXON2","Core","Potential_coding_gene",0,0,0,0,267,0.267,10,37.4531835205992,0.00517603563508243,7235.88208449473,8.88694574130997,"AC"
"AC_1603_72872","Blood","AC_1603_72872_hap1_h1tg000708l_54470-54736:._AC_1603_72872_hap1_h1tg000708l_55752-56029:.","EXON3","Core","Potential_coding_gene",0,0,0,0,278,0.278,10,35.9712230215827,0.00517603563508243,6949.57020345357,8.84657897885582,"AC"
"AC_1603_72872","Blood","AC_1603_72872_hap1_h1tg000708l_61533-61799:._AC_1603_72872_hap1_h1tg000708l_62795-63072:.","EXON2","Core","Potential_coding_gene",0,0,0,0,267,0.267,28,104.868913857678,0.00517603563508243,20260.4698365852,9.91647632386736,"AC"
"AC_1603_72872","Blood","AC_1603_72872_hap1_h1tg000708l_61533-61799:._AC_1603_72872_hap1_h1tg000708l_62795-63072:.","EXON3","Core","Potential_coding_gene",0,0,0,0,278,0.278,28,100.719424460432,0.00517603563508243,19458.79656967,9.87610590191711,"AC"
"AC_1603_72872","Blood","AC_1603_72872_hap2_h2tg000492l_34097-34357:._AC_1603_72872_hap2_h2tg000492l_34612-34888:.","EXON2","Not_core","Potential_pseudogene",0,0,NA,NA,261,0.261,2,7.66283524904215,0.00517603563508243,1480.44484027593,7.30077313397214,"AC"
"AC_1603_72872","Blood","AC_1603_72872_hap2_h2tg000492l_34097-34357:._AC_1603_72872_hap2_h2tg000492l_34612-34888:.","EXON3","Not_core","Potential_pseudogene",2,0,NA,NA,277,0.277,2,7.22021660649819,0.00517603563508243,1394.93178090981,7.24131741458515,"AC"
"AC_1603_72872","Blood","AC_1603_72872_hap2_h2tg000492l_450687-450963:.","EXON3","Not_core","Potential_pseudogene",2,1,2,0,277,0.277,10,36.101083032491,0.00517603563508243,6974.65890454907,8.85018206882989,"AC"
"AC_1603_72872","Blood","AC_1603_72872_hap2_h2tg000492l_491035-491301:._AC_1603_72872_hap2_h2tg000492l_492444-492721:.","EXON2","Not_core","Potential_coding_gene",0,0,0,0,267,0.267,32,119.850187265918,0.00517603563508243,23154.8226703831,10.0500015471277,"AC"
"AC_1603_72872","Blood","AC_1603_72872_hap2_h2tg000492l_491035-491301:._AC_1603_72872_hap2_h2tg000492l_492444-492721:.","EXON3","Not_core","Potential_coding_gene",0,0,0,0,278,0.278,32,115.107913669065,0.00517603563508243,22238.6246510514,10.0096308710212,"AC"
"AC_1603_72872","Blood","AC_1603_72872_hap2_h2tg000492l_498983-499222:.","EXON2","Not_core","Potential_coding_gene",0,0,NA,NA,240,0.24,16,66.6666666666667,0.00517603563508243,12879.8701104006,9.46349855253193,"AC"
"AC_1603_72872","Blood","AC_1603_72872_hap2_h2tg000492l_604298-604574:.","EXON3","Not_core","Potential_pseudogene",2,1,NA,NA,277,0.277,14,50.5415162454874,0.00517603563508243,9764.5224663687,9.1866133458599,"AC"
"AC_1603_72872","Blood","AC_1603_72872_hap2_h2tg001233l_102342-102619:-_AC_1603_72872_hap2_h2tg001233l_103663-103929:-","EXON2","Core","Potential_coding_gene",0,0,0,0,267,0.267,112,419.475655430712,0.00517603563508243,81041.8793463409,11.3027336682314,"AC"
"AC_1603_72872","Blood","AC_1603_72872_hap2_h2tg001233l_102342-102619:-_AC_1603_72872_hap2_h2tg001233l_103663-103929:-","EXON3","Core","Potential_coding_gene",0,0,0,0,278,0.278,112,402.877697841727,0.00517603563508243,77835.18627868,11.2623617212953,"AC"
"AC_1603_72872","Blood","AC_1603_72872_hap2_h2tg001233l_114789-115066:-","EXON3","Core","Potential_coding_gene",0,0,NA,NA,278,0.278,0,0,0.00517603563508243,0,0,"AC"
"AC_1603_72872","Blood","AC_1603_72872_hap2_h2tg001233l_42131-42397:._AC_1603_72872_hap2_h2tg001233l_43556-43833:.","EXON2","Core","Potential_coding_gene",0,0,0,0,267,0.267,159,595.505617977528,0.00517603563508243,115050.525143466,11.6531353517291,"AC"
"AC_1603_72872","Blood","AC_1603_72872_hap2_h2tg001233l_42131-42397:._AC_1603_72872_hap2_h2tg001233l_43556-43833:.","EXON3","Core","Potential_coding_gene",0,0,0,0,278,0.278,159,571.942446043165,0.00517603563508243,110498.166234912,11.6127632545261,"AC"
"AC_1713_89780","Blood","AC_1713_89780_hap1_h1tg000146l_1016357-1016596:-","EXON2","Not_core","Potential_coding_gene",0,0,0,0,240,0.24,19,79.1666666666667,0.0365864055611667,2163.8273957881,7.68009591244921,"AC"
"AC_1713_89780","Blood","AC_1713_89780_hap1_h1tg000146l_1022858-1023135:-_AC_1713_89780_hap1_h1tg000146l_1024278-1024544:-","EXON2","Not_core","Potential_coding_gene",0,0,0,0,267,0.267,36,134.831460674157,0.0365864055611667,3685.28852742148,8.2123754117321,"AC"
"AC_1713_89780","Blood","AC_1713_89780_hap1_h1tg000146l_1022858-1023135:-_AC_1713_89780_hap1_h1tg000146l_1024278-1024544:-","EXON3","Not_core","Potential_coding_gene",0,0,0,0,278,0.278,36,129.496402877698,0.0365864055611667,3539.46775835085,8.1720141325261,"AC"
"AC_1713_89780","Blood","AC_1713_89780_hap1_h1tg000146l_1064615-1064891:-","EXON3","Not_core","Potential_pseudogene",2,1,NA,NA,277,0.277,21,75.812274368231,0.0365864055611667,2072.14327850504,7.6368212265476,"AC"
"AC_1713_89780","Blood","AC_1713_89780_hap1_h1tg000146l_1480785-1481061:-_AC_1713_89780_hap1_h1tg000146l_1481316-1481576:-","EXON2","Not_core","Potential_pseudogene",0,0,NA,NA,261,0.261,5,19.1570881226054,0.0365864055611667,523.612194988046,6.26265931342268,"AC"
"AC_1713_89780","Blood","AC_1713_89780_hap1_h1tg000146l_1480785-1481061:-_AC_1713_89780_hap1_h1tg000146l_1481316-1481576:-","EXON3","Not_core","Potential_pseudogene",2,0,NA,NA,277,0.277,5,18.0505415162455,0.0365864055611667,493.367447263105,6.20327906106131,"AC"
"AC_1713_89780","Blood","AC_1713_89780_hap1_h1tg000146l_911017-911293:-","EXON3","Not_core","Potential_pseudogene",2,1,0,0,277,0.277,2,7.22021660649819,0.0365864055611667,197.346978905242,5.29001791571373,"AC"
"AC_1713_89780","Blood","AC_1713_89780_hap1_h1tg000512l_10135-10401:._AC_1713_89780_hap1_h1tg000512l_11771-12048:.","EXON2","Core","Potential_coding_gene",0,0,0,0,267,0.267,241,902.621722846442,0.0365864055611667,24670.9593085716,10.1134226270658,"AC"
"AC_1713_89780","Blood","AC_1713_89780_hap1_h1tg000512l_10135-10401:._AC_1713_89780_hap1_h1tg000512l_11771-12048:.","EXON3","Core","Potential_coding_gene",0,0,0,0,278,0.278,241,866.906474820144,0.0365864055611667,23694.7702711821,10.0730518416253,"AC"
"AC_1713_89780","Blood","AC_1713_89780_hap1_h1tg000512l_163340-163617:-_AC_1713_89780_hap1_h1tg000512l_165031-165297:-","EXON2","Core","Potential_coding_gene",0,0,0,0,267,0.267,1106,4142.32209737828,0.0365864055611667,113220.253092449,11.6370991752952,"AC"
"AC_1713_89780","Blood","AC_1713_89780_hap1_h1tg000512l_163340-163617:-_AC_1713_89780_hap1_h1tg000512l_165031-165297:-","EXON3","Core","Potential_coding_gene",0,0,0,0,278,0.278,1106,3978.41726618705,0.0365864055611667,108740.315020446,11.5967270838808,"AC"
"AC_1713_89780","Blood","AC_1713_89780_hap1_h1tg000512l_17966-18232:._AC_1713_89780_hap1_h1tg000512l_19248-19525:.","EXON2","Core","Potential_coding_gene",0,0,0,0,267,0.267,258,966.292134831461,0.0365864055611667,26411.2344465206,10.1815826077903,"AC"
"AC_1713_89780","Blood","AC_1713_89780_hap1_h1tg000512l_17966-18232:._AC_1713_89780_hap1_h1tg000512l_19248-19525:.","EXON3","Core","Potential_coding_gene",0,0,0,0,278,0.278,258,928.057553956834,0.0365864055611667,25366.1856015144,10.1412117123252,"AC"
"AC_1713_89780","Blood","AC_1713_89780_hap1_h1tg000512l_25029-25295:._AC_1713_89780_hap1_h1tg000512l_26291-26568:.","EXON2","Core","Potential_coding_gene",0,0,0,0,267,0.267,233,872.659176029963,0.0365864055611667,23852.0063024779,10.0796655387912,"AC"
"AC_1713_89780","Blood","AC_1713_89780_hap1_h1tg000512l_25029-25295:._AC_1713_89780_hap1_h1tg000512l_26291-26568:.","EXON3","Core","Potential_coding_gene",0,0,0,0,278,0.278,233,838.129496402878,0.0365864055611667,22908.2218804374,10.0392948106821,"AC"
"AC_1713_89780","Blood","AC_1713_89780_hap1_h1tg000512l_68618-68895:-_AC_1713_89780_hap1_h1tg000512l_70239-70505:-","EXON2","Core","Potential_coding_gene",0,0,0,0,267,0.267,227,850.187265917603,0.0365864055611667,23237.7915479077,10.0535782108147,"AC"
"AC_1713_89780","Blood","AC_1713_89780_hap1_h1tg000512l_68618-68895:-_AC_1713_89780_hap1_h1tg000512l_70239-70505:-","EXON3","Core","Potential_coding_gene",0,0,0,0,278,0.278,227,816.546762589928,0.0365864055611667,22318.310587379,10.013207528356,"AC"
"AC_1713_89780","Blood","AC_1713_89780_hap2_h2tg000097l_10807-11073:._AC_1713_89780_hap2_h2tg000097l_12460-12737:.","EXON2","Core","Potential_coding_gene",0,0,0,0,267,0.267,218,816.479400749064,0.0365864055611667,22316.4694160523,10.0131250326505,"AC"
"AC_1713_89780","Blood","AC_1713_89780_hap2_h2tg000097l_10807-11073:._AC_1713_89780_hap2_h2tg000097l_12460-12737:.","EXON3","Core","Potential_coding_gene",0,0,0,0,278,0.278,218,784.172661870503,0.0365864055611667,21433.4436477913,9.97275442337875,"AC"
"AC_1713_89780","Blood","AC_1713_89780_hap2_h2tg000097l_133654-133931:-_AC_1713_89780_hap2_h2tg000097l_135090-135356:-","EXON2","Core","Potential_coding_gene",0,0,0,0,267,0.267,277,1037.4531835206,0.0365864055611667,28356.2478359931,10.2526379320722,"AC"
"AC_1713_89780","Blood","AC_1713_89780_hap2_h2tg000097l_133654-133931:-_AC_1713_89780_hap2_h2tg000097l_135090-135356:-","EXON3","Core","Potential_coding_gene",0,0,0,0,278,0.278,277,996.402877697842,0.0365864055611667,27234.2380295329,10.2122669296192,"AC"
"AC_1713_89780","Blood","AC_1713_89780_hap2_h2tg000097l_175552-175829:-_AC_1713_89780_hap2_h2tg000097l_177084-177350:-","EXON2","Core","Potential_coding_gene",0,0,0,0,267,0.267,1154,4322.09737827715,0.0365864055611667,118133.971129011,11.6795830729077,"AC"
"AC_1713_89780","Blood","AC_1713_89780_hap2_h2tg000097l_175552-175829:-_AC_1713_89780_hap2_h2tg000097l_177084-177350:-","EXON3","Core","Potential_coding_gene",0,0,0,0,278,0.278,1154,4151.07913669065,0.0365864055611667,113459.605364913,11.6392109663582,"AC"
"AC_1713_89780","Blood","AC_1713_89780_hap2_h2tg000097l_25163-25429:._AC_1713_89780_hap2_h2tg000097l_26891-27168:.","EXON2","Core","Potential_coding_gene",0,0,0,0,267,0.267,426,1595.50561797753,0.0365864055611667,43609.2475744876,10.6830474378326,"AC"
"AC_1713_89780","Blood","AC_1713_89780_hap2_h2tg000097l_25163-25429:._AC_1713_89780_hap2_h2tg000097l_26891-27168:.","EXON3","Core","Potential_coding_gene",0,0,0,0,278,0.278,426,1532.37410071942,0.0365864055611667,41883.7018071517,10.6426759272395,"AC"
"AC_1713_89780","Blood","AC_1713_89780_hap2_h2tg000097l_44768-45034:._AC_1713_89780_hap2_h2tg000097l_46349-46626:.","EXON2","Core","Potential_coding_gene",0,0,0,0,267,0.267,592,2217.22846441948,0.0365864055611667,60602.5224509311,11.0121082966211,"AC"
"AC_1713_89780","Blood","AC_1713_89780_hap2_h2tg000097l_44768-45034:._AC_1713_89780_hap2_h2tg000097l_46349-46626:.","EXON3","Core","Potential_coding_gene",0,0,0,0,278,0.278,592,2129.4964028777,0.0365864055611667,58204.5809151029,10.9717365211343,"AC"
"AC_1713_89780","Blood","AC_1713_89780_hap2_h2tg000097l_81600-81866:._AC_1713_89780_hap2_h2tg000097l_83541-83818:.","EXON2","Core","Potential_coding_gene",0,0,0,0,267,0.267,121,453.183520599251,0.0365864055611667,12386.6642171667,9.42445643523386,"AC"
"AC_1713_89780","Blood","AC_1713_89780_hap2_h2tg000097l_81600-81866:._AC_1713_89780_hap2_h2tg000097l_83541-83818:.","EXON3","Core","Potential_coding_gene",0,0,0,0,278,0.278,121,435.251798561151,0.0365864055611667,11896.5444100126,9.38408730570631,"AC"
"AC_1713_89780","Blood","AC_1713_89780_hap2_h2tg000379l_41728-41988:._AC_1713_89780_hap2_h2tg000379l_42243-42519:.","EXON2","Not_core","Potential_pseudogene",0,0,NA,NA,261,0.261,5,19.1570881226054,0.0365864055611667,523.612194988046,6.26265931342268,"AC"
"AC_1713_89780","Blood","AC_1713_89780_hap2_h2tg000379l_41728-41988:._AC_1713_89780_hap2_h2tg000379l_42243-42519:.","EXON3","Not_core","Potential_pseudogene",2,0,NA,NA,277,0.277,5,18.0505415162455,0.0365864055611667,493.367447263105,6.20327906106131,"AC"
"AC_1713_89780","Blood","AC_1713_89780_hap2_h2tg000487l_283211-283487:.","EXON3","Not_core","Potential_pseudogene",2,1,2,0,277,0.277,24,86.6425992779783,0.0365864055611667,2368.1637468629,7.77029232243824,"AC"
"AC_1713_89780","Blood","AC_1713_89780_hap2_h2tg000487l_323558-323824:._AC_1713_89780_hap2_h2tg000487l_324967-325244:.","EXON2","Not_core","Potential_coding_gene",0,0,0,0,267,0.267,38,142.322097378277,0.0365864055611667,3890.0267789449,8.26642835523918,"AC"
"AC_1713_89780","Blood","AC_1713_89780_hap2_h2tg000487l_323558-323824:._AC_1713_89780_hap2_h2tg000487l_324967-325244:.","EXON3","Not_core","Potential_coding_gene",0,0,0,0,278,0.278,38,136.690647482014,0.0365864055611667,3736.10485603701,8.2260664879725,"AC"
"AC_1713_89780","Blood","AC_1713_89780_hap2_h2tg000487l_331508-331747:.","EXON2","Not_core","Potential_coding_gene",0,0,NA,NA,240,0.24,20,83.3333333333333,0.0365864055611667,2277.713048198,7.73136611004044,"AC"
"AC_1713_89780","Blood","AC_1713_89780_hap2_h2tg000487l_436815-437091:.","EXON3","Not_core","Potential_pseudogene",2,1,NA,NA,277,0.277,1,3.6101083032491,0.0365864055611667,98.673489452621,4.60189973842593,"AC"
"AC_1873_10093","Blood","AC_1873_10093_hap1_h1tg000187l_358055-358331:.","EXON3","Not_core","Potential_pseudogene",2,1,2,0,277,0.277,21,75.812274368231,0.0352268071655438,2152.11881144837,7.67467267997943,"AC"
"AC_1873_10093","Blood","AC_1873_10093_hap1_h1tg000187l_398406-398672:._AC_1873_10093_hap1_h1tg000187l_399815-400092:.","EXON2","Not_core","Potential_coding_gene",0,0,0,0,267,0.267,34,127.340823970037,0.0352268071655438,3614.8840674551,8.1930916600067,"AC"
"AC_1873_10093","Blood","AC_1873_10093_hap1_h1tg000187l_398406-398672:._AC_1873_10093_hap1_h1tg000187l_399815-400092:.","EXON3","Not_core","Potential_coding_gene",0,0,0,0,278,0.278,34,122.302158273381,0.0352268071655438,3471.84908636875,8.15273059840771,"AC"
"AC_1873_10093","Blood","AC_1873_10093_hap1_h1tg000187l_406354-406593:.","EXON2","Not_core","Potential_coding_gene",0,0,NA,NA,240,0.24,17,70.8333333333333,0.0352268071655438,2010.7792625219,7.6067748147248,"AC"
"AC_1873_10093","Blood","AC_1873_10093_hap1_h1tg000187l_511687-511963:.","EXON3","Not_core","Potential_pseudogene",2,1,NA,NA,277,0.277,7,25.2707581227437,0.0352268071655438,717.372937149456,6.57698884527265,"AC"
"AC_1873_10093","Blood","AC_1873_10093_hap1_h1tg000369l_124460-124737:-_AC_1873_10093_hap1_h1tg000369l_125896-126162:-","EXON2","Core","Potential_coding_gene",0,0,0,0,267,0.267,344,1288.38951310861,0.0352268071655438,36574.1211530751,10.5071235383388,"AC"
"AC_1873_10093","Blood","AC_1873_10093_hap1_h1tg000369l_124460-124737:-_AC_1873_10093_hap1_h1tg000369l_125896-126162:-","EXON3","Core","Potential_coding_gene",0,0,0,0,278,0.278,344,1237.41007194245,0.0352268071655438,35126.9436973779,10.4667522094555,"AC"
"AC_1873_10093","Blood","AC_1873_10093_hap1_h1tg000369l_14458-14724:._AC_1873_10093_hap1_h1tg000369l_15775-16052:.","EXON2","Core","Potential_coding_gene",0,0,0,0,267,0.267,555,2078.65168539326,0.0352268071655438,59007.666395223,10.9854396001555,"AC"
"AC_1873_10093","Blood","AC_1873_10093_hap1_h1tg000369l_14458-14724:._AC_1873_10093_hap1_h1tg000369l_15775-16052:.","EXON3","Core","Potential_coding_gene",0,0,0,0,278,0.278,555,1996.40287769784,0.0352268071655438,56672.8306745487,10.945067843042,"AC"
"AC_1873_10093","Blood","AC_1873_10093_hap1_h1tg000369l_170599-170876:-_AC_1873_10093_hap1_h1tg000369l_172119-172385:-","EXON2","Core","Potential_coding_gene",0,0,0,0,267,0.267,1240,4644.19475655431,0.0352268071655438,131836.94834248,11.7893287832995,"AC"
"AC_1873_10093","Blood","AC_1873_10093_hap1_h1tg000369l_170599-170876:-_AC_1873_10093_hap1_h1tg000369l_172119-172385:-","EXON3","Core","Potential_coding_gene",0,0,0,0,278,0.278,1240,4460.43165467626,0.0352268071655438,126620.378444037,11.7489566405026,"AC"
"AC_1873_10093","Blood","AC_1873_10093_hap1_h1tg000369l_44283-44549:._AC_1873_10093_hap1_h1tg000369l_45963-46240:.","EXON2","Core","Potential_coding_gene",0,0,0,0,267,0.267,255,955.056179775281,0.0352268071655438,27111.6305059132,10.2077549686197,"AC"
"AC_1873_10093","Blood","AC_1873_10093_hap1_h1tg000369l_44283-44549:._AC_1873_10093_hap1_h1tg000369l_45963-46240:.","EXON3","Core","Potential_coding_gene",0,0,0,0,278,0.278,255,917.26618705036,0.0352268071655438,26038.8681477656,10.1673840328598,"AC"
"AC_1873_10093","Blood","AC_1873_10093_hap1_h1tg000520l_59438-59714:-_AC_1873_10093_hap1_h1tg000520l_59969-60229:-","EXON2","Not_core","Potential_pseudogene",0,0,NA,NA,261,0.261,2,7.66283524904215,0.0352268071655438,217.528520624411,5.38691653519096,"AC"
"AC_1873_10093","Blood","AC_1873_10093_hap1_h1tg000520l_59438-59714:-_AC_1873_10093_hap1_h1tg000520l_59969-60229:-","EXON3","Not_core","Potential_pseudogene",2,0,NA,NA,277,0.277,2,7.22021660649819,0.0352268071655438,204.963696328416,5.32769992184354,"AC"
"AC_1873_10093","Blood","AC_1873_10093_hap1_h1tg000520l_59969-60229:-_AC_1873_10093_hap2_h2tg000087l_35849-36109:.","EXON2","Not_core","Potential_coding_gene",0,0,NA,NA,261,0.261,2,7.66283524904215,0.0352268071655438,217.528520624411,5.38691653519096,"AC"
"AC_1873_10093","Blood","AC_1873_10093_hap2_h2tg000087l_35849-36109:._AC_1873_10093_hap2_h2tg000087l_36364-36640:.","EXON3","Not_core","Potential_pseudogene",2,0,NA,NA,277,0.277,0,0,0.0352268071655438,0,0,"AC"
"AC_1873_10093","Blood","AC_1873_10093_hap2_h2tg000087l_452648-452924:.","EXON3","Not_core","Potential_pseudogene",2,1,NA,NA,277,0.277,7,25.2707581227437,0.0352268071655438,717.372937149456,6.57698884527265,"AC"
"AC_1873_10093","Blood","AC_1873_10093_hap2_h2tg000087l_492993-493259:._AC_1873_10093_hap2_h2tg000087l_494403-494680:.","EXON2","Not_core","Potential_coding_gene",0,0,0,0,267,0.267,10,37.4531835205992,0.0352268071655438,1063.20119631032,6.96997974630214,"AC"
"AC_1873_10093","Blood","AC_1873_10093_hap2_h2tg000087l_492993-493259:._AC_1873_10093_hap2_h2tg000087l_494403-494680:.","EXON3","Not_core","Potential_coding_gene",0,0,0,0,278,0.278,10,35.9712230215827,0.0352268071655438,1021.1320842261,6.9296460033385,"AC"
"AC_1873_10093","Blood","AC_1873_10093_hap2_h2tg000087l_500952-501191:.","EXON2","Not_core","Potential_coding_gene",0,0,NA,NA,240,0.24,5,20.8333333333333,0.0352268071655438,591.405665447617,6.38419164589892,"AC"
"AC_1873_10093","Blood","AC_1873_10093_hap2_h2tg000087l_606970-607246:.","EXON3","Not_core","Potential_pseudogene",2,1,NA,NA,277,0.277,8,28.8808664259928,0.0352268071655438,819.854785313665,6.71034621842892,"AC"
"AC_1873_10093","Blood","AC_1873_10093_hap2_h2tg000174l_146156-146433:-_AC_1873_10093_hap2_h2tg000174l_147592-147858:-","EXON2","Core","Potential_coding_gene",0,0,0,0,267,0.267,322,1205.9925093633,0.0352268071655438,34235.0785211924,10.4410352945259,"AC"
"AC_1873_10093","Blood","AC_1873_10093_hap2_h2tg000174l_146156-146433:-_AC_1873_10093_hap2_h2tg000174l_147592-147858:-","EXON3","Core","Potential_coding_gene",0,0,0,0,278,0.278,322,1158.27338129496,0.0352268071655438,32880.4531120805,10.4006640425999,"AC"
"AC_1873_10093","Blood","AC_1873_10093_hap2_h2tg000174l_188054-188331:-_AC_1873_10093_hap2_h2tg000174l_189586-189852:-","EXON2","Core","Potential_coding_gene",0,0,0,0,267,0.267,786,2943.8202247191,0.0352268071655438,83567.6140299914,11.3334232983179,"AC"
"AC_1873_10093","Blood","AC_1873_10093_hap2_h2tg000174l_188054-188331:-_AC_1873_10093_hap2_h2tg000174l_189586-189852:-","EXON3","Core","Potential_coding_gene",0,0,0,0,278,0.278,786,2827.3381294964,0.0352268071655438,80260.9818201716,11.2930513360176,"AC"
"AC_1873_10093","Blood","AC_1873_10093_hap2_h2tg000174l_23309-23575:._AC_1873_10093_hap2_h2tg000174l_24962-25239:.","EXON2","Core","Potential_coding_gene",0,0,0,0,267,0.267,274,1026.21722846442,0.0352268071655438,29131.7127789029,10.2796169722533,"AC"
"AC_1873_10093","Blood","AC_1873_10093_hap2_h2tg000174l_23309-23575:._AC_1873_10093_hap2_h2tg000174l_24962-25239:.","EXON3","Core","Potential_coding_gene",0,0,0,0,278,0.278,274,985.611510791367,0.0352268071655438,27979.0191077952,10.2392459311283,"AC"
"AC_1873_10093","Blood","AC_1873_10093_hap2_h2tg000174l_37665-37931:._AC_1873_10093_hap2_h2tg000174l_39393-39670:.","EXON2","Core","Potential_coding_gene",0,0,0,0,267,0.267,418,1565.54307116105,0.0352268071655438,44441.8100057715,10.7019584732075,"AC"
"AC_1873_10093","Blood","AC_1873_10093_hap2_h2tg000174l_37665-37931:._AC_1873_10093_hap2_h2tg000174l_39393-39670:.","EXON3","Core","Potential_coding_gene",0,0,0,0,278,0.278,418,1503.59712230216,0.0352268071655438,42683.3211206511,10.6615869449171,"AC"
"AC_1873_10093","Blood","AC_1873_10093_hap2_h2tg000174l_57270-57536:._AC_1873_10093_hap2_h2tg000174l_58851-59128:.","EXON2","Core","Potential_coding_gene",0,0,0,0,267,0.267,339,1269.66292134831,0.0352268071655438,36042.52055492,10.4924823916052,"AC"
"AC_1873_10093","Blood","AC_1873_10093_hap2_h2tg000174l_57270-57536:._AC_1873_10093_hap2_h2tg000174l_58851-59128:.","EXON3","Core","Potential_coding_gene",0,0,0,0,278,0.278,339,1219.42446043165,0.0352268071655438,34616.3776552649,10.4521110793351,"AC"
"AC_1873_10093","Blood","AC_1873_10093_hap2_h2tg000174l_94102-94368:._AC_1873_10093_hap2_h2tg000174l_96043-96320:.","EXON2","Core","Potential_coding_gene",0,0,0,0,267,0.267,184,689.138576779026,0.0352268071655438,19562.9020121099,9.88144141306512,"AC"
"AC_1873_10093","Blood","AC_1873_10093_hap2_h2tg000174l_94102-94368:._AC_1873_10093_hap2_h2tg000174l_96043-96320:.","EXON3","Core","Potential_coding_gene",0,0,0,0,278,0.278,184,661.870503597122,0.0352268071655438,18788.8303497603,9.8410710636153,"AC"
"AC_1873_10702","Blood","AC_1873_10702_hap1_h1tg000223l_1248651-1248927:-","EXON3","Not_core","Potential_pseudogene",2,1,NA,NA,277,0.277,6,21.6606498194946,0.0259398598914045,835.033416147021,6.72866858375359,"AC"
"AC_1873_10702","Blood","AC_1873_10702_hap1_h1tg000223l_1354512-1354751:-","EXON2","Not_core","Potential_coding_gene",0,0,NA,NA,240,0.24,10,41.6666666666667,0.0259398598914045,1606.27955744948,7.38229831292859,"AC"
"AC_1873_10702","Blood","AC_1873_10702_hap1_h1tg000223l_1361023-1361300:-_AC_1873_10702_hap1_h1tg000223l_1362444-1362710:-","EXON2","Not_core","Potential_coding_gene",0,0,NA,NA,267,0.267,20,74.9063670411985,0.0259398598914045,2887.69358642603,7.96855963268342,"AC"
"AC_1873_10702","Blood","AC_1873_10702_hap1_h1tg000223l_1361023-1361300:-_AC_1873_10702_hap1_h1tg000223l_1362444-1362710:-","EXON3","Not_core","Potential_coding_gene",0,0,NA,NA,278,0.278,20,71.9424460431655,0.0259398598914045,2773.43232940917,7.92820143927538,"AC"
"AC_1873_10702","Blood","AC_1873_10702_hap1_h1tg000223l_1402775-1403051:-","EXON3","Not_core","Potential_pseudogene",2,1,NA,NA,277,0.277,6,21.6606498194946,0.0259398598914045,835.033416147021,6.72866858375359,"AC"
"AC_1873_10702","Blood","AC_1873_10702_hap1_h1tg000223l_1827027-1827303:-_AC_1873_10702_hap1_h1tg000223l_1827558-1827818:-","EXON2","Not_core","Potential_pseudogene",0,0,NA,NA,261,0.261,17,65.1340996168582,0.0259398598914045,2510.96574497849,7.82882089094196,"AC"
"AC_1873_10702","Blood","AC_1873_10702_hap1_h1tg000223l_1827027-1827303:-_AC_1873_10702_hap1_h1tg000223l_1827558-1827818:-","EXON3","Not_core","Potential_pseudogene",2,0,NA,NA,277,0.277,17,61.3718411552347,0.0259398598914045,2365.92801241656,7.76934819604624,"AC"
"AC_1873_10702","Blood","AC_1873_10702_hap1_h1tg000225l_103167-103433:._AC_1873_10702_hap1_h1tg000225l_104855-105132:.","EXON2","Core","Potential_coding_gene",0,0,NA,NA,267,0.267,349,1307.11610486891,0.0259398598914045,50390.2530831342,10.8275728890601,"AC"
"AC_1873_10702","Blood","AC_1873_10702_hap1_h1tg000225l_103167-103433:._AC_1873_10702_hap1_h1tg000225l_104855-105132:.","EXON3","Core","Potential_coding_gene",0,0,NA,NA,278,0.278,349,1255.39568345324,0.0259398598914045,48396.39414819,10.7872012513419,"AC"
"AC_1873_10702","Blood","AC_1873_10702_hap1_h1tg000225l_196019-196285:._AC_1873_10702_hap1_h1tg000225l_197329-197606:.","EXON2","Core","Potential_coding_gene",0,0,NA,NA,267,0.267,80,299.625468164794,0.0259398598914045,11550.7743457041,9.35459432715582,"AC"
"AC_1873_10702","Blood","AC_1873_10702_hap1_h1tg000225l_196019-196285:._AC_1873_10702_hap1_h1tg000225l_197329-197606:.","EXON3","Core","Potential_coding_gene",0,0,NA,NA,278,0.278,80,287.769784172662,0.0259398598914045,11093.7293176367,9.31422543828105,"AC"
"AC_1873_10702","Blood","AC_1873_10702_hap1_h1tg000225l_280652-280929:-_AC_1873_10702_hap1_h1tg000225l_281961-282227:-","EXON2","Core","Potential_coding_gene",0,0,NA,NA,267,0.267,106,397.003745318352,0.0259398598914045,15304.7760080579,9.6359855530055,"AC"
"AC_1873_10702","Blood","AC_1873_10702_hap1_h1tg000225l_280652-280929:-_AC_1873_10702_hap1_h1tg000225l_281961-282227:-","EXON3","Core","Potential_coding_gene",0,0,NA,NA,278,0.278,106,381.294964028777,0.0259398598914045,14699.1913458686,9.59561578940787,"AC"
"AC_1873_10702","Blood","AC_1873_10702_hap1_h1tg000225l_293087-293364:-_AC_1873_10702_hap1_h1tg000225l_294679-294945:-","EXON2","Core","Potential_coding_gene",0,0,NA,NA,267,0.267,269,1007.49063670412,0.0259398598914045,38839.4787374301,10.5672182482158,"AC"
"AC_1873_10702","Blood","AC_1873_10702_hap1_h1tg000225l_293087-293364:-_AC_1873_10702_hap1_h1tg000225l_294679-294945:-","EXON3","Core","Potential_coding_gene",0,0,NA,NA,278,0.278,269,967.625899280575,0.0259398598914045,37302.6648305533,10.5268468536353,"AC"
"AC_1873_10702","Blood","AC_1873_10702_hap1_h1tg000225l_312544-312821:-_AC_1873_10702_hap1_h1tg000225l_314283-314549:-","EXON2","Core","Potential_coding_gene",0,0,NA,NA,267,0.267,180,674.157303370787,0.0259398598914045,25989.2422778342,10.1654764495557,"AC"
"AC_1873_10702","Blood","AC_1873_10702_hap1_h1tg000225l_312544-312821:-_AC_1873_10702_hap1_h1tg000225l_314283-314549:-","EXON3","Core","Potential_coding_gene",0,0,NA,NA,278,0.278,180,647.482014388489,0.0259398598914045,24960.8909646825,10.1251055794167,"AC"
"AC_1873_10702","Blood","AC_1873_10702_hap1_h1tg000225l_326975-327252:-_AC_1873_10702_hap1_h1tg000225l_328639-328905:-","EXON2","Core","Potential_coding_gene",0,0,NA,NA,267,0.267,105,393.258426966292,0.0259398598914045,15160.3913287366,9.62650743128706,"AC"
"AC_1873_10702","Blood","AC_1873_10702_hap1_h1tg000225l_326975-327252:-_AC_1873_10702_hap1_h1tg000225l_328639-328905:-","EXON3","Core","Potential_coding_gene",0,0,NA,NA,278,0.278,105,377.697841726619,0.0259398598914045,14560.5197293981,9.58613769332288,"AC"
"AC_1873_10702","Blood","AC_1873_10702_hap2_h2tg000250l_37030-37290:._AC_1873_10702_hap2_h2tg000250l_37545-37821:.","EXON2","Not_core","Potential_pseudogene",0,0,NA,NA,261,0.261,31,118.773946360153,0.0259398598914045,4578.81988790196,8.42941495054935,"AC"
"AC_1873_10702","Blood","AC_1873_10702_hap2_h2tg000250l_37030-37290:._AC_1873_10702_hap2_h2tg000250l_37545-37821:.","EXON3","Not_core","Potential_pseudogene",2,0,NA,NA,277,0.277,31,111.913357400722,0.0259398598914045,4314.33931675961,8.36993123698658,"AC"
"AC_1873_10702","Blood","AC_1873_10702_hap2_h2tg000250l_453694-453970:.","EXON3","Not_core","Potential_pseudogene",2,1,NA,NA,277,0.277,51,184.115523465704,0.0259398598914045,7097.78403724968,8.86767878600313,"AC"
"AC_1873_10702","Blood","AC_1873_10702_hap2_h2tg000250l_494040-494306:._AC_1873_10702_hap2_h2tg000250l_495449-495726:.","EXON2","Not_core","Potential_coding_gene",0,0,NA,NA,267,0.267,106,397.003745318352,0.0259398598914045,15304.7760080579,9.6359855530055,"AC"
"AC_1873_10702","Blood","AC_1873_10702_hap2_h2tg000250l_494040-494306:._AC_1873_10702_hap2_h2tg000250l_495449-495726:.","EXON3","Not_core","Potential_coding_gene",0,0,NA,NA,278,0.278,106,381.294964028777,0.0259398598914045,14699.1913458686,9.59561578940787,"AC"
"AC_1873_10702","Blood","AC_1873_10702_hap2_h2tg000250l_501988-502227:.","EXON2","Not_core","Potential_coding_gene",0,0,NA,NA,240,0.24,53,220.833333333333,0.0259398598914045,8513.28165448223,9.04950022717546,"AC"
"AC_1873_10702","Blood","AC_1873_10702_hap2_h2tg000250l_607288-607564:.","EXON3","Not_core","Potential_pseudogene",2,1,NA,NA,277,0.277,1,3.6101083032491,0.0259398598914045,139.172236024503,4.94287192378076,"AC"
"AC_1873_10702","Blood","AC_1873_10702_hap2_h2tg000291l_119517-119783:._AC_1873_10702_hap2_h2tg000291l_120942-121219:.","EXON2","Core","Potential_coding_gene",0,0,NA,NA,267,0.267,361,1352.05992509363,0.0259398598914045,52122.8692349898,10.8613782655323,"AC"
"AC_1873_10702","Blood","AC_1873_10702_hap2_h2tg000291l_119517-119783:._AC_1873_10702_hap2_h2tg000291l_120942-121219:.","EXON3","Core","Potential_coding_gene",0,0,NA,NA,278,0.278,361,1298.56115107914,0.0259398598914045,50060.4535458355,10.8210066006376,"AC"
"AC_1873_10702","Blood","AC_1873_10702_hap2_h2tg000291l_171055-171332:-_AC_1873_10702_hap2_h2tg000291l_173007-173273:-","EXON2","Core","Potential_coding_gene",0,0,NA,NA,267,0.267,282,1056.1797752809,0.0259398598914045,40716.479568607,10.6144127526635,"AC"
"AC_1873_10702","Blood","AC_1873_10702_hap2_h2tg000291l_171055-171332:-_AC_1873_10702_hap2_h2tg000291l_173007-173273:-","EXON3","Core","Potential_coding_gene",0,0,NA,NA,278,0.278,282,1014.38848920863,0.0259398598914045,39105.3958446693,10.5740413091863,"AC"
"AC_1873_10702","Blood","AC_1873_10702_hap2_h2tg000291l_208247-208524:-_AC_1873_10702_hap2_h2tg000291l_209839-210105:-","EXON2","Core","Potential_coding_gene",0,0,NA,NA,267,0.267,371,1389.51310861423,0.0259398598914045,53566.7160282028,10.8887018526889,"AC"
"AC_1873_10702","Blood","AC_1873_10702_hap2_h2tg000291l_208247-208524:-_AC_1873_10702_hap2_h2tg000291l_209839-210105:-","EXON3","Core","Potential_coding_gene",0,0,NA,NA,278,0.278,371,1334.53237410072,0.0259398598914045,51447.1697105401,10.8483301664903,"AC"
"AC_1873_10702","Blood","AC_1873_10702_hap2_h2tg000291l_227704-227981:-_AC_1873_10702_hap2_h2tg000291l_229443-229709:-","EXON2","Core","Potential_coding_gene",0,0,NA,NA,267,0.267,258,966.292134831461,0.0259398598914045,37251.2472648958,10.5254675512469,"AC"
"AC_1873_10702","Blood","AC_1873_10702_hap2_h2tg000291l_227704-227981:-_AC_1873_10702_hap2_h2tg000291l_229443-229709:-","EXON3","Core","Potential_coding_gene",0,0,NA,NA,278,0.278,258,928.057553956834,0.0259398598914045,35777.2770493783,10.4850962018892,"AC"
"AC_1873_10702","Blood","AC_1873_10702_hap2_h2tg000291l_242135-242412:-_AC_1873_10702_hap2_h2tg000291l_243799-244065:-","EXON2","Core","Potential_coding_gene",0,0,NA,NA,267,0.267,289,1082.39700374532,0.0259398598914045,41727.1723238561,10.6389317749714,"AC"
"AC_1873_10702","Blood","AC_1873_10702_hap2_h2tg000291l_242135-242412:-_AC_1873_10702_hap2_h2tg000291l_243799-244065:-","EXON3","Core","Potential_coding_gene",0,0,NA,NA,278,0.278,289,1039.56834532374,0.0259398598914045,40076.0971599625,10.5985603069872,"AC"
"AC_1873_10702","Blood","AC_1873_10702_hap2_h2tg000291l_77523-77789:._AC_1873_10702_hap2_h2tg000291l_79044-79321:.","EXON2","Core","Potential_coding_gene",0,0,NA,NA,267,0.267,641,2400.74906367041,0.0259398598914045,92550.5794449542,11.4355213837118,"AC"
"AC_1873_10702","Blood","AC_1873_10702_hap2_h2tg000291l_77523-77789:._AC_1873_10702_hap2_h2tg000291l_79044-79321:.","EXON3","Core","Potential_coding_gene",0,0,NA,NA,278,0.278,641,2305.75539568345,0.0259398598914045,88888.5061575639,11.3951493735623,"AC"
"AC_1873_10717","Blood","AC_1873_10717_hap1_h1tg000012l_1757408-1757684:-","EXON3","Not_core","Potential_pseudogene",2,1,0,0,277,0.277,1,3.6101083032491,0.0313733189238783,115.069378283132,4.75418810097032,"AC"
"AC_1873_10717","Blood","AC_1873_10717_hap1_h1tg000012l_1862755-1862994:-","EXON2","Not_core","Potential_coding_gene",0,0,0,0,240,0.24,10,41.6666666666667,0.0313733189238783,1328.09240768448,7.19225158803755,"AC"
"AC_1873_10717","Blood","AC_1873_10717_hap1_h1tg000012l_1869256-1869533:-_AC_1873_10717_hap1_h1tg000012l_1870676-1870942:-","EXON2","Not_core","Potential_coding_gene",0,0,0,0,267,0.267,20,74.9063670411985,0.0313733189238783,2387.58185651143,7.7784551033382,"AC"
"AC_1873_10717","Blood","AC_1873_10717_hap1_h1tg000012l_1869256-1869533:-_AC_1873_10717_hap1_h1tg000012l_1870676-1870942:-","EXON3","Not_core","Potential_coding_gene",0,0,0,0,278,0.278,20,71.9424460431655,0.0313733189238783,2293.10919312428,7.73809989600039,"AC"
"AC_1873_10717","Blood","AC_1873_10717_hap1_h1tg000012l_1911013-1911289:-","EXON3","Not_core","Potential_pseudogene",2,1,NA,NA,277,0.277,9,32.4909747292419,0.0313733189238783,1035.62440454819,6.9437249483573,"AC"
"AC_1873_10717","Blood","AC_1873_10717_hap1_h1tg000012l_2327068-2327344:-_AC_1873_10717_hap1_h1tg000012l_2327599-2327859:-","EXON2","Not_core","Potential_pseudogene",0,0,NA,NA,261,0.261,8,30.6513409961686,0.0313733189238783,976.987518296629,6.88549690747549,"AC"
"AC_1873_10717","Blood","AC_1873_10717_hap1_h1tg000012l_2327068-2327344:-_AC_1873_10717_hap1_h1tg000012l_2327599-2327859:-","EXON3","Not_core","Potential_pseudogene",2,0,NA,NA,277,0.277,8,28.8808664259928,0.0313733189238783,920.555026265055,6.8260624891253,"AC"
"AC_1873_10717","Blood","AC_1873_10717_hap1_h1tg000316l_134965-135242:-_AC_1873_10717_hap1_h1tg000316l_136401-136667:-","EXON2","Core","Potential_coding_gene",0,0,0,0,267,0.267,1083,4056.1797752809,0.0313733189238783,129287.557530094,11.7698020653304,"AC"
"AC_1873_10717","Blood","AC_1873_10717_hap1_h1tg000316l_134965-135242:-_AC_1873_10717_hap1_h1tg000316l_136401-136667:-","EXON3","Core","Potential_coding_gene",0,0,0,0,278,0.278,1083,3895.68345323741,0.0313733189238783,124171.86280768,11.7294299286954,"AC"
"AC_1873_10717","Blood","AC_1873_10717_hap1_h1tg000316l_62067-62333:._AC_1873_10717_hap1_h1tg000316l_63732-64009:.","EXON2","Core","Potential_coding_gene",0,0,0,0,267,0.267,585,2191.01123595506,0.0313733189238783,69836.7693029592,11.1539302498968,"AC"
"AC_1873_10717","Blood","AC_1873_10717_hap1_h1tg000316l_62067-62333:._AC_1873_10717_hap1_h1tg000316l_63732-64009:.","EXON3","Core","Potential_coding_gene",0,0,0,0,278,0.278,585,2104.31654676259,0.0313733189238783,67073.4438988853,11.1135583845235,"AC"
"AC_1873_10717","Blood","AC_1873_10717_hap1_h1tg000316l_74869-75135:._AC_1873_10717_hap1_h1tg000316l_76179-76456:.","EXON2","Core","Potential_coding_gene",0,0,0,0,267,0.267,659,2468.16479400749,0.0313733189238783,78670.8221720515,11.2730403292776,"AC"
"AC_1873_10717","Blood","AC_1873_10717_hap1_h1tg000316l_74869-75135:._AC_1873_10717_hap1_h1tg000316l_76179-76456:.","EXON3","Core","Potential_coding_gene",0,0,0,0,278,0.278,659,2370.5035971223,0.0313733189238783,75557.9479134451,11.2326683976626,"AC"
"AC_1873_10717","Blood","AC_1873_10717_hap2_h2tg000015l_355298-355574:-","EXON3","Not_core","Potential_pseudogene",2,1,0,0,277,0.277,2,7.22021660649819,0.0313733189238783,230.138756566264,5.44301820796314,"AC"
"AC_1873_10717","Blood","AC_1873_10717_hap2_h2tg000015l_460623-460862:-","EXON2","Not_core","Potential_coding_gene",0,0,0,0,240,0.24,11,45.8333333333333,0.0313733189238783,1460.90164845293,7.28749336612684,"AC"
"AC_1873_10717","Blood","AC_1873_10717_hap2_h2tg000015l_467124-467401:-_AC_1873_10717_hap2_h2tg000015l_468544-468810:-","EXON2","Not_core","Potential_coding_gene",0,0,0,0,267,0.267,22,82.3970037453183,0.0313733189238783,2626.34004216257,7.87372722255829,"AC"
"AC_1873_10717","Blood","AC_1873_10717_hap2_h2tg000015l_467124-467401:-_AC_1873_10717_hap2_h2tg000015l_468544-468810:-","EXON3","Not_core","Potential_coding_gene",0,0,0,0,278,0.278,22,79.136690647482,0.0313733189238783,2522.42011243671,7.83337044783388,"AC"
"AC_1873_10717","Blood","AC_1873_10717_hap2_h2tg000015l_508880-509156:-","EXON3","Not_core","Potential_pseudogene",2,1,NA,NA,277,0.277,11,39.7111913357401,0.0313733189238783,1265.76316111445,7.14422023397203,"AC"
"AC_1873_10717","Blood","AC_1873_10717_hap2_h2tg000015l_925043-925319:-_AC_1873_10717_hap2_h2tg000015l_925574-925834:-","EXON2","Not_core","Potential_pseudogene",0,0,NA,NA,261,0.261,40,153.256704980843,0.0313733189238783,4884.93759148315,8.49411647881003,"AC"
"AC_1873_10717","Blood","AC_1873_10717_hap2_h2tg000015l_925043-925319:-_AC_1873_10717_hap2_h2tg000015l_925574-925834:-","EXON3","Not_core","Potential_pseudogene",2,0,NA,NA,277,0.277,40,144.404332129964,0.0313733189238783,4602.77513132527,8.43463192662578,"AC"
"AC_1873_10717","Blood","AC_1873_10717_hap2_h2tg000377l_10811-11077:._AC_1873_10717_hap2_h2tg000377l_12277-12554:.","EXON2","Core","Potential_coding_gene",0,0,0,0,267,0.267,142,531.835205992509,0.0313733189238783,16951.8311812311,9.73819013020148,"AC"
"AC_1873_10717","Blood","AC_1873_10717_hap2_h2tg000377l_10811-11077:._AC_1873_10717_hap2_h2tg000377l_12277-12554:.","EXON3","Core","Potential_coding_gene",0,0,0,0,278,0.278,142,510.791366906475,0.0313733189238783,16281.0752711824,9.69782010509231,"AC"
"AC_1873_10717","Blood","AC_1873_10717_hap2_h2tg000377l_123761-124038:-_AC_1873_10717_hap2_h2tg000377l_125197-125463:-","EXON2","Core","Potential_coding_gene",0,0,0,0,267,0.267,673,2520.59925093633,0.0313733189238783,80342.1294716095,11.2940618600002,"AC"
"AC_1873_10717","Blood","AC_1873_10717_hap2_h2tg000377l_123761-124038:-_AC_1873_10717_hap2_h2tg000377l_125197-125463:-","EXON3","Core","Potential_coding_gene",0,0,0,0,278,0.278,673,2420.86330935252,0.0313733189238783,77163.1243486321,11.2536899174915,"AC"
"AC_1873_10717","Blood","AC_1873_10717_hap2_h2tg000377l_24632-24898:._AC_1873_10717_hap2_h2tg000377l_25890-26167:.","EXON2","Core","Potential_coding_gene",0,0,0,0,267,0.267,353,1322.09737827715,0.0313733189238783,42140.8197674267,10.6487958702755,"AC"
"AC_1873_10717","Blood","AC_1873_10717_hap2_h2tg000377l_24632-24898:._AC_1873_10717_hap2_h2tg000377l_25890-26167:.","EXON3","Core","Potential_coding_gene",0,0,0,0,278,0.278,353,1269.78417266187,0.0313733189238783,40473.3772586436,10.6084243926003,"AC"
"AC_1873_10717","Blood","AC_1873_10717_hap2_h2tg000377l_85607-85884:-_AC_1873_10717_hap2_h2tg000377l_86976-87242:-","EXON2","Core","Potential_coding_gene",0,0,0,0,267,0.267,664,2486.89138576779,0.0313733189238783,79267.7176361793,11.280598848536,"AC"
"AC_1873_10717","Blood","AC_1873_10717_hap2_h2tg000377l_85607-85884:-_AC_1873_10717_hap2_h2tg000377l_86976-87242:-","EXON3","Core","Potential_coding_gene",0,0,0,0,278,0.278,664,2388.48920863309,0.0313733189238783,76131.2252117262,11.2402269129776,"AC"
"AC_1873_10752","Blood","AC_1873_10752_hap1_h1tg000129l_416925-417191:._AC_1873_10752_hap1_h1tg000129l_418334-418611:.","EXON2","Not_core","Potential_coding_gene",0,0,0,0,267,0.267,48,179.775280898876,0.0322861169725472,5568.19146296653,8.62500516313274,"AC"
"AC_1873_10752","Blood","AC_1873_10752_hap1_h1tg000129l_416925-417191:._AC_1873_10752_hap1_h1tg000129l_418334-418611:.","EXON3","Not_core","Potential_coding_gene",0,0,0,0,278,0.278,48,172.661870503597,0.0322861169725472,5347.86734033117,8.58464010538825,"AC"
"AC_1873_10752","Blood","AC_1873_10752_hap1_h1tg000129l_424873-425112:.","EXON2","Not_core","Potential_coding_gene",0,0,NA,NA,240,0.24,24,100,0.0322861169725472,3097.30650127513,8.03861095129129,"AC"
"AC_1873_10752","Blood","AC_1873_10752_hap1_h1tg000129l_44438-44698:._AC_1873_10752_hap1_h1tg000129l_44953-45229:.","EXON2","Not_core","Potential_pseudogene",0,0,NA,NA,261,0.261,8,30.6513409961686,0.0322861169725472,949.36597740234,6.85684714977984,"AC"
"AC_1873_10752","Blood","AC_1873_10752_hap1_h1tg000129l_44438-44698:._AC_1873_10752_hap1_h1tg000129l_44953-45229:.","EXON3","Not_core","Potential_pseudogene",2,0,NA,NA,277,0.277,8,28.8808664259928,0.0322861169725472,894.528953436862,6.79741455312423,"AC"
"AC_1873_10752","Blood","AC_1873_10752_hap1_h1tg000129l_530222-530498:.","EXON3","Not_core","Potential_pseudogene",2,1,NA,NA,277,0.277,3,10.8303249097473,0.0322861169725472,335.448357538823,5.81844466788314,"AC"
"AC_1873_10752","Blood","AC_1873_10752_hap1_h1tg000142l_172280-172557:-_AC_1873_10752_hap1_h1tg000142l_173971-174237:-","EXON2","Core","Potential_coding_gene",0,0,0,0,267,0.267,886,3318.35205992509,0.0322861169725472,102779.534087257,11.540351256945,"AC"
"AC_1873_10752","Blood","AC_1873_10752_hap1_h1tg000142l_172280-172557:-_AC_1873_10752_hap1_h1tg000142l_173971-174237:-","EXON3","Core","Potential_coding_gene",0,0,0,0,278,0.278,886,3187.05035971223,0.0322861169725472,98712.7179902795,11.4999792024941,"AC"
"AC_1873_10752","Blood","AC_1873_10752_hap1_h1tg000142l_19092-19358:._AC_1873_10752_hap1_h1tg000142l_20728-21005:.","EXON2","Core","Potential_coding_gene",0,0,0,0,267,0.267,86,322.097378277154,0.0322861169725472,9976.34303781504,9.20807210518452,"AC"
"AC_1873_10752","Blood","AC_1873_10752_hap1_h1tg000142l_19092-19358:._AC_1873_10752_hap1_h1tg000142l_20728-21005:.","EXON3","Core","Potential_coding_gene",0,0,0,0,278,0.278,86,309.352517985611,0.0322861169725472,9581.59565142667,9.16770377909132,"AC"
"AC_1873_10752","Blood","AC_1873_10752_hap1_h1tg000142l_26923-27189:._AC_1873_10752_hap1_h1tg000142l_28205-28482:.","EXON2","Core","Potential_coding_gene",0,0,0,0,267,0.267,273,1022.47191011236,0.0322861169725472,31669.0889456222,10.3631279480422,"AC"
"AC_1873_10752","Blood","AC_1873_10752_hap1_h1tg000142l_26923-27189:._AC_1873_10752_hap1_h1tg000142l_28205-28482:.","EXON3","Core","Potential_coding_gene",0,0,0,0,278,0.278,273,982.014388489208,0.0322861169725472,30415.9954981335,10.3227567936157,"AC"
"AC_1873_10752","Blood","AC_1873_10752_hap1_h1tg000142l_33986-34252:._AC_1873_10752_hap1_h1tg000142l_35248-35525:.","EXON2","Core","Potential_coding_gene",0,0,0,0,267,0.267,198,741.573033707865,0.0322861169725472,22968.789784737,10.0419351439102,"AC"
"AC_1873_10752","Blood","AC_1873_10752_hap1_h1tg000142l_33986-34252:._AC_1873_10752_hap1_h1tg000142l_35248-35525:.","EXON3","Core","Potential_coding_gene",0,0,0,0,278,0.278,198,712.230215827338,0.0322861169725472,22059.9527788661,10.0015644822133,"AC"
"AC_1873_10752","Blood","AC_1873_10752_hap1_h1tg000142l_77575-77852:-_AC_1873_10752_hap1_h1tg000142l_79196-79462:-","EXON2","Core","Potential_coding_gene",0,0,0,0,267,0.267,167,625.468164794007,0.0322861169725472,19372.6661315711,9.8716700070295,"AC"
"AC_1873_10752","Blood","AC_1873_10752_hap1_h1tg000142l_77575-77852:-_AC_1873_10752_hap1_h1tg000142l_79196-79462:-","EXON3","Core","Potential_coding_gene",0,0,0,0,278,0.278,167,600.719424460432,0.0322861169725472,18606.1217882355,9.83129967825754,"AC"
"AC_1873_10752","Blood","AC_1873_10752_hap2_h2tg000107l_366671-366947:.","EXON3","Not_core","Potential_pseudogene",2,1,2,0,277,0.277,14,50.5415162454874,0.0322861169725472,1565.42566851451,7.35655165858945,"AC"
"AC_1873_10752","Blood","AC_1873_10752_hap2_h2tg000107l_407012-407278:._AC_1873_10752_hap2_h2tg000107l_408422-408699:.","EXON2","Not_core","Potential_coding_gene",0,0,0,0,267,0.267,34,127.340823970037,0.0322861169725472,3944.1356196013,8.2802386102813,"AC"
"AC_1873_10752","Blood","AC_1873_10752_hap2_h2tg000107l_407012-407278:._AC_1873_10752_hap2_h2tg000107l_408422-408699:.","EXON3","Not_core","Potential_coding_gene",0,0,0,0,278,0.278,34,122.302158273381,0.0322861169725472,3788.07269940124,8.23987659779712,"AC"
"AC_1873_10752","Blood","AC_1873_10752_hap2_h2tg000107l_414971-415210:.","EXON2","Not_core","Potential_coding_gene",0,0,NA,NA,240,0.24,17,70.8333333333333,0.0322861169725472,2193.92543840322,7.69390335609552,"AC"
"AC_1873_10752","Blood","AC_1873_10752_hap2_h2tg000107l_520800-521076:.","EXON3","Not_core","Potential_pseudogene",2,1,NA,NA,277,0.277,5,18.0505415162455,0.0322861169725472,559.080595898039,6.32808069462002,"AC"
"AC_1873_10752","Blood","AC_1873_10752_hap2_h2tg000121l_55717-55993:-_AC_1873_10752_hap2_h2tg000121l_56248-56508:-","EXON2","Not_core","Potential_pseudogene",0,0,NA,NA,261,0.261,0,0,0.0322861169725472,0,0,"AC"
"AC_1873_10752","Blood","AC_1873_10752_hap2_h2tg000121l_55717-55993:-_AC_1873_10752_hap2_h2tg000121l_56248-56508:-","EXON3","Not_core","Potential_pseudogene",2,0,NA,NA,277,0.277,0,0,0.0322861169725472,0,0,"AC"
"AC_1873_10752","Blood","AC_1873_10752_hap2_h2tg000354l_126152-126429:-_AC_1873_10752_hap2_h2tg000354l_127413-127679:-","EXON2","Core","Potential_coding_gene",0,0,0,0,267,0.267,437,1636.70411985019,0.0322861169725472,50693.7431107578,10.8335774980251,"AC"
"AC_1873_10752","Blood","AC_1873_10752_hap2_h2tg000354l_126152-126429:-_AC_1873_10752_hap2_h2tg000354l_127413-127679:-","EXON3","Core","Potential_coding_gene",0,0,0,0,278,0.278,437,1571.94244604317,0.0322861169725472,48687.8755775983,10.7932058554124,"AC"
"AC_1873_10752","Blood","AC_1873_10752_hap2_h2tg000354l_138281-138558:-_AC_1873_10752_hap2_h2tg000354l_139908-140174:-","EXON2","Core","Potential_coding_gene",0,0,0,0,267,0.267,128,479.40074906367,0.0322861169725472,14848.5105679108,9.60572218529786,"AC"
"AC_1873_10752","Blood","AC_1873_10752_hap2_h2tg000354l_138281-138558:-_AC_1873_10752_hap2_h2tg000354l_139908-140174:-","EXON3","Core","Potential_coding_gene",0,0,0,0,278,0.278,128,460.431654676259,0.0322861169725472,14260.9795742164,9.56535250440495,"AC"
"AC_1873_10752","Blood","AC_1873_10752_hap2_h2tg000354l_23361-23627:._AC_1873_10752_hap2_h2tg000354l_24765-25042:.","EXON2","Core","Potential_coding_gene",0,0,0,0,267,0.267,1661,6220.97378277154,0.0322861169725472,192682.625416404,12.1688048763052,"AC"
"AC_1873_10752","Blood","AC_1873_10752_hap2_h2tg000354l_23361-23627:._AC_1873_10752_hap2_h2tg000354l_24765-25042:.","EXON3","Core","Potential_coding_gene",0,0,0,0,278,0.278,1661,5974.82014388489,0.0322861169725472,185058.492756043,12.128432634829,"AC"
"AC_1873_10752","Blood","AC_1873_10752_hap2_h2tg000354l_72892-73158:._AC_1873_10752_hap2_h2tg000354l_74022-74299:.","EXON2","Core","Potential_coding_gene",0,0,0,0,267,0.267,102,382.022471910112,0.0322861169725472,11832.4068588039,9.37868190019614,"AC"
"AC_1873_10752","Blood","AC_1873_10752_hap2_h2tg000354l_72892-73158:._AC_1873_10752_hap2_h2tg000354l_74022-74299:.","EXON3","Core","Potential_coding_gene",0,0,0,0,278,0.278,102,366.906474820144,0.0322861169725472,11364.2180982037,9.3383129264416,"AC"
"AC_1873_10752","Blood","AC_1873_10752_hap2_h2tg000354l_86050-86327:-_AC_1873_10752_hap2_h2tg000354l_87702-87968:-","EXON2","Core","Potential_coding_gene",0,0,0,0,267,0.267,335,1254.68164794007,0.0322861169725472,38861.3362519539,10.5677808408349,"AC"
"AC_1873_10752","Blood","AC_1873_10752_hap2_h2tg000354l_86050-86327:-_AC_1873_10752_hap2_h2tg000354l_87702-87968:-","EXON3","Core","Potential_coding_gene",0,0,0,0,278,0.278,335,1205.03597122302,0.0322861169725472,37323.6574793946,10.5274094456578,"AC"
"AC_1873_10831","Blood","AC_1873_10831_hap1_h1tg000131l_40755-41015:._AC_1873_10831_hap1_h1tg000131l_41270-41546:.","EXON2","Not_core","Potential_pseudogene",0,0,NA,NA,261,0.261,20,76.6283524904214,0.017442363984136,4393.23205043283,8.38804806229951,"AC"
"AC_1873_10831","Blood","AC_1873_10831_hap1_h1tg000131l_40755-41015:._AC_1873_10831_hap1_h1tg000131l_41270-41546:.","EXON3","Not_core","Potential_pseudogene",2,0,NA,NA,277,0.277,20,72.2021660649819,0.017442363984136,4139.47135437895,8.32856491405324,"AC"
"AC_1873_10831","Blood","AC_1873_10831_hap1_h1tg000131l_457561-457837:.","EXON3","Not_core","Potential_pseudogene",2,1,2,0,277,0.277,9,32.4909747292419,0.017442363984136,1862.76210947053,7.53035236342633,"AC"
"AC_1873_10831","Blood","AC_1873_10831_hap1_h1tg000131l_497912-498178:._AC_1873_10831_hap1_h1tg000131l_499321-499598:.","EXON2","Not_core","Potential_coding_gene",0,0,0,0,267,0.267,22,82.3970037453183,0.017442363984136,4723.95850816205,8.46061405854792,"AC"
"AC_1873_10831","Blood","AC_1873_10831_hap1_h1tg000131l_497912-498178:._AC_1873_10831_hap1_h1tg000131l_499321-499598:.","EXON3","Not_core","Potential_coding_gene",0,0,0,0,278,0.278,22,79.136690647482,0.017442363984136,4537.03928661607,8.42025032255574,"AC"
"AC_1873_10831","Blood","AC_1873_10831_hap1_h1tg000131l_505860-506099:.","EXON2","Not_core","Potential_coding_gene",0,0,NA,NA,240,0.24,14,58.3333333333333,0.017442363984136,3344.34789839199,8.11532597265249,"AC"
"AC_1873_10831","Blood","AC_1873_10831_hap1_h1tg000131l_611312-611588:.","EXON3","Not_core","Potential_pseudogene",2,1,NA,NA,277,0.277,4,14.4404332129964,0.017442363984136,827.89427087579,6.7200926088542,"AC"
"AC_1873_10831","Blood","AC_1873_10831_hap1_h1tg000446l_101361-101627:._AC_1873_10831_hap1_h1tg000446l_102719-102996:.","EXON2","Core","Potential_coding_gene",0,0,0,0,267,0.267,270,1011.23595505618,0.017442363984136,57975.8544183524,10.9677991481297,"AC"
"AC_1873_10831","Blood","AC_1873_10831_hap1_h1tg000446l_101361-101627:._AC_1873_10831_hap1_h1tg000446l_102719-102996:.","EXON3","Core","Potential_coding_gene",0,0,0,0,278,0.278,270,971.223021582734,0.017442363984136,55681.8457902881,10.9274274034416,"AC"
"AC_1873_10831","Blood","AC_1873_10831_hap1_h1tg000446l_162438-162715:-_AC_1873_10831_hap1_h1tg000446l_163707-163973:-","EXON2","Core","Potential_coding_gene",0,0,0,0,267,0.267,261,977.52808988764,0.017442363984136,56043.3259377406,10.9338981912215,"AC"
"AC_1873_10831","Blood","AC_1873_10831_hap1_h1tg000446l_162438-162715:-_AC_1873_10831_hap1_h1tg000446l_163707-163973:-","EXON3","Core","Potential_coding_gene",0,0,0,0,278,0.278,261,938.848920863309,0.017442363984136,53825.7842639451,10.8935264710365,"AC"
"AC_1873_10831","Blood","AC_1873_10831_hap1_h1tg000446l_176051-176328:-_AC_1873_10831_hap1_h1tg000446l_177528-177794:-","EXON2","Core","Potential_coding_gene",0,0,0,0,267,0.267,47,176.029962546816,0.017442363984136,10092.093176528,9.21960662499333,"AC"
"AC_1873_10831","Blood","AC_1873_10831_hap1_h1tg000446l_176051-176328:-_AC_1873_10831_hap1_h1tg000446l_177528-177794:-","EXON3","Core","Potential_coding_gene",0,0,0,0,278,0.278,47,169.064748201439,0.017442363984136,9692.76574867978,9.17923825154556,"AC"
"AC_1873_10831","Blood","AC_1873_10831_hap1_h1tg000446l_63140-63406:._AC_1873_10831_hap1_h1tg000446l_64565-64842:.","EXON2","Core","Potential_coding_gene",0,0,0,0,267,0.267,528,1977.52808988764,0.017442363984136,113375.004195889,11.6384650446738,"AC"
"AC_1873_10831","Blood","AC_1873_10831_hap1_h1tg000446l_63140-63406:._AC_1873_10831_hap1_h1tg000446l_64565-64842:.","EXON3","Core","Potential_coding_gene",0,0,0,0,278,0.278,528,1899.28057553957,0.017442363984136,108888.942878786,11.5980929527627,"AC"
"AC_1873_10831","Blood","AC_1873_10831_hap2_h2tg000106l_39995-40255:._AC_1873_10831_hap2_h2tg000106l_40510-40786:.","EXON2","Not_core","Potential_pseudogene",0,0,NA,NA,261,0.261,12,45.9770114942529,0.017442363984136,2635.9392302597,7.87737414105919,"AC"
"AC_1873_10831","Blood","AC_1873_10831_hap2_h2tg000106l_39995-40255:._AC_1873_10831_hap2_h2tg000106l_40510-40786:.","EXON3","Not_core","Potential_pseudogene",2,0,NA,NA,277,0.277,12,43.3212996389892,0.017442363984136,2483.68281262737,7.81790028959013,"AC"
"AC_1873_10831","Blood","AC_1873_10831_hap2_h2tg000106l_456737-457013:.","EXON3","Not_core","Potential_pseudogene",2,1,NA,NA,277,0.277,7,25.2707581227437,0.017442363984136,1448.81497403263,7.2791912231571,"AC"
"AC_1873_10831","Blood","AC_1873_10831_hap2_h2tg000106l_497082-497348:._AC_1873_10831_hap2_h2tg000106l_498492-498769:.","EXON2","Not_core","Potential_coding_gene",0,0,0,0,267,0.267,18,67.4157303370786,0.017442363984136,3865.05696122349,8.25999039355096,"AC"
"AC_1873_10831","Blood","AC_1873_10831_hap2_h2tg000106l_497082-497348:._AC_1873_10831_hap2_h2tg000106l_498492-498769:.","EXON3","Not_core","Potential_coding_gene",0,0,0,0,278,0.278,18,64.7482014388489,0.017442363984136,3712.12305268587,8.2196285946691,"AC"
"AC_1873_10831","Blood","AC_1873_10831_hap2_h2tg000106l_505041-505280:.","EXON2","Not_core","Potential_coding_gene",0,0,NA,NA,240,0.24,13,54.1666666666667,0.017442363984136,3105.46590564971,8.04124099427845,"AC"
"AC_1873_10831","Blood","AC_1873_10831_hap2_h2tg000106l_610986-611262:.","EXON3","Not_core","Potential_pseudogene",2,1,NA,NA,277,0.277,4,14.4404332129964,0.017442363984136,827.89427087579,6.7200926088542,"AC"
"AC_1873_10831","Blood","AC_1873_10831_hap2_h2tg000133l_104242-104519:-_AC_1873_10831_hap2_h2tg000133l_105678-105944:-","EXON2","Core","Potential_coding_gene",0,0,0,0,267,0.267,575,2153.55805243446,0.017442363984136,123467.097372417,11.7237380808085,"AC"
"AC_1873_10831","Blood","AC_1873_10831_hap2_h2tg000133l_104242-104519:-_AC_1873_10831_hap2_h2tg000133l_105678-105944:-","EXON3","Core","Potential_coding_gene",0,0,0,0,278,0.278,575,2068.34532374101,0.017442363984136,118581.708627465,11.6833659591953,"AC"
"AC_1873_10831","Blood","AC_1873_10831_hap2_h2tg000133l_145289-145566:-_AC_1873_10831_hap2_h2tg000133l_146809-147075:-","EXON2","Core","Potential_coding_gene",0,0,0,0,267,0.267,300,1123.59550561798,0.017442363984136,64417.6160203915,11.0731579389598,"AC"
"AC_1873_10831","Blood","AC_1873_10831_hap2_h2tg000133l_145289-145566:-_AC_1873_10831_hap2_h2tg000133l_146809-147075:-","EXON3","Core","Potential_coding_gene",0,0,0,0,278,0.278,300,1079.13669064748,0.017442363984136,61868.7175447645,11.0327861232126,"AC"
"AC_1873_10831","Blood","AC_1873_10831_hap2_h2tg000133l_24065-24331:._AC_1873_10831_hap2_h2tg000133l_25745-26022:.","EXON2","Core","Potential_coding_gene",0,0,0,0,267,0.267,295,1104.86891385768,0.017442363984136,63343.9890867183,11.0563510837529,"AC"
"AC_1873_10831","Blood","AC_1873_10831_hap2_h2tg000133l_24065-24331:._AC_1873_10831_hap2_h2tg000133l_25745-26022:.","EXON3","Core","Potential_coding_gene",0,0,0,0,278,0.278,295,1061.15107913669,0.017442363984136,60837.5722523518,11.0159792788453,"AC"
"AC_1873_20908","Blood","AC_1873_20908_hap1_h1tg000217l_1329654-1329930:-_AC_1873_20908_hap1_h1tg000217l_1330185-1330445:-","EXON2","Not_core","Potential_pseudogene",0,0,NA,NA,261,0.261,2,7.66283524904215,0.0340470702404894,225.065921822823,5.4208266462207,"AC"
"AC_1873_20908","Blood","AC_1873_20908_hap1_h1tg000217l_1329654-1329930:-_AC_1873_20908_hap1_h1tg000217l_1330185-1330445:-","EXON3","Not_core","Potential_pseudogene",2,0,NA,NA,277,0.277,2,7.22021660649819,0.0340470702404894,212.065724172407,5.36160068230299,"AC"
"AC_1873_20908","Blood","AC_1873_20908_hap1_h1tg000217l_759163-759439:-","EXON3","Not_core","Potential_pseudogene",2,1,NA,NA,277,0.277,17,61.3718411552347,0.0340470702404894,1802.55865546546,7.49751702294501,"AC"
"AC_1873_20908","Blood","AC_1873_20908_hap1_h1tg000217l_865132-865371:-","EXON2","Not_core","Potential_coding_gene",0,0,NA,NA,240,0.24,40,166.666666666667,0.0340470702404894,4895.1837996464,8.49621136426497,"AC"
"AC_1873_20908","Blood","AC_1873_20908_hap1_h1tg000217l_871643-871920:-_AC_1873_20908_hap1_h1tg000217l_873064-873330:-","EXON2","Not_core","Potential_coding_gene",0,0,NA,NA,267,0.267,64,239.700374531835,0.0340470702404894,7040.26434106448,8.85954302692824,"AC"
"AC_1873_20908","Blood","AC_1873_20908_hap1_h1tg000217l_871643-871920:-_AC_1873_20908_hap1_h1tg000217l_873064-873330:-","EXON3","Not_core","Potential_coding_gene",0,0,NA,NA,278,0.278,64,230.215827338129,0.0340470702404894,6761.69273044682,8.81917642262985,"AC"
"AC_1873_20908","Blood","AC_1873_20908_hap1_h1tg000217l_913399-913675:-","EXON3","Not_core","Potential_pseudogene",2,1,NA,NA,277,0.277,35,126.353790613718,0.0340470702404894,3711.15017301712,8.21936654918074,"AC"
"AC_1873_20908","Blood","AC_1873_20908_hap1_h1tg000484l_193849-194126:-_AC_1873_20908_hap1_h1tg000484l_195528-195794:-","EXON2","Core","Potential_coding_gene",0,0,NA,NA,267,0.267,1930,7228.46441947565,0.0340470702404894,212307.971535226,12.2657979055607,"AC"
"AC_1873_20908","Blood","AC_1873_20908_hap1_h1tg000484l_193849-194126:-_AC_1873_20908_hap1_h1tg000484l_195528-195794:-","EXON3","Core","Potential_coding_gene",0,0,NA,NA,278,0.278,1930,6942.44604316547,0.0340470702404894,203907.296402537,12.2254256443201,"AC"
"AC_1873_20908","Blood","AC_1873_20908_hap1_h1tg000484l_33560-33826:._AC_1873_20908_hap1_h1tg000484l_35052-35329:.","EXON2","Core","Potential_coding_gene",0,0,NA,NA,267,0.267,193,722.846441947565,0.0340470702404894,21230.7971535226,9.96325520271713,"AC"
"AC_1873_20908","Blood","AC_1873_20908_hap1_h1tg000484l_33560-33826:._AC_1873_20908_hap1_h1tg000484l_35052-35329:.","EXON3","Core","Potential_coding_gene",0,0,NA,NA,278,0.278,193,694.244604316547,0.0340470702404894,20390.7296402537,9.92288468784005,"AC"
"AC_1873_20908","Blood","AC_1873_20908_hap1_h1tg000484l_41249-41515:._AC_1873_20908_hap1_h1tg000484l_42531-42808:.","EXON2","Core","Potential_coding_gene",0,0,NA,NA,267,0.267,240,898.876404494382,0.0340470702404894,26400.9912789918,10.1811947135245,"AC"
"AC_1873_20908","Blood","AC_1873_20908_hap1_h1tg000484l_41249-41515:._AC_1873_20908_hap1_h1tg000484l_42531-42808:.","EXON3","Core","Potential_coding_gene",0,0,NA,NA,278,0.278,240,863.309352517986,0.0340470702404894,25356.3477391756,10.1408238186645,"AC"
"AC_1873_20908","Blood","AC_1873_20908_hap1_h1tg000484l_48308-48574:._AC_1873_20908_hap1_h1tg000484l_49570-49847:.","EXON2","Core","Potential_coding_gene",0,0,NA,NA,267,0.267,241,902.621722846442,0.0340470702404894,26510.9954093209,10.1853525665116,"AC"
"AC_1873_20908","Blood","AC_1873_20908_hap1_h1tg000484l_48308-48574:._AC_1873_20908_hap1_h1tg000484l_49570-49847:.","EXON3","Core","Potential_coding_gene",0,0,NA,NA,278,0.278,241,866.906474820144,0.0340470702404894,25461.9991880888,10.144981665177,"AC"
"AC_1873_20908","Blood","AC_1873_20908_hap1_h1tg000484l_99247-99524:-_AC_1873_20908_hap1_h1tg000484l_100748-101014:-","EXON2","Core","Potential_coding_gene",0,0,NA,NA,267,0.267,448,1677.90262172285,0.0340470702404894,49281.8503874513,10.8053314371891,"AC"
"AC_1873_20908","Blood","AC_1873_20908_hap1_h1tg000484l_99247-99524:-_AC_1873_20908_hap1_h1tg000484l_100748-101014:-","EXON3","Core","Potential_coding_gene",0,0,NA,NA,278,0.278,448,1611.51079136691,0.0340470702404894,47331.8491131277,10.7649598178586,"AC"
"AC_1873_20908","Blood","AC_1873_20908_hap2_h2tg000291l_1099576-1099852:-_AC_1873_20908_hap2_h2tg000291l_1100107-1100367:-","EXON2","Not_core","Potential_pseudogene",0,0,NA,NA,261,0.261,0,0,0.0340470702404894,0,0,"AC"
"AC_1873_20908","Blood","AC_1873_20908_hap2_h2tg000291l_1099576-1099852:-_AC_1873_20908_hap2_h2tg000291l_1100107-1100367:-","EXON3","Not_core","Potential_pseudogene",2,0,NA,NA,277,0.277,0,0,0.0340470702404894,0,0,"AC"
"AC_1873_20908","Blood","AC_1873_20908_hap2_h2tg000291l_529831-530107:-","EXON3","Not_core","Potential_pseudogene",2,1,NA,NA,277,0.277,17,61.3718411552347,0.0340470702404894,1802.55865546546,7.49751702294501,"AC"
"AC_1873_20908","Blood","AC_1873_20908_hap2_h2tg000291l_635156-635395:-","EXON2","Not_core","Potential_coding_gene",0,0,NA,NA,240,0.24,57,237.5,0.0340470702404894,6975.63691449611,8.85032226223768,"AC"
"AC_1873_20908","Blood","AC_1873_20908_hap2_h2tg000291l_641657-641934:-_AC_1873_20908_hap2_h2tg000291l_643077-643343:-","EXON2","Not_core","Potential_coding_gene",0,0,NA,NA,267,0.267,104,389.513108614232,0.0340470702404894,11440.4295542298,9.34499621816088,"AC"
"AC_1873_20908","Blood","AC_1873_20908_hap2_h2tg000291l_641657-641934:-_AC_1873_20908_hap2_h2tg000291l_643077-643343:-","EXON3","Not_core","Potential_coding_gene",0,0,NA,NA,278,0.278,104,374.10071942446,0.0340470702404894,10987.7506869761,9.30462736368169,"AC"
"AC_1873_20908","Blood","AC_1873_20908_hap2_h2tg000291l_683413-683689:-","EXON3","Not_core","Potential_pseudogene",2,1,NA,NA,277,0.277,57,205.776173285199,0.0340470702404894,6043.8731389136,8.70696577671017,"AC"
"AC_1873_20908","Blood","AC_1873_20908_hap2_h2tg000491l_20684-20950:._AC_1873_20908_hap2_h2tg000491l_22423-22700:.","EXON2","Core","Potential_coding_gene",0,0,NA,NA,267,0.267,531,1988.76404494382,0.0340470702404894,58412.1932047693,10.9752970543428,"AC"
"AC_1873_20908","Blood","AC_1873_20908_hap2_h2tg000491l_20684-20950:._AC_1873_20908_hap2_h2tg000491l_22423-22700:.","EXON3","Core","Potential_coding_gene",0,0,NA,NA,278,0.278,531,1910.07194244604,0.0340470702404894,56100.9193729259,10.9349253043467,"AC"
"AC_1873_20908","Blood","AC_1873_20908_hap2_h2tg000491l_66998-67264:._AC_1873_20908_hap2_h2tg000491l_68224-68501:.","EXON2","Core","Potential_coding_gene",0,0,NA,NA,267,0.267,767,2872.65917602996,0.0340470702404894,84373.1679624446,11.3430165669404,"AC"
"AC_1873_20908","Blood","AC_1873_20908_hap2_h2tg000491l_66998-67264:._AC_1873_20908_hap2_h2tg000491l_68224-68501:.","EXON3","Core","Potential_coding_gene",0,0,NA,NA,278,0.278,767,2758.9928057554,0.0340470702404894,81034.6613164486,11.3026445999332,"AC"
"AC_1873_20930","Blood","AC_1873_20930_hap1_h1tg000088l_44799-45059:._AC_1873_20930_hap1_h1tg000088l_45314-45590:.","EXON2","Not_core","Potential_pseudogene",0,0,NA,NA,261,0.261,14,53.639846743295,0.0668973498918203,801.823193744387,6.68813450756661,"AC"
"AC_1873_20930","Blood","AC_1873_20930_hap1_h1tg000088l_44799-45059:._AC_1873_20930_hap1_h1tg000088l_45314-45590:.","EXON3","Not_core","Potential_pseudogene",2,0,NA,NA,277,0.277,14,50.5415162454874,0.0668973498918203,755.508496632797,6.62871376466937,"AC"
"AC_1873_20930","Blood","AC_1873_20930_hap1_h1tg000088l_462330-462606:.","EXON3","Not_core","Potential_pseudogene",2,1,NA,NA,277,0.277,8,28.8808664259928,0.0668973498918203,431.719140933027,6.07008888228903,"AC"
"AC_1873_20930","Blood","AC_1873_20930_hap1_h1tg000088l_502658-502924:._AC_1873_20930_hap1_h1tg000088l_504067-504344:.","EXON2","Not_core","Potential_coding_gene",0,0,NA,NA,267,0.267,28,104.868913857678,0.0668973498918203,1567.60939001712,7.35794476700132,"AC"
"AC_1873_20930","Blood","AC_1873_20930_hap1_h1tg000088l_502658-502924:._AC_1873_20930_hap1_h1tg000088l_504067-504344:.","EXON3","Not_core","Potential_coding_gene",0,0,NA,NA,278,0.278,28,100.719424460432,0.0668973498918203,1505.58168034018,7.31759857571338,"AC"
"AC_1873_20930","Blood","AC_1873_20930_hap1_h1tg000088l_510607-510846:.","EXON2","Not_core","Potential_coding_gene",0,0,NA,NA,240,0.24,14,58.3333333333333,0.0668973498918203,871.98272319702,6.77191576549145,"AC"
"AC_1873_20930","Blood","AC_1873_20930_hap1_h1tg000088l_615892-616168:.","EXON3","Not_core","Potential_pseudogene",2,1,NA,NA,277,0.277,8,28.8808664259928,0.0668973498918203,431.719140933027,6.07008888228903,"AC"
"AC_1873_20930","Blood","AC_1873_20930_hap1_h1tg000119l_178344-178621:-_AC_1873_20930_hap1_h1tg000119l_180035-180301:-","EXON2","Core","Potential_coding_gene",0,0,NA,NA,267,0.267,271,1014.98127340824,0.0668973498918203,15172.2194533799,9.6272872748346,"AC"
"AC_1873_20930","Blood","AC_1873_20930_hap1_h1tg000119l_178344-178621:-_AC_1873_20930_hap1_h1tg000119l_180035-180301:-","EXON3","Core","Potential_coding_gene",0,0,NA,NA,278,0.278,271,974.820143884892,0.0668973498918203,14571.879834721,9.58691753475216,"AC"
"AC_1873_20930","Blood","AC_1873_20930_hap1_h1tg000119l_208532-208809:-_AC_1873_20930_hap1_h1tg000119l_209860-210126:-","EXON2","Core","Potential_coding_gene",0,0,NA,NA,267,0.267,696,2606.74157303371,0.0668973498918203,38966.290551854,10.5704778694044,"AC"
"AC_1873_20930","Blood","AC_1873_20930_hap1_h1tg000119l_208532-208809:-_AC_1873_20930_hap1_h1tg000119l_209860-210126:-","EXON3","Core","Potential_coding_gene",0,0,NA,NA,278,0.278,696,2503.59712230216,0.0668973498918203,37424.458911313,10.530106471372,"AC"
"AC_1873_20930","Blood","AC_1873_20930_hap1_h1tg000119l_52199-52465:._AC_1873_20930_hap1_h1tg000119l_53708-53985:.","EXON2","Core","Potential_coding_gene",0,0,NA,NA,267,0.267,3093,11584.2696629213,0.0668973498918203,173164.851547248,12.0620050937041,"AC"
"AC_1873_20930","Blood","AC_1873_20930_hap1_h1tg000119l_52199-52465:._AC_1873_20930_hap1_h1tg000119l_53708-53985:.","EXON3","Core","Potential_coding_gene",0,0,NA,NA,278,0.278,3093,11125.8992805755,0.0668973498918203,166313.004903292,12.0216328763272,"AC"
"AC_1873_20930","Blood","AC_1873_20930_hap1_h1tg000119l_98422-98688:._AC_1873_20930_hap1_h1tg000119l_99847-100124:.","EXON2","Core","Potential_coding_gene",0,0,NA,NA,267,0.267,805,3014.98127340824,0.0668973498918203,45068.7699629921,10.7159670116777,"AC"
"AC_1873_20930","Blood","AC_1873_20930_hap1_h1tg000119l_98422-98688:._AC_1873_20930_hap1_h1tg000119l_99847-100124:.","EXON3","Core","Potential_coding_gene",0,0,NA,NA,278,0.278,805,2895.68345323741,0.0668973498918203,43285.4733097801,10.6755954704919,"AC"
"AC_1873_20930","Blood","AC_1873_20930_hap2_h2tg000137l_44799-45059:._AC_1873_20930_hap2_h2tg000137l_45314-45590:.","EXON2","Not_core","Potential_pseudogene",0,0,NA,NA,261,0.261,10,38.3141762452107,0.0668973498918203,572.730852674562,6.35216038857312,"AC"
"AC_1873_20930","Blood","AC_1873_20930_hap2_h2tg000137l_44799-45059:._AC_1873_20930_hap2_h2tg000137l_45314-45590:.","EXON3","Not_core","Potential_pseudogene",2,0,NA,NA,277,0.277,10,36.101083032491,0.0668973498918203,539.648926166284,6.2927701331994,"AC"
"AC_1873_20930","Blood","AC_1873_20930_hap2_h2tg000137l_462330-462606:.","EXON3","Not_core","Potential_pseudogene",2,1,NA,NA,277,0.277,3,10.8303249097473,0.0668973498918203,161.894677849885,5.09310384380286,"AC"
"AC_1873_20930","Blood","AC_1873_20930_hap2_h2tg000137l_502658-502924:._AC_1873_20930_hap2_h2tg000137l_504067-504344:.","EXON2","Not_core","Potential_coding_gene",0,0,NA,NA,267,0.267,22,82.3970037453183,0.0668973498918203,1231.6930921563,7.11695656070978,"AC"
"AC_1873_20930","Blood","AC_1873_20930_hap2_h2tg000137l_502658-502924:._AC_1873_20930_hap2_h2tg000137l_504067-504344:.","EXON3","Not_core","Potential_coding_gene",0,0,NA,NA,278,0.278,22,79.136690647482,0.0668973498918203,1182.957034553,7.07661752640122,"AC"
"AC_1873_20930","Blood","AC_1873_20930_hap2_h2tg000137l_510607-510846:.","EXON2","Not_core","Potential_coding_gene",0,0,NA,NA,240,0.24,11,45.8333333333333,0.0668973498918203,685.129282511945,6.53106606844204,"AC"
"AC_1873_20930","Blood","AC_1873_20930_hap2_h2tg000137l_615892-616168:.","EXON3","Not_core","Potential_pseudogene",2,1,NA,NA,277,0.277,1,3.6101083032491,0.0668973498918203,53.9648926166284,4.00669466536074,"AC"
"AC_1873_20930","Blood","AC_1873_20930_hap2_h2tg000245l_36634-36894:._AC_1873_20930_hap2_h2tg000245l_37149-37425:.","EXON2","Not_core","Potential_pseudogene",0,0,NA,NA,261,0.261,4,15.3256704980843,0.0668973498918203,229.092341069825,5.43848071126278,"AC"
"AC_1873_20930","Blood","AC_1873_20930_hap2_h2tg000245l_36634-36894:._AC_1873_20930_hap2_h2tg000245l_37149-37425:.","EXON3","Not_core","Potential_pseudogene",2,0,NA,NA,277,0.277,4,14.4404332129964,0.0668973498918203,215.859570466514,5.37925000334722,"AC"
"AC_1873_20930","Blood","AC_1873_20930_hap2_h2tg000245l_453430-453706:.","EXON3","Not_core","Potential_pseudogene",2,1,NA,NA,277,0.277,3,10.8303249097473,0.0668973498918203,161.894677849885,5.09310384380286,"AC"
"AC_1873_20930","Blood","AC_1873_20930_hap2_h2tg000245l_493775-494041:._AC_1873_20930_hap2_h2tg000245l_495185-495462:.","EXON2","Not_core","Potential_coding_gene",0,0,NA,NA,267,0.267,6,22.4719101123595,0.0668973498918203,335.91629786081,5.81983452520209,"AC"
"AC_1873_20930","Blood","AC_1873_20930_hap2_h2tg000245l_493775-494041:._AC_1873_20930_hap2_h2tg000245l_495185-495462:.","EXON3","Not_core","Potential_coding_gene",0,0,NA,NA,278,0.278,6,21.5827338129496,0.0668973498918203,322.624645787181,5.77958434355486,"AC"
"AC_1873_20930","Blood","AC_1873_20930_hap2_h2tg000245l_501734-501973:.","EXON2","Not_core","Potential_coding_gene",0,0,NA,NA,240,0.24,3,12.5,0.0668973498918203,186.853440685076,5.23566208798253,"AC"
"AC_1873_20930","Blood","AC_1873_20930_hap2_h2tg000245l_607752-608028:.","EXON3","Not_core","Potential_pseudogene",2,1,NA,NA,277,0.277,3,10.8303249097473,0.0668973498918203,161.894677849885,5.09310384380286,"AC"
"AC_1873_20930","Blood","AC_1873_20930_hap2_h2tg000387l_120057-120323:._AC_1873_20930_hap2_h2tg000387l_121547-121824:.","EXON2","Core","Potential_coding_gene",0,0,NA,NA,267,0.267,333,1247.19101123595,0.0668973498918203,18643.354531275,9.83329867314937,"AC"
"AC_1873_20930","Blood","AC_1873_20930_hap2_h2tg000387l_120057-120323:._AC_1873_20930_hap2_h2tg000387l_121547-121824:.","EXON3","Core","Potential_coding_gene",0,0,NA,NA,278,0.278,333,1197.84172661871,0.0668973498918203,17905.6678411886,9.79292842756038,"AC"
"AC_1873_20930","Blood","AC_1873_20930_hap2_h2tg000387l_163874-164151:-_AC_1873_20930_hap2_h2tg000387l_165147-165413:-","EXON2","Core","Potential_coding_gene",0,0,NA,NA,267,0.267,458,1715.35580524345,0.0668973498918203,25641.6107367085,10.1520107286556,"AC"
"AC_1873_20930","Blood","AC_1873_20930_hap2_h2tg000387l_163874-164151:-_AC_1873_20930_hap2_h2tg000387l_165147-165413:-","EXON3","Core","Potential_coding_gene",0,0,NA,NA,278,0.278,458,1647.48201438849,0.0668973498918203,24627.0146284215,10.1116398800061,"AC"
"AC_1873_20930","Blood","AC_1873_20930_hap2_h2tg000387l_176277-176554:-_AC_1873_20930_hap2_h2tg000387l_178061-178327:-","EXON2","Core","Potential_coding_gene",0,0,NA,NA,267,0.267,811,3037.4531835206,0.0668973498918203,45404.6862608529,10.723392624223,"AC"
"AC_1873_20930","Blood","AC_1873_20930_hap2_h2tg000387l_176277-176554:-_AC_1873_20930_hap2_h2tg000387l_178061-178327:-","EXON3","Core","Potential_coding_gene",0,0,NA,NA,278,0.278,811,2917.26618705036,0.0668973498918203,43608.0979555673,10.6830210762745,"AC"
"AC_1873_20930","Blood","AC_1873_20930_hap2_h2tg000387l_25265-25531:._AC_1873_20930_hap2_h2tg000387l_26945-27222:.","EXON2","Core","Potential_coding_gene",0,0,NA,NA,267,0.267,2531,9479.40074906367,0.0668973498918203,141700.691647619,11.8614793638405,"AC"
"AC_1873_20930","Blood","AC_1873_20930_hap2_h2tg000387l_25265-25531:._AC_1873_20930_hap2_h2tg000387l_26945-27222:.","EXON3","Core","Potential_coding_gene",0,0,NA,NA,278,0.278,2531,9104.31654676259,0.0668973498918203,136093.829747893,11.8211071992912,"AC"
"AC_1873_20934","Blood","AC_1873_20934_hap1_h1tg000264l_267038-267314:-","EXON3","Not_core","Potential_pseudogene",2,1,0,0,277,0.277,10,36.101083032491,0.0178167210496063,2026.24730622298,7.61443414503995,"AC"
"AC_1873_20934","Blood","AC_1873_20934_hap1_h1tg000264l_372381-372620:-","EXON2","Not_core","Potential_coding_gene",0,0,0,0,240,0.24,2,8.33333333333333,0.0178167210496063,467.725419853138,6.15001713826308,"AC"
"AC_1873_20934","Blood","AC_1873_20934_hap1_h1tg000264l_378882-379159:-_AC_1873_20934_hap1_h1tg000264l_380302-380568:-","EXON2","Not_core","Potential_coding_gene",0,0,0,0,267,0.267,4,14.9812734082397,0.0178167210496063,840.854687376427,6.7356074190356,"AC"
"AC_1873_20934","Blood","AC_1873_20934_hap1_h1tg000264l_378882-379159:-_AC_1873_20934_hap1_h1tg000264l_380302-380568:-","EXON3","Not_core","Potential_coding_gene",0,0,0,0,278,0.278,4,14.3884892086331,0.0178167210496063,807.58345873923,6.69528390033064,"AC"
"AC_1873_20934","Blood","AC_1873_20934_hap1_h1tg000264l_420639-420915:-","EXON3","Not_core","Potential_pseudogene",2,1,NA,NA,277,0.277,1,3.6101083032491,0.0178167210496063,202.624730622298,5.31627874401058,"AC"
"AC_1873_20934","Blood","AC_1873_20934_hap1_h1tg000264l_836706-836982:-_AC_1873_20934_hap1_h1tg000264l_837237-837497:-","EXON2","Not_core","Potential_pseudogene",0,0,NA,NA,261,0.261,4,15.3256704980843,0.0178167210496063,860.184680189678,6.75830897642079,"AC"
"AC_1873_20934","Blood","AC_1873_20934_hap1_h1tg000264l_836706-836982:-_AC_1873_20934_hap1_h1tg000264l_837237-837497:-","EXON3","Not_core","Potential_pseudogene",2,0,NA,NA,277,0.277,4,14.4404332129964,0.0178167210496063,810.498922489192,6.6988830591524,"AC"
"AC_1873_20934","Blood","AC_1873_20934_hap1_h1tg000313l_117394-117671:-_AC_1873_20934_hap1_h1tg000313l_118830-119096:-","EXON2","Core","Potential_coding_gene",0,0,0,0,267,0.267,467,1749.06367041198,0.0178167210496063,98169.7847511979,11.4944639424531,"AC"
"AC_1873_20934","Blood","AC_1873_20934_hap1_h1tg000313l_117394-117671:-_AC_1873_20934_hap1_h1tg000313l_118830-119096:-","EXON3","Core","Potential_coding_gene",0,0,0,0,278,0.278,467,1679.85611510791,0.0178167210496063,94285.3688078051,11.4540919068242,"AC"
"AC_1873_20934","Blood","AC_1873_20934_hap1_h1tg000313l_158441-158718:-_AC_1873_20934_hap1_h1tg000313l_159961-160227:-","EXON2","Core","Potential_coding_gene",0,0,0,0,267,0.267,411,1539.32584269663,0.0178167210496063,86397.8191279279,11.3667292871979,"AC"
"AC_1873_20934","Blood","AC_1873_20934_hap1_h1tg000313l_158441-158718:-_AC_1873_20934_hap1_h1tg000313l_159961-160227:-","EXON3","Core","Potential_coding_gene",0,0,0,0,278,0.278,411,1478.41726618705,0.0178167210496063,82979.2003854559,11.3263573087484,"AC"
"AC_1873_20934","Blood","AC_1873_20934_hap1_h1tg000313l_37217-37483:._AC_1873_20934_hap1_h1tg000313l_38897-39174:.","EXON2","Core","Potential_coding_gene",0,0,0,0,267,0.267,101,378.277153558052,0.0178167210496063,21231.5808562548,9.96329211378325,"AC"
"AC_1873_20934","Blood","AC_1873_20934_hap1_h1tg000313l_37217-37483:._AC_1873_20934_hap1_h1tg000313l_38897-39174:.","EXON3","Core","Potential_coding_gene",0,0,0,0,278,0.278,101,363.309352517986,0.0178167210496063,20391.4823331656,9.92292159883456,"AC"
"AC_1873_20934","Blood","AC_1873_20934_hap1_h1tg000313l_7392-7658:._AC_1873_20934_hap1_h1tg000313l_8709-8986:.","EXON2","Core","Potential_coding_gene",0,0,0,0,267,0.267,422,1580.52434456929,0.0178167210496063,88710.1695182131,11.3931410850396,"AC"
"AC_1873_20934","Blood","AC_1873_20934_hap1_h1tg000313l_7392-7658:._AC_1873_20934_hap1_h1tg000313l_8709-8986:.","EXON3","Core","Potential_coding_gene",0,0,0,0,278,0.278,422,1517.98561151079,0.0178167210496063,85200.0548969888,11.3527690941608,"AC"
"AC_1873_20934","Blood","AC_1873_20934_hap2_h2tg000156l_38951-39211:._AC_1873_20934_hap2_h2tg000156l_39466-39742:.","EXON2","Not_core","Potential_pseudogene",0,0,NA,NA,261,0.261,12,45.9770114942529,0.0178167210496063,2580.55404056904,7.85614683788678,"AC"
"AC_1873_20934","Blood","AC_1873_20934_hap2_h2tg000156l_38951-39211:._AC_1873_20934_hap2_h2tg000156l_39466-39742:.","EXON3","Not_core","Potential_pseudogene",2,0,NA,NA,277,0.277,12,43.3212996389892,0.0178167210496063,2431.49676746757,7.79667348516619,"AC"
"AC_1873_20934","Blood","AC_1873_20934_hap2_h2tg000156l_455520-455796:.","EXON3","Not_core","Potential_pseudogene",2,1,2,0,277,0.277,5,18.0505415162455,0.0178167210496063,1013.12365311149,6.92178012258565,"AC"
"AC_1873_20934","Blood","AC_1873_20934_hap2_h2tg000156l_495865-496131:._AC_1873_20934_hap2_h2tg000156l_497274-497551:.","EXON2","Not_core","Potential_coding_gene",0,0,0,0,267,0.267,12,44.9438202247191,0.0178167210496063,2522.56406212928,7.83342749167933,"AC"
"AC_1873_20934","Blood","AC_1873_20934_hap2_h2tg000156l_495865-496131:._AC_1873_20934_hap2_h2tg000156l_497274-497551:.","EXON3","Not_core","Potential_coding_gene",0,0,0,0,278,0.278,12,43.1654676258993,0.0178167210496063,2422.75037621769,7.79307136177818,"AC"
"AC_1873_20934","Blood","AC_1873_20934_hap2_h2tg000156l_503813-504052:.","EXON2","Not_core","Potential_coding_gene",0,0,NA,NA,240,0.24,6,25,0.0178167210496063,1403.17625955941,7.24720611770288,"AC"
"AC_1873_20934","Blood","AC_1873_20934_hap2_h2tg000156l_609134-609410:.","EXON3","Not_core","Potential_pseudogene",2,1,NA,NA,277,0.277,10,36.101083032491,0.0178167210496063,2026.24730622298,7.61443414503995,"AC"
"AC_1873_20934","Blood","AC_1873_20934_hap2_h2tg000615l_104489-104766:-_AC_1873_20934_hap2_h2tg000615l_105810-106076:-","EXON2","Core","Potential_coding_gene",0,0,0,0,267,0.267,145,543.071161048689,0.0178167210496063,30480.9824173955,10.3248910476264,"AC"
"AC_1873_20934","Blood","AC_1873_20934_hap2_h2tg000615l_104489-104766:-_AC_1873_20934_hap2_h2tg000615l_105810-106076:-","EXON3","Core","Potential_coding_gene",0,0,0,0,278,0.278,145,521.58273381295,0.0178167210496063,29274.9003792971,10.2845199439041,"AC"
"AC_1873_20934","Blood","AC_1873_20934_hap2_h2tg000615l_116936-117213:-_AC_1873_20934_hap2_h2tg000615l_118612-118878:-","EXON2","Core","Potential_coding_gene",0,0,0,0,267,0.267,432,1617.97752808989,0.0178167210496063,90812.3062366541,11.4165610983093,"AC"
"AC_1873_20934","Blood","AC_1873_20934_hap2_h2tg000615l_116936-117213:-_AC_1873_20934_hap2_h2tg000615l_118612-118878:-","EXON3","Core","Potential_coding_gene",0,0,0,0,278,0.278,432,1553.95683453237,0.0178167210496063,87219.0135438369,11.3761890966804,"AC"
"AC_1873_20934","Blood","AC_1873_20934_hap2_h2tg000615l_44278-44544:._AC_1873_20934_hap2_h2tg000615l_45703-45980:.","EXON2","Core","Potential_coding_gene",0,0,0,0,267,0.267,399,1494.38202247191,0.0178167210496063,83875.2550657986,11.3370978376887,"AC"
"AC_1873_20934","Blood","AC_1873_20934_hap2_h2tg000615l_44278-44544:._AC_1873_20934_hap2_h2tg000615l_45703-45980:.","EXON3","Core","Potential_coding_gene",0,0,0,0,278,0.278,399,1435.25179856115,0.0178167210496063,80556.4500092382,11.2967258735801,"AC"
"AC_1873_20946","Blood","AC_1873_20946_hap1_h1tg000135l_149184-149461:-_AC_1873_20946_hap1_h1tg000135l_150854-151120:-","EXON2","Core","Potential_coding_gene",0,0,NA,NA,267,0.267,290,1086.14232209738,0.0890205557533113,12201.0283232474,9.40935747290624,"AC"
"AC_1873_20946","Blood","AC_1873_20946_hap1_h1tg000135l_149184-149461:-_AC_1873_20946_hap1_h1tg000135l_150854-151120:-","EXON3","Core","Potential_coding_gene",0,0,NA,NA,278,0.278,290,1043.1654676259,0.0890205557533113,11718.2538212484,9.36898839397519,"AC"
"AC_1873_20946","Blood","AC_1873_20946_hap1_h1tg000135l_173729-174006:-_AC_1873_20946_hap1_h1tg000135l_175688-175954:-","EXON2","Core","Potential_coding_gene",0,0,NA,NA,267,0.267,563,2108.61423220974,0.0890205557533113,23686.8239516838,10.0727164377918,"AC"
"AC_1873_20946","Blood","AC_1873_20946_hap1_h1tg000135l_173729-174006:-_AC_1873_20946_hap1_h1tg000135l_175688-175954:-","EXON3","Core","Potential_coding_gene",0,0,NA,NA,278,0.278,563,2025.17985611511,0.0890205557533113,22749.5755219409,10.0323457217268,"AC"
"AC_1873_20946","Blood","AC_1873_20946_hap1_h1tg000135l_33156-33422:._AC_1873_20946_hap1_h1tg000135l_34403-34680:.","EXON2","Core","Potential_coding_gene",0,0,NA,NA,267,0.267,2554,9565.54307116105,0.0890205557533113,107453.194267496,11.5848199359063,"AC"
"AC_1873_20946","Blood","AC_1873_20946_hap1_h1tg000135l_33156-33422:._AC_1873_20946_hap1_h1tg000135l_34403-34680:.","EXON3","Core","Potential_coding_gene",0,0,NA,NA,278,0.278,2554,9187.05035971223,0.0890205557533113,103201.449170581,11.5444478640211,"AC"
"AC_1873_20946","Blood","AC_1873_20946_hap1_h1tg000135l_69457-69723:._AC_1873_20946_hap1_h1tg000135l_70767-71044:.","EXON2","Core","Potential_coding_gene",0,0,NA,NA,267,0.267,2526,9460.67415730337,0.0890205557533113,106275.163946631,11.5737963053818,"AC"
"AC_1873_20946","Blood","AC_1873_20946_hap1_h1tg000135l_69457-69723:._AC_1873_20946_hap1_h1tg000135l_70767-71044:.","EXON3","Core","Potential_coding_gene",0,0,NA,NA,278,0.278,2526,9086.3309352518,0.0890205557533113,102070.031560254,11.5334242377465,"AC"
"AC_1873_20946","Blood","AC_1873_20946_hap1_h1tg000198l_38245-38505:._AC_1873_20946_hap1_h1tg000198l_38760-39036:.","EXON2","Not_core","Potential_pseudogene",0,0,NA,NA,261,0.261,43,164.750957854406,0.0890205557533113,1850.70691213111,7.5238631478937,"AC"
"AC_1873_20946","Blood","AC_1873_20946_hap1_h1tg000198l_38245-38505:._AC_1873_20946_hap1_h1tg000198l_38760-39036:.","EXON3","Not_core","Potential_pseudogene",2,0,NA,NA,277,0.277,43,155.234657039711,0.0890205557533113,1743.80687388527,7.46439915452046,"AC"
"AC_1873_20946","Blood","AC_1873_20946_hap1_h1tg000198l_450328-450604:.","EXON3","Not_core","Potential_pseudogene",2,1,NA,NA,277,0.277,53,191.335740072202,0.0890205557533113,2149.34335618417,7.67338280892171,"AC"
"AC_1873_20946","Blood","AC_1873_20946_hap1_h1tg000198l_490679-490945:._AC_1873_20946_hap1_h1tg000198l_492088-492365:.","EXON2","Not_core","Potential_coding_gene",0,0,NA,NA,267,0.267,108,404.494382022472,0.0890205557533113,4543.83123762318,8.42174587448615,"AC"
"AC_1873_20946","Blood","AC_1873_20946_hap1_h1tg000198l_490679-490945:._AC_1873_20946_hap1_h1tg000198l_492088-492365:.","EXON3","Not_core","Potential_coding_gene",0,0,NA,NA,278,0.278,108,388.489208633093,0.0890205557533113,4364.03935412011,8.38138248406814,"AC"
"AC_1873_20946","Blood","AC_1873_20946_hap1_h1tg000198l_498627-498866:.","EXON2","Not_core","Potential_coding_gene",0,0,NA,NA,240,0.24,57,237.5,0.0890205557533113,2667.92313292389,7.88943034903621,"AC"
"AC_1873_20946","Blood","AC_1873_20946_hap1_h1tg000198l_603509-603785:.","EXON3","Not_core","Potential_pseudogene",2,1,NA,NA,277,0.277,24,86.6425992779783,0.0890205557533113,973.28755751736,6.88170649366039,"AC"
"AC_1873_20946","Blood","AC_1873_20946_hap2_h2tg000185l_38991-39251:._AC_1873_20946_hap2_h2tg000185l_39506-39782:.","EXON2","Not_core","Potential_pseudogene",0,0,NA,NA,261,0.261,31,118.773946360153,0.0890205557533113,1334.23056455964,7.19685926345743,"AC"
"AC_1873_20946","Blood","AC_1873_20946_hap2_h2tg000185l_38991-39251:._AC_1873_20946_hap2_h2tg000185l_39506-39782:.","EXON3","Not_core","Potential_pseudogene",2,0,NA,NA,277,0.277,31,111.913357400722,0.0890205557533113,1257.16309512659,7.13740807522156,"AC"
"AC_1873_20946","Blood","AC_1873_20946_hap2_h2tg000185l_464297-464573:.","EXON3","Not_core","Potential_pseudogene",2,1,NA,NA,277,0.277,20,72.2021660649819,0.0890205557533113,811.0729645978,6.69959019400376,"AC"
"AC_1873_20946","Blood","AC_1873_20946_hap2_h2tg000185l_504640-504906:._AC_1873_20946_hap2_h2tg000185l_506050-506327:.","EXON2","Not_core","Potential_coding_gene",0,0,NA,NA,267,0.267,28,104.868913857678,0.0890205557533113,1178.03032086527,7.07244761764966,"AC"
"AC_1873_20946","Blood","AC_1873_20946_hap2_h2tg000185l_504640-504906:._AC_1873_20946_hap2_h2tg000185l_506050-506327:.","EXON3","Not_core","Potential_coding_gene",0,0,NA,NA,278,0.278,28,100.719424460432,0.0890205557533113,1131.41761032743,7.03211010444801,"AC"
"AC_1873_20946","Blood","AC_1873_20946_hap2_h2tg000185l_512593-512832:.","EXON2","Not_core","Potential_coding_gene",0,0,NA,NA,240,0.24,17,70.8333333333333,0.0890205557533113,795.6963729773,6.68047364381828,"AC"
"AC_1873_20946","Blood","AC_1873_20946_hap2_h2tg000185l_618542-618818:.","EXON3","Not_core","Potential_pseudogene",2,1,NA,NA,277,0.277,9,32.4909747292419,0.0890205557533113,364.98283406901,5.90258643085067,"AC"
"AC_1873_20946","Blood","AC_1873_20946_hap2_h2tg000265l_136107-136373:._AC_1873_20946_hap2_h2tg000265l_137465-137742:.","EXON2","Core","Potential_coding_gene",0,0,NA,NA,267,0.267,1419,5314.60674157303,0.0890205557533113,59700.8937609935,10.9971190201673,"AC"
"AC_1873_20946","Blood","AC_1873_20946_hap2_h2tg000265l_136107-136373:._AC_1873_20946_hap2_h2tg000265l_137465-137742:.","EXON3","Core","Potential_coding_gene",0,0,NA,NA,278,0.278,1419,5104.31654676259,0.0890205557533113,57338.6281805225,10.9567472549469,"AC"
"AC_1873_20946","Blood","AC_1873_20946_hap2_h2tg000265l_197184-197461:-_AC_1873_20946_hap2_h2tg000265l_198453-198719:-","EXON2","Core","Potential_coding_gene",0,0,NA,NA,267,0.267,870,3258.42696629213,0.0890205557533113,36603.0849697423,10.5079151243565,"AC"
"AC_1873_20946","Blood","AC_1873_20946_hap2_h2tg000265l_197184-197461:-_AC_1873_20946_hap2_h2tg000265l_198453-198719:-","EXON3","Core","Potential_coding_gene",0,0,NA,NA,278,0.278,870,3129.4964028777,0.0890205557533113,35154.7614637453,10.467543794582,"AC"
"AC_1873_20946","Blood","AC_1873_20946_hap2_h2tg000265l_210797-211074:-_AC_1873_20946_hap2_h2tg000265l_212274-212540:-","EXON2","Core","Potential_coding_gene",0,0,NA,NA,267,0.267,333,1247.19101123595,0.0890205557533113,14010.1463160048,9.54760845725474,"AC"
"AC_1873_20946","Blood","AC_1873_20946_hap2_h2tg000265l_210797-211074:-_AC_1873_20946_hap2_h2tg000265l_212274-212540:-","EXON3","Core","Potential_coding_gene",0,0,NA,NA,278,0.278,333,1197.84172661871,0.0890205557533113,13455.788008537,9.50723894236911,"AC"
"AC_1873_20946","Blood","AC_1873_20946_hap2_h2tg000265l_97886-98152:._AC_1873_20946_hap2_h2tg000265l_99311-99588:.","EXON2","Core","Potential_coding_gene",0,0,NA,NA,267,0.267,3264,12224.7191011236,0.0890205557533113,137324.677403723,11.8301105910494,"AC"
"AC_1873_20946","Blood","AC_1873_20946_hap2_h2tg000265l_97886-98152:._AC_1873_20946_hap2_h2tg000265l_99311-99588:.","EXON3","Core","Potential_coding_gene",0,0,NA,NA,278,0.278,3264,11741.0071942446,0.0890205557533113,131890.967146741,11.7897384357647,"AC"
"AC_1873_20954","Blood","AC_1873_20954_hap1_h1tg000179l_34943-35203:._AC_1873_20954_hap1_h1tg000179l_35458-35734:.","EXON2","Not_core","Potential_pseudogene",0,0,NA,NA,261,0.261,15,57.4712643678161,0.0211103066304666,2722.42679245942,7.90964621651365,"AC"
"AC_1873_20954","Blood","AC_1873_20954_hap1_h1tg000179l_34943-35203:._AC_1873_20954_hap1_h1tg000179l_35458-35734:.","EXON3","Not_core","Potential_pseudogene",2,0,NA,NA,277,0.277,15,54.1516245487365,0.0211103066304666,2565.17470336429,7.85017162678794,"AC"
"AC_1873_20954","Blood","AC_1873_20954_hap1_h1tg000179l_451512-451788:.","EXON3","Not_core","Potential_pseudogene",2,1,2,0,277,0.277,21,75.812274368231,0.0211103066304666,3591.24458471001,8.18653251861566,"AC"
"AC_1873_20954","Blood","AC_1873_20954_hap1_h1tg000179l_491857-492123:._AC_1873_20954_hap1_h1tg000179l_493266-493543:.","EXON2","Not_core","Potential_coding_gene",0,0,0,0,267,0.267,34,127.340823970037,0.0211103066304666,6032.16363452806,8.70502680131644,"AC"
"AC_1873_20954","Blood","AC_1873_20954_hap1_h1tg000179l_491857-492123:._AC_1873_20954_hap1_h1tg000179l_493266-493543:.","EXON3","Not_core","Potential_coding_gene",0,0,0,0,278,0.278,34,122.302158273381,0.0211103066304666,5793.48090078774,8.66466117467578,"AC"
"AC_1873_20954","Blood","AC_1873_20954_hap1_h1tg000179l_499805-500044:.","EXON2","Not_core","Potential_coding_gene",0,0,NA,NA,240,0.24,20,83.3333333333333,0.0211103066304666,3947.51884906616,8.28109581265453,"AC"
"AC_1873_20954","Blood","AC_1873_20954_hap1_h1tg000179l_605133-605409:.","EXON3","Not_core","Potential_pseudogene",2,1,NA,NA,277,0.277,7,25.2707581227437,0.0211103066304666,1197.08152823667,7.08847682997978,"AC"
"AC_1873_20954","Blood","AC_1873_20954_hap1_h1tg000258l_104418-104684:._AC_1873_20954_hap1_h1tg000258l_105644-105921:.","EXON2","Core","Potential_coding_gene",0,0,0,0,267,0.267,485,1816.47940074906,0.0211103066304666,86047.040080768,11.3626610248639,"AC"
"AC_1873_20954","Blood","AC_1873_20954_hap1_h1tg000258l_104418-104684:._AC_1873_20954_hap1_h1tg000258l_105644-105921:.","EXON3","Core","Potential_coding_gene",0,0,0,0,278,0.278,485,1744.60431654676,0.0211103066304666,82642.3010847664,11.3222890483583,"AC"
"AC_1873_20954","Blood","AC_1873_20954_hap1_h1tg000258l_58104-58370:._AC_1873_20954_hap1_h1tg000258l_59843-60120:.","EXON2","Core","Potential_coding_gene",0,0,0,0,267,0.267,504,1887.6404494382,0.0211103066304666,89417.9550530042,11.4010879638888,"AC"
"AC_1873_20954","Blood","AC_1873_20954_hap1_h1tg000258l_58104-58370:._AC_1873_20954_hap1_h1tg000258l_59843-60120:.","EXON3","Core","Potential_coding_gene",0,0,0,0,278,0.278,504,1812.94964028777,0.0211103066304666,85879.8345293242,11.360715969334,"AC"
"AC_1873_20954","Blood","AC_1873_20954_hap2_h2tg000203l_34945-35205:._AC_1873_20954_hap2_h2tg000203l_35460-35736:.","EXON2","Not_core","Potential_pseudogene",0,0,NA,NA,261,0.261,11,42.1455938697318,0.0211103066304666,1996.44631447024,7.59962480091892,"AC"
"AC_1873_20954","Blood","AC_1873_20954_hap2_h2tg000203l_34945-35205:._AC_1873_20954_hap2_h2tg000203l_35460-35736:.","EXON3","Not_core","Potential_pseudogene",2,0,NA,NA,277,0.277,11,39.7111913357401,0.0211103066304666,1881.12811580048,7.54015839211131,"AC"
"AC_1873_20954","Blood","AC_1873_20954_hap2_h2tg000203l_447035-447311:.","EXON3","Not_core","Potential_pseudogene",2,1,2,0,277,0.277,27,97.4729241877256,0.0211103066304666,4617.31446605572,8.43778508332053,"AC"
"AC_1873_20954","Blood","AC_1873_20954_hap2_h2tg000203l_487386-487652:._AC_1873_20954_hap2_h2tg000203l_488795-489072:.","EXON2","Not_core","Potential_coding_gene",0,0,0,0,267,0.267,54,202.247191011236,0.0211103066304666,9580.49518425045,9.16758893229928,"AC"
"AC_1873_20954","Blood","AC_1873_20954_hap2_h2tg000203l_487386-487652:._AC_1873_20954_hap2_h2tg000203l_488795-489072:.","EXON3","Not_core","Potential_coding_gene",0,0,0,0,278,0.278,54,194.244604316547,0.0211103066304666,9201.41084242759,9.12722077679848,"AC"
"AC_1873_20954","Blood","AC_1873_20954_hap2_h2tg000203l_495334-495573:.","EXON2","Not_core","Potential_coding_gene",0,0,NA,NA,240,0.24,31,129.166666666667,0.0211103066304666,6118.65421605255,8.71926087326514,"AC"
"AC_1873_20954","Blood","AC_1873_20954_hap2_h2tg000203l_600195-600471:.","EXON3","Not_core","Potential_pseudogene",2,1,NA,NA,277,0.277,14,50.5415162454874,0.0211103066304666,2394.16305647334,7.78120658956234,"AC"
"AC_1873_20954","Blood","AC_1873_20954_hap2_h2tg000615l_11415-11678:._AC_1873_20954_hap2_h2tg000615l_12722-12999:.","EXON2","Core","Potential_coding_gene",0,0,1,0,264,0.264,326,1234.84848484848,0.0211103066304666,58495.0520361622,10.9767145443813,"AC"
"AC_1873_20954","Blood","AC_1873_20954_hap2_h2tg000615l_11415-11678:._AC_1873_20954_hap2_h2tg000615l_12722-12999:.","EXON3","Core","Potential_coding_gene",0,0,1,0,278,0.278,326,1172.6618705036,0.0211103066304666,55549.2580487296,10.9250434403987,"AC"
"AC_1873_20954","Blood","AC_1873_20954_hap2_h2tg000615l_121408-121685:-_AC_1873_20954_hap2_h2tg000615l_122844-123110:-","EXON2","Core","Potential_coding_gene",0,0,0,0,267,0.267,491,1838.95131086142,0.0211103066304666,87111.5395456847,11.3749561197078,"AC"
"AC_1873_20954","Blood","AC_1873_20954_hap2_h2tg000615l_121408-121685:-_AC_1873_20954_hap2_h2tg000615l_122844-123110:-","EXON3","Core","Potential_coding_gene",0,0,0,0,278,0.278,491,1766.18705035971,0.0211103066304666,83664.6800672583,11.3345841373515,"AC"
"AC_1873_20954","Blood","AC_1873_20954_hap2_h2tg000615l_162455-162732:-_AC_1873_20954_hap2_h2tg000615l_163975-164241:-","EXON2","Core","Potential_coding_gene",0,0,0,0,267,0.267,640,2397.00374531835,0.0211103066304666,113546.609591116,11.6399774957147,"AC"
"AC_1873_20954","Blood","AC_1873_20954_hap2_h2tg000615l_162455-162732:-_AC_1873_20954_hap2_h2tg000615l_163975-164241:-","EXON3","Core","Potential_coding_gene",0,0,0,0,278,0.278,640,2302.15827338129,0.0211103066304666,109053.758132475,11.5996054032545,"AC"
"AC_1873_20954","Blood","AC_1873_20954_hap2_h2tg000615l_41230-41496:._AC_1873_20954_hap2_h2tg000615l_42910-43187:.","EXON2","Core","Potential_coding_gene",0,0,0,0,267,0.267,250,936.329588014981,0.0211103066304666,44354.1443715299,10.6999839758593,"AC"
"AC_1873_20954","Blood","AC_1873_20954_hap2_h2tg000615l_41230-41496:._AC_1873_20954_hap2_h2tg000615l_42910-43187:.","EXON3","Core","Potential_coding_gene",0,0,0,0,278,0.278,250,899.280575539568,0.0211103066304666,42599.1242704981,10.6596124494011,"AC"
"AC_1873_20970","Blood","AC_1873_20970_hap1_h1tg000188l_1820167-1820443:-","EXON3","Not_core","Potential_pseudogene",2,1,0,0,277,0.277,8,28.8808664259928,0.0307074326351794,940.517130465212,6.84749254279649,"AC"
"AC_1873_20970","Blood","AC_1873_20970_hap1_h1tg000188l_1925515-1925754:-","EXON2","Not_core","Potential_coding_gene",0,0,0,0,240,0.24,30,125,0.0307074326351794,4070.67570529475,8.31180991490536,"AC"
"AC_1873_20970","Blood","AC_1873_20970_hap1_h1tg000188l_1932016-1932293:-_AC_1873_20970_hap1_h1tg000188l_1933436-1933702:-","EXON2","Not_core","Potential_coding_gene",0,0,0,0,267,0.267,42,157.303370786517,0.0307074326351794,5122.64807857316,8.54162197966133,"AC"
"AC_1873_20970","Blood","AC_1873_20970_hap1_h1tg000188l_1932016-1932293:-_AC_1873_20970_hap1_h1tg000188l_1933436-1933702:-","EXON3","Not_core","Potential_coding_gene",0,0,0,0,278,0.278,42,151.079136690647,0.0307074326351794,4919.95337042818,8.50125756519178,"AC"
"AC_1873_20970","Blood","AC_1873_20970_hap1_h1tg000188l_1973773-1974049:-","EXON3","Not_core","Potential_pseudogene",2,1,NA,NA,277,0.277,21,75.812274368231,0.0307074326351794,2468.85746747118,7.81191572247974,"AC"
"AC_1873_20970","Blood","AC_1873_20970_hap1_h1tg000188l_2389853-2390129:-_AC_1873_20970_hap1_h1tg000188l_2390384-2390644:-","EXON2","Not_core","Potential_pseudogene",0,0,NA,NA,261,0.261,6,22.9885057471264,0.0307074326351794,748.63001476685,6.61957977116695,"AC"
"AC_1873_20970","Blood","AC_1873_20970_hap1_h1tg000188l_2389853-2390129:-_AC_1873_20970_hap1_h1tg000188l_2390384-2390644:-","EXON3","Not_core","Potential_pseudogene",2,0,NA,NA,277,0.277,6,21.6606498194946,0.0307074326351794,705.387847848909,6.56016444620988,"AC"
"AC_1873_20970","Blood","AC_1873_20970_hap1_h1tg000348l_104549-104826:-_AC_1873_20970_hap1_h1tg000348l_105918-106184:-","EXON2","Core","Potential_coding_gene",0,0,1,0,267,0.267,158,591.760299625468,0.0307074326351794,19270.9142003467,9.86640409224799,"AC"
"AC_1873_20970","Blood","AC_1873_20970_hap1_h1tg000348l_104549-104826:-_AC_1873_20970_hap1_h1tg000348l_105918-106184:-","EXON3","Core","Potential_coding_gene",0,0,1,0,278,0.278,158,568.345323741007,0.0307074326351794,18508.3960125632,9.82603377470362,"AC"
"AC_1873_20970","Blood","AC_1873_20970_hap1_h1tg000348l_139627-139904:-_AC_1873_20970_hap1_h1tg000348l_140924-141190:-","EXON2","Core","Potential_coding_gene",0,0,1,0,267,0.267,84,314.606741573034,0.0307074326351794,10245.2961571463,9.23467156874141,"AC"
"AC_1873_20970","Blood","AC_1873_20970_hap1_h1tg000348l_139627-139904:-_AC_1873_20970_hap1_h1tg000348l_140924-141190:-","EXON3","Core","Potential_coding_gene",0,0,1,0,278,0.278,84,302.158273381295,0.0307074326351794,9839.90674085637,9.1943031342619,"AC"
"AC_1873_20970","Blood","AC_1873_20970_hap1_h1tg000348l_157937-158214:-_AC_1873_20970_hap1_h1tg000348l_159688-159954:-","EXON2","Core","Potential_coding_gene",0,0,0,0,267,0.267,231,865.168539325843,0.0307074326351794,28174.5644321524,10.2462103717917,"AC"
"AC_1873_20970","Blood","AC_1873_20970_hap1_h1tg000348l_157937-158214:-_AC_1873_20970_hap1_h1tg000348l_159688-159954:-","EXON3","Core","Potential_coding_gene",0,0,0,0,278,0.278,231,830.935251798561,0.0307074326351794,27059.743537355,10.205839378707,"AC"
"AC_1873_20970","Blood","AC_1873_20970_hap1_h1tg000348l_182568-182845:-_AC_1873_20970_hap1_h1tg000348l_183789-184055:-","EXON2","Core","Potential_coding_gene",0,0,1,0,267,0.267,730,2734.08239700374,0.0307074326351794,89036.5023180574,11.3968129343212,"AC"
"AC_1873_20970","Blood","AC_1873_20970_hap1_h1tg000348l_182568-182845:-_AC_1873_20970_hap1_h1tg000348l_183789-184055:-","EXON3","Core","Potential_coding_gene",0,0,1,0,278,0.278,730,2625.89928057554,0.0307074326351794,85513.4752479184,11.3564409417403,"AC"
"AC_1873_20970","Blood","AC_1873_20970_hap1_h1tg000348l_215293-215570:-_AC_1873_20970_hap1_h1tg000348l_217043-217309:-","EXON2","Core","Potential_coding_gene",0,0,1,0,267,0.267,327,1224.7191011236,0.0307074326351794,39883.4743260339,10.5937424125175,"AC"
"AC_1873_20970","Blood","AC_1873_20970_hap1_h1tg000348l_215293-215570:-_AC_1873_20970_hap1_h1tg000348l_217043-217309:-","EXON3","Core","Potential_coding_gene",0,0,1,0,278,0.278,327,1176.25899280576,0.0307074326351794,38305.3512411909,10.5533709901724,"AC"
"AC_1873_20970","Blood","AC_1873_20970_hap1_h1tg000348l_70118-70395:-_AC_1873_20970_hap1_h1tg000348l_71355-71621:-","EXON2","Core","Potential_coding_gene",0,0,0,0,267,0.267,119,445.692883895131,0.0307074326351794,14514.1695559573,9.58294955782056,"AC"
"AC_1873_20970","Blood","AC_1873_20970_hap1_h1tg000348l_70118-70395:-_AC_1873_20970_hap1_h1tg000348l_71355-71621:-","EXON3","Core","Potential_coding_gene",0,0,0,0,278,0.278,119,428.057553956835,0.0307074326351794,13939.8678828799,9.54257994083277,"AC"
"AC_1873_20970","Blood","AC_1873_20970_hap2_h2tg000247l_367911-368187:.","EXON3","Not_core","Potential_pseudogene",2,1,2,0,277,0.277,18,64.9819494584838,0.0307074326351794,2116.16354354673,7.65783252065304,"AC"
"AC_1873_20970","Blood","AC_1873_20970_hap2_h2tg000247l_408252-408518:._AC_1873_20970_hap2_h2tg000247l_409662-409939:.","EXON2","Not_core","Potential_coding_gene",0,0,NA,NA,267,0.267,40,149.812734082397,0.0307074326351794,4878.71245578397,8.49284157411608,"AC"
"AC_1873_20970","Blood","AC_1873_20970_hap2_h2tg000247l_408252-408518:._AC_1873_20970_hap2_h2tg000247l_409662-409939:.","EXON3","Not_core","Potential_coding_gene",0,0,0,0,278,0.278,40,143.884892086331,0.0307074326351794,4685.66987659827,8.45247756160348,"AC"
"AC_1873_20970","Blood","AC_1873_20970_hap2_h2tg000247l_416211-416450:.","EXON2","Not_core","Potential_coding_gene",0,0,NA,NA,240,0.24,29,120.833333333333,0.0307074326351794,3934.98651511826,8.27791683212925,"AC"
"AC_1873_20970","Blood","AC_1873_20970_hap2_h2tg000247l_522036-522312:.","EXON3","Not_core","Potential_pseudogene",2,1,NA,NA,277,0.277,5,18.0505415162455,0.0307074326351794,587.823206540758,6.37812597992052,"AC"
"AC_1873_20970","Blood","AC_1873_20970_hap2_h2tg000444l_123298-123575:-_AC_1873_20970_hap2_h2tg000444l_124519-124785:-","EXON2","Core","Potential_coding_gene",0,0,1,0,267,0.267,405,1516.85393258427,0.0307074326351794,49396.9636148127,10.8076644799541,"AC"
"AC_1873_20970","Blood","AC_1873_20970_hap2_h2tg000444l_123298-123575:-_AC_1873_20970_hap2_h2tg000444l_124519-124785:-","EXON3","Core","Potential_coding_gene",0,0,1,0,278,0.278,405,1456.8345323741,0.0307074326351794,47442.4075005575,10.7672928586756,"AC"
"AC_1873_20970","Blood","AC_1873_20970_hap2_h2tg000444l_156023-156300:-_AC_1873_20970_hap2_h2tg000444l_157773-158039:-","EXON2","Core","Potential_coding_gene",0,0,1,0,267,0.267,302,1131.0861423221,0.0307074326351794,36834.2790411689,10.5142113345238,"AC"
"AC_1873_20970","Blood","AC_1873_20970_hap2_h2tg000444l_156023-156300:-_AC_1873_20970_hap2_h2tg000444l_157773-158039:-","EXON3","Core","Potential_coding_gene",0,0,1,0,278,0.278,302,1086.3309352518,0.0307074326351794,35376.8075683169,10.4738399976851,"AC"
"AC_1873_20970","Blood","AC_1873_20970_hap2_h2tg000444l_38312-38578:._AC_1873_20970_hap2_h2tg000444l_39837-40114:.","EXON2","Core","Potential_coding_gene",0,0,0,0,267,0.267,421,1576.77902621723,0.0307074326351794,51348.4485971263,10.846409477171,"AC"
"AC_1873_20970","Blood","AC_1873_20970_hap2_h2tg000444l_38312-38578:._AC_1873_20970_hap2_h2tg000444l_39837-40114:.","EXON3","Core","Potential_coding_gene",0,0,0,0,278,0.278,421,1514.38848920863,0.0307074326351794,49316.6754511968,10.8060378241967,"AC"
"AC_1873_20970","Blood","AC_1873_20970_hap2_h2tg000444l_66481-66758:-_AC_1873_20970_hap2_h2tg000444l_67862-68128:-","EXON2","Core","Potential_coding_gene",0,0,1,0,267,0.267,833,3119.85018726592,0.0307074326351794,101599.186891701,11.5288006536101,"AC"
"AC_1873_20970","Blood","AC_1873_20970_hap2_h2tg000444l_66481-66758:-_AC_1873_20970_hap2_h2tg000444l_67862-68128:-","EXON3","Core","Potential_coding_gene",0,0,1,0,278,0.278,833,2996.40287769784,0.0307074326351794,97579.075180159,11.4884286038159,"AC"
"AC_1873_20970","Blood","AC_1873_20970_hap2_h2tg000444l_95052-95329:-_AC_1873_20970_hap2_h2tg000444l_96325-96591:-","EXON2","Core","Potential_coding_gene",0,0,0,0,267,0.267,421,1576.77902621723,0.0307074326351794,51348.4485971263,10.846409477171,"AC"
"AC_1873_20970","Blood","AC_1873_20970_hap2_h2tg000444l_95052-95329:-_AC_1873_20970_hap2_h2tg000444l_96325-96591:-","EXON3","Core","Potential_coding_gene",0,0,0,0,278,0.278,421,1514.38848920863,0.0307074326351794,49316.6754511968,10.8060378241967,"AC"
"AC_1873_20970","Blood","AC_1873_20970_hap2_h2tg000792l_36331-36591:._AC_1873_20970_hap2_h2tg000792l_36846-37122:.","EXON2","Not_core","Potential_pseudogene",0,0,NA,NA,261,0.261,4,15.3256704980843,0.0307074326351794,499.086676511233,6.21478143642076,"AC"
"AC_1873_20970","Blood","AC_1873_20970_hap2_h2tg000792l_36331-36591:._AC_1873_20970_hap2_h2tg000792l_36846-37122:.","EXON3","Not_core","Potential_pseudogene",2,0,NA,NA,277,0.277,4,14.4404332129964,0.0307074326351794,470.258565232606,6.15540691415695,"AC"
